control,step,particle,x,y,remaining,distance_to_absorber,membrane_clearance
guiding,0,0,-3.484000,0.200000,0.400000,3.684869,2.355550
guiding,0,1,-3.784000,0.200000,0.400000,3.969717,2.646146
guiding,0,2,-4.084000,0.200000,0.400000,4.256649,2.938633
guiding,0,3,-4.384000,0.200000,0.400000,4.545268,3.232497
guiding,0,4,-4.684000,0.200000,0.400000,4.835272,3.527394
guiding,0,5,-4.984000,0.200000,0.400000,5.126428,3.823086
guiding,0,6,-3.484000,0.260000,0.400000,3.704842,2.340470
guiding,0,7,-3.784000,0.260000,0.400000,3.988265,2.632731
guiding,0,8,-4.084000,0.260000,0.400000,4.273951,2.926559
guiding,0,9,-4.384000,0.260000,0.400000,4.561475,3.221525
guiding,0,10,-4.684000,0.260000,0.400000,4.850511,3.517342
guiding,0,11,-4.984000,0.260000,0.400000,5.140803,3.813813
guiding,0,12,-3.484000,0.320000,0.400000,3.725675,2.326840
guiding,0,13,-3.784000,0.320000,0.400000,4.007625,2.620622
guiding,0,14,-4.084000,0.320000,0.400000,4.292022,2.915670
guiding,0,15,-4.384000,0.320000,0.400000,4.578412,3.211636
guiding,0,16,-4.684000,0.320000,0.400000,4.866442,3.508287
guiding,0,17,-4.984000,0.320000,0.400000,5.155837,3.805464
guiding,0,18,-3.484000,0.380000,0.400000,3.747353,2.314686
guiding,0,19,-3.784000,0.380000,0.400000,4.027785,2.609836
guiding,0,20,-4.084000,0.380000,0.400000,4.310853,2.905980
guiding,0,21,-4.384000,0.380000,0.400000,4.596070,3.202842
guiding,0,22,-4.684000,0.380000,0.400000,4.883058,3.500238
guiding,0,23,-4.984000,0.380000,0.400000,5.171524,3.798044
guiding,10,0,-3.324000,0.200000,0.400000,3.533974,2.201596
guiding,10,1,-3.624000,0.200000,0.400000,3.817509,2.490883
guiding,10,2,-3.924001,0.200000,0.400000,4.103387,2.782442
guiding,10,3,-4.224002,0.200000,0.400000,4.391150,3.075624
guiding,10,4,-4.524002,0.200000,0.400000,4.680448,3.370006
guiding,10,5,-4.824002,0.200000,0.400000,4.971016,3.665299
guiding,10,6,-3.324000,0.260000,0.400000,3.554796,2.185455
guiding,10,7,-3.624000,0.260000,0.400000,3.836792,2.476628
guiding,10,8,-3.924001,0.260000,0.400000,4.121333,2.769687
guiding,10,9,-4.224002,0.260000,0.400000,4.407924,3.064090
guiding,10,10,-4.524002,0.260000,0.400000,4.696189,3.359483
guiding,10,11,-4.824002,0.260000,0.400000,4.985840,3.655626
guiding,10,12,-3.324000,0.320000,0.400000,3.576503,2.170852
guiding,10,13,-3.624000,0.320000,0.400000,3.856912,2.463751
guiding,10,14,-3.924001,0.320000,0.400000,4.140070,2.758179
guiding,10,15,-4.224002,0.320000,0.400000,4.425448,3.053692
guiding,10,16,-4.524002,0.320000,0.400000,4.712642,3.350001
guiding,10,17,-4.824002,0.320000,0.400000,5.001339,3.646914
guiding,10,18,-3.324000,0.380000,0.400000,3.599080,2.157819
guiding,10,19,-3.624000,0.380000,0.400000,3.877857,2.452276
guiding,10,20,-3.924001,0.380000,0.400000,4.159589,2.747933
guiding,10,21,-4.224002,0.380000,0.400000,4.443714,3.044441
guiding,10,22,-4.524002,0.380000,0.400000,4.729799,3.341570
guiding,10,23,-4.824002,0.380000,0.400000,5.017509,3.639172
guiding,20,0,-3.163999,0.200000,0.400000,3.383917,2.048570
guiding,20,1,-3.463999,0.200000,0.400000,3.665964,2.336260
guiding,20,2,-3.764001,0.200000,0.400000,3.950658,2.626708
guiding,20,3,-4.064004,0.200000,0.400000,4.237468,2.919091
guiding,20,4,-4.364004,0.200000,0.400000,4.525984,3.212875
guiding,20,5,-4.664004,0.200000,0.400000,4.815905,3.507712
guiding,20,6,-3.163999,0.260000,0.400000,3.405656,2.031213
guiding,20,7,-3.463999,0.260000,0.400000,3.686040,2.321055
guiding,20,8,-3.764001,0.260000,0.400000,3.969295,2.613193
guiding,20,9,-4.064004,0.260000,0.400000,4.254848,2.906935
guiding,20,10,-4.364004,0.260000,0.400000,4.542261,3.201835
guiding,20,11,-4.664004,0.260000,0.400000,4.831204,3.497603
guiding,20,12,-3.163999,0.320000,0.400000,3.428307,2.015492
guiding,20,13,-3.463999,0.320000,0.400000,3.706979,2.307311
guiding,20,14,-3.764001,0.320000,0.400000,3.988747,2.600993
guiding,20,15,-4.064004,0.320000,0.400000,4.273000,2.895973
guiding,20,16,-4.364004,0.320000,0.400000,4.559269,3.191886
guiding,20,17,-4.664004,0.320000,0.400000,4.847199,3.488497
guiding,20,18,-3.163999,0.380000,0.400000,3.451853,2.001448
guiding,20,19,-3.463999,0.380000,0.400000,3.728765,2.295053
guiding,20,20,-3.764001,0.380000,0.400000,4.009003,2.590125
guiding,20,21,-4.064004,0.380000,0.400000,4.291914,2.886216
guiding,20,22,-4.364004,0.380000,0.400000,4.577000,3.183036
guiding,20,23,-4.664004,0.380000,0.400000,4.863881,3.480402
guiding,30,0,-3.003999,0.200000,0.400000,3.234812,1.896695
guiding,30,1,-3.303999,0.200000,0.400000,3.515168,2.182413
guiding,30,2,-3.604000,0.200000,0.400000,3.798528,2.471519
guiding,30,3,-3.904005,0.200000,0.400000,4.084269,2.762952
guiding,30,4,-4.204006,0.200000,0.400000,4.371918,3.056041
guiding,30,5,-4.504006,0.200000,0.400000,4.661124,3.350353
guiding,30,6,-3.003999,0.260000,0.400000,3.257547,1.877934
guiding,30,7,-3.303999,0.260000,0.400000,3.536101,2.166128
guiding,30,8,-3.604000,0.260000,0.400000,3.817908,2.457151
guiding,30,9,-3.904005,0.260000,0.400000,4.102299,2.750107
guiding,30,10,-4.204006,0.260000,0.400000,4.388766,3.044433
guiding,30,11,-4.504006,0.260000,0.400000,4.676930,3.339768
guiding,30,12,-3.003999,0.320000,0.400000,3.281221,1.860920
guiding,30,13,-3.303999,0.320000,0.400000,3.557922,2.151394
guiding,30,14,-3.604000,0.320000,0.400000,3.838127,2.444172
guiding,30,15,-3.904005,0.320000,0.400000,4.121123,2.738517
guiding,30,16,-4.204006,0.320000,0.400000,4.406367,3.033967
guiding,30,17,-4.504006,0.320000,0.400000,4.693450,3.330231
guiding,30,18,-3.003999,0.380000,0.400000,3.305815,1.845700
guiding,30,19,-3.303999,0.380000,0.400000,3.580616,2.138242
guiding,30,20,-3.604000,0.380000,0.400000,3.859173,2.432604
guiding,30,21,-3.904005,0.380000,0.400000,4.140731,2.728197
guiding,30,22,-4.204006,0.380000,0.400000,4.424711,3.024656
guiding,30,23,-4.504006,0.380000,0.400000,4.710677,3.321750
guiding,40,0,-2.843999,0.200000,0.400000,3.086799,1.746272
guiding,40,1,-3.143999,0.200000,0.400000,3.365223,2.029517
guiding,40,2,-3.444000,0.200000,0.400000,3.647072,2.316985
guiding,40,3,-3.744005,0.200000,0.400000,3.931612,2.607281
guiding,40,4,-4.044008,0.200000,0.400000,4.218294,2.899554
guiding,40,5,-4.344008,0.200000,0.400000,4.506707,3.193257
guiding,40,6,-2.843999,0.260000,0.400000,3.110615,1.725877
guiding,40,7,-3.143999,0.260000,0.400000,3.387082,2.011995
guiding,40,8,-3.444000,0.260000,0.400000,3.667252,2.301652
guiding,40,9,-3.744005,0.260000,0.400000,3.950338,2.593666
guiding,40,10,-4.044008,0.260000,0.400000,4.235753,2.887317
guiding,40,11,-4.344008,0.260000,0.400000,4.523053,3.182150
guiding,40,12,-2.843999,0.320000,0.400000,3.135399,1.707348
guiding,40,13,-3.143999,0.320000,0.400000,3.409857,1.996123
guiding,40,14,-3.444000,0.320000,0.400000,3.688297,2.287791
guiding,40,15,-3.744005,0.320000,0.400000,3.969883,2.581373
guiding,40,16,-4.044008,0.320000,0.400000,4.253987,2.876279
guiding,40,17,-4.344008,0.320000,0.400000,4.540133,3.172138
guiding,40,18,-2.843999,0.380000,0.400000,3.161128,1.690746
guiding,40,19,-3.143999,0.380000,0.400000,3.433530,1.981942
guiding,40,20,-3.444000,0.380000,0.400000,3.710193,2.275428
guiding,40,21,-3.744005,0.380000,0.400000,3.990234,2.570422
guiding,40,22,-4.044008,0.380000,0.400000,4.272985,2.866456
guiding,40,23,-4.344008,0.380000,0.400000,4.557939,3.163234
guiding,50,0,-2.683998,0.200000,0.400000,2.940042,1.597710
guiding,50,1,-2.983998,0.200000,0.400000,3.216247,1.877805
guiding,50,2,-3.284000,0.200000,0.400000,3.496377,2.163245
guiding,50,3,-3.584004,0.200000,0.400000,3.779562,2.452168
guiding,50,4,-3.884008,0.200000,0.400000,4.065159,2.743469
guiding,50,5,-4.184011,0.200000,0.400000,4.352694,3.036464
guiding,50,6,-2.683998,0.260000,0.400000,2.965037,1.575393
guiding,50,7,-2.983998,0.260000,0.400000,3.239112,1.858854
guiding,50,8,-3.284000,0.260000,0.400000,3.517421,2.146815
guiding,50,9,-3.584004,0.260000,0.400000,3.799038,2.437686
guiding,50,10,-3.884008,0.260000,0.400000,4.083273,2.730533
guiding,50,11,-4.184011,0.260000,0.400000,4.369616,3.024781
guiding,50,12,-2.683998,0.320000,0.400000,2.991028,1.555072
guiding,50,13,-2.983998,0.320000,0.400000,3.262920,1.841663
guiding,50,14,-3.284000,0.320000,0.400000,3.539358,2.131948
guiding,50,15,-3.584004,0.320000,0.400000,3.819357,2.424602
guiding,50,16,-3.884008,0.320000,0.400000,4.102185,2.718859
guiding,50,17,-4.184011,0.320000,0.400000,4.387293,3.014247
guiding,50,18,-2.683998,0.380000,0.400000,3.017987,1.536826
guiding,50,19,-2.983998,0.380000,0.400000,3.287651,1.826282
guiding,50,20,-3.284000,0.380000,0.400000,3.562170,2.118675
guiding,50,21,-3.584004,0.380000,0.400000,3.840506,2.412941
guiding,50,22,-3.884008,0.380000,0.400000,4.121883,2.708464
guiding,50,23,-4.184011,0.380000,0.400000,4.405717,3.004874
guiding,60,0,-2.523998,0.200000,0.400000,2.794739,1.451583
guiding,60,1,-2.823998,0.200000,0.400000,3.068381,1.727589
guiding,60,2,-3.123999,0.200000,0.400000,3.346546,2.010483
guiding,60,3,-3.424004,0.200000,0.400000,3.628196,2.297724
guiding,60,4,-3.724008,0.200000,0.400000,3.912574,2.587863
guiding,60,5,-4.024013,0.200000,0.400000,4.199128,2.880024
guiding,60,6,-2.523998,0.260000,0.400000,2.821022,1.426982
guiding,60,7,-2.823998,0.260000,0.400000,3.092340,1.706971
guiding,60,8,-3.123999,0.260000,0.400000,3.368527,1.992794
guiding,60,9,-3.424004,0.260000,0.400000,3.648480,2.282263
guiding,60,10,-3.724008,0.260000,0.400000,3.931391,2.574144
guiding,60,11,-4.024013,0.260000,0.400000,4.216667,2.867703
guiding,60,12,-2.523998,0.320000,0.400000,2.848327,1.404515
guiding,60,13,-2.823998,0.320000,0.400000,3.117269,1.688234
guiding,60,14,-3.123999,0.320000,0.400000,3.391426,1.976768
guiding,60,15,-3.424004,0.320000,0.400000,3.669633,2.268283
guiding,60,16,-3.724008,0.320000,0.400000,3.951030,2.561758
guiding,60,17,-4.024013,0.320000,0.400000,4.234982,2.856590
guiding,60,18,-2.523998,0.380000,0.400000,2.876624,1.384286
guiding,60,19,-2.823998,0.380000,0.400000,3.143146,1.671443
guiding,60,20,-3.123999,0.380000,0.400000,3.415226,1.962447
guiding,60,21,-3.424004,0.380000,0.400000,3.691640,2.255813
guiding,60,22,-3.724008,0.380000,0.400000,3.971478,2.550723
guiding,60,23,-4.024013,0.380000,0.400000,4.254066,2.846699
guiding,70,0,-2.363998,0.200000,0.400000,2.651129,1.308704
guiding,70,1,-2.663998,0.200000,0.400000,2.921795,1.579297
guiding,70,2,-2.963999,0.200000,0.400000,3.197701,1.858940
guiding,70,3,-3.264004,0.200000,0.400000,3.477603,2.144096
guiding,70,4,-3.564008,0.200000,0.400000,3.760605,2.432826
guiding,70,5,-3.864012,0.200000,0.400000,4.046059,2.723995
guiding,70,6,-2.363998,0.260000,0.400000,2.678822,1.281363
guiding,70,7,-2.663998,0.260000,0.400000,2.946945,1.556716
guiding,70,8,-2.963999,0.260000,0.400000,3.220697,1.839794
guiding,70,9,-3.264004,0.260000,0.400000,3.498760,2.127518
guiding,70,10,-3.564008,0.260000,0.400000,3.780179,2.418228
guiding,70,11,-3.864012,0.260000,0.400000,4.064258,2.710965
guiding,70,12,-2.363998,0.320000,0.400000,2.707561,1.256295
guiding,70,13,-2.663998,0.320000,0.400000,2.973093,1.536147
guiding,70,14,-2.963999,0.320000,0.400000,3.244640,1.822423
guiding,70,15,-3.264004,0.320000,0.400000,3.520813,2.112515
guiding,70,16,-3.564008,0.320000,0.400000,3.800599,2.405039
guiding,70,17,-3.864012,0.320000,0.400000,4.083258,2.699207
guiding,70,18,-2.363998,0.380000,0.400000,2.737314,1.233637
guiding,70,19,-2.663998,0.380000,0.400000,3.000214,1.517674
guiding,70,20,-2.963999,0.380000,0.400000,3.269509,1.806879
guiding,70,21,-3.264004,0.380000,0.400000,3.543744,2.099120
guiding,70,22,-3.564008,0.380000,0.400000,3.821852,2.393282
guiding,70,23,-3.864012,0.380000,0.400000,4.103047,2.688736
guiding,80,0,-2.203997,0.200000,0.400000,2.509503,1.170265
guiding,80,1,-2.503997,0.200000,0.400000,2.776689,1.433524
guiding,80,2,-2.803999,0.200000,0.400000,3.049985,1.708938
guiding,80,3,-3.104003,0.200000,0.400000,3.327888,1.991472
guiding,80,4,-3.404007,0.200000,0.400000,3.609330,2.278476
guiding,80,5,-3.704012,0.200000,0.400000,3.893547,2.568454
guiding,80,6,-2.203997,0.260000,0.400000,2.538741,1.139607
guiding,80,7,-2.503997,0.260000,0.400000,2.803142,1.408608
guiding,80,8,-2.803999,0.260000,0.400000,3.074087,1.688092
guiding,80,9,-3.104003,0.260000,0.400000,3.349991,1.973612
guiding,80,10,-3.404007,0.260000,0.400000,3.629720,2.262883
guiding,80,11,-3.704012,0.260000,0.400000,3.912455,2.554631
guiding,80,12,-2.203997,0.320000,0.400000,2.569047,1.111346
guiding,80,13,-2.503997,0.320000,0.400000,2.830619,1.385844
guiding,80,14,-2.803999,0.320000,0.400000,3.099163,1.669143
guiding,80,15,-3.104003,0.320000,0.400000,3.373016,1.957430
guiding,80,16,-3.404007,0.320000,0.400000,3.650982,2.248783
guiding,80,17,-3.704012,0.320000,0.400000,3.932189,2.542150
guiding,80,18,-2.203997,0.380000,0.400000,2.600385,1.085668
guiding,80,19,-2.503997,0.380000,0.400000,2.859091,1.365338
guiding,80,20,-2.803999,0.380000,0.400000,3.125189,1.652157
guiding,80,21,-3.104003,0.380000,0.400000,3.396945,1.942966
guiding,80,22,-3.404007,0.380000,0.400000,3.673100,2.236204
guiding,80,23,-3.704012,0.380000,0.400000,3.952734,2.531030
guiding,90,0,-2.043997,0.200000,0.400000,2.370216,1.038043
guiding,90,1,-2.343997,0.200000,0.400000,2.633310,1.291126
guiding,90,2,-2.643998,0.200000,0.400000,2.903572,1.560924
guiding,90,3,-2.944003,0.200000,0.400000,3.179175,1.840101
guiding,90,4,-3.244007,0.200000,0.400000,3.458841,2.124962
guiding,90,5,-3.544012,0.200000,0.400000,3.741660,2.413496
guiding,90,6,-2.043997,0.260000,0.400000,2.401150,1.003354
guiding,90,7,-2.343997,0.260000,0.400000,2.661188,1.263405
guiding,90,8,-2.643998,0.260000,0.400000,2.928878,1.538073
guiding,90,9,-2.944003,0.260000,0.400000,3.202305,1.820757
guiding,90,10,-3.244007,0.260000,0.400000,3.480112,2.108234
guiding,90,11,-3.544012,0.260000,0.400000,3.761332,2.398781
guiding,90,12,-2.043997,0.320000,0.400000,2.433172,0.971136
guiding,90,13,-2.343997,0.320000,0.400000,2.690115,1.237973
guiding,90,14,-2.643998,0.320000,0.400000,2.955187,1.517252
guiding,90,15,-2.944003,0.320000,0.400000,3.226384,1.803203
guiding,90,16,-3.244007,0.320000,0.400000,3.502282,2.093092
guiding,90,17,-3.544012,0.320000,0.400000,3.781854,2.385484
guiding,90,18,-2.043997,0.380000,0.400000,2.466237,0.941642
guiding,90,19,-2.343997,0.380000,0.400000,2.720059,1.214974
guiding,90,20,-2.643998,0.380000,0.400000,2.982470,1.498545
guiding,90,21,-2.944003,0.380000,0.400000,3.251393,1.787492
guiding,90,22,-3.244007,0.380000,0.400000,3.525334,2.079572
guiding,90,23,-3.544012,0.380000,0.400000,3.803212,2.373630
guiding,100,0,-1.883997,0.200000,0.400000,2.233706,0.914740
guiding,100,1,-2.183997,0.200000,0.400000,2.491955,1.153352
guiding,100,2,-2.483998,0.200000,0.400000,2.758667,1.415520
guiding,100,3,-2.784003,0.200000,0.400000,3.031612,1.690321
guiding,100,4,-3.084007,0.200000,0.400000,3.309244,1.972479
guiding,100,5,-3.384012,0.200000,0.400000,3.590478,2.259242
guiding,100,6,-1.883997,0.260000,0.400000,2.266505,0.875176
guiding,100,7,-2.183997,0.260000,0.400000,2.521397,1.122232
guiding,100,8,-2.483998,0.260000,0.400000,2.785291,1.390281
guiding,100,9,-2.784003,0.260000,0.400000,3.055859,1.669242
guiding,100,10,-3.084007,0.260000,0.400000,3.331471,1.954446
guiding,100,11,-3.384012,0.260000,0.400000,3.610974,2.243515
guiding,100,12,-1.883997,0.320000,0.400000,2.300401,0.838045
guiding,100,13,-2.183997,0.320000,0.400000,2.551909,1.093522
guiding,100,14,-2.483998,0.320000,0.400000,2.812943,1.367211
guiding,100,15,-2.784003,0.320000,0.400000,3.081083,1.650077
guiding,100,16,-3.084007,0.320000,0.400000,3.354623,1.938103
guiding,100,17,-3.384012,0.320000,0.400000,3.632345,2.229292
guiding,100,18,-1.883997,0.380000,0.400000,2.335346,0.803681
guiding,100,19,-2.183997,0.380000,0.400000,2.583455,1.067415
guiding,100,20,-2.483998,0.380000,0.400000,2.841592,1.346422
guiding,100,21,-2.784003,0.380000,0.400000,3.107261,1.632893
guiding,100,22,-3.084007,0.380000,0.400000,3.378683,1.923494
guiding,100,23,-3.384012,0.380000,0.400000,3.654577,2.216603
guiding,110,0,-1.723996,0.200000,0.400000,2.100515,0.800854
guiding,110,1,-2.023996,0.200000,0.400000,2.352990,1.022074
guiding,110,2,-2.323998,0.200000,0.400000,2.615524,1.273621
guiding,110,3,-2.624002,0.200000,0.400000,2.885375,1.542594
guiding,110,4,-2.924006,0.200000,0.400000,3.160667,1.821287
guiding,110,5,-3.224011,0.200000,0.400000,3.440094,2.105845
guiding,110,6,-1.723996,0.260000,0.400000,2.135360,0.758427
guiding,110,7,-2.023996,0.260000,0.400000,2.384148,0.986823
guiding,110,8,-2.323998,0.260000,0.400000,2.643589,1.245510
guiding,110,9,-2.624002,0.260000,0.400000,2.910840,1.519467
guiding,110,10,-2.924006,0.260000,0.400000,3.183931,1.801741
guiding,110,11,-3.224011,0.260000,0.400000,3.461481,2.088963
guiding,110,12,-1.723996,0.320000,0.400000,2.171304,0.716054
guiding,110,13,-2.023996,0.320000,0.400000,2.416394,0.954047
guiding,110,14,-2.323998,0.320000,0.400000,2.672708,1.219705
guiding,110,15,-2.624002,0.320000,0.400000,2.937310,1.498388
guiding,110,16,-2.924006,0.320000,0.400000,3.208148,1.784000
guiding,110,17,-3.224011,0.320000,0.400000,3.483769,2.073681
guiding,110,18,-1.723996,0.380000,0.400000,2.208294,0.675513
guiding,110,19,-2.023996,0.380000,0.400000,2.449686,0.924008
guiding,110,20,-2.323998,0.380000,0.400000,2.702844,1.196355
guiding,110,21,-2.624002,0.380000,0.400000,2.964758,1.479443
guiding,110,22,-2.924006,0.380000,0.400000,3.233298,1.768118
guiding,110,23,-3.224011,0.380000,0.400000,3.506943,2.060033
guiding,120,0,-1.563996,0.200000,0.400000,1.971315,0.687716
guiding,120,1,-1.863996,0.200000,0.400000,2.216863,0.900139
guiding,120,2,-2.163997,0.200000,0.400000,2.474446,1.136540
guiding,120,3,-2.464002,0.200000,0.400000,2.740676,1.397572
guiding,120,4,-2.764006,0.200000,0.400000,3.013259,1.671734
guiding,120,5,-3.064011,0.200000,0.400000,3.290617,1.953507
guiding,120,6,-1.563996,0.260000,0.400000,2.008403,0.645290
guiding,120,7,-1.863996,0.260000,0.400000,2.249907,0.859904
guiding,120,8,-2.163997,0.260000,0.400000,2.504094,1.104947
guiding,120,9,-2.464002,0.260000,0.400000,2.767473,1.372003
guiding,120,10,-2.764006,0.260000,0.400000,3.037652,1.650418
guiding,120,11,-3.064011,0.260000,0.400000,3.312969,1.935297
guiding,120,12,-1.563996,0.320000,0.400000,2.046578,0.602864
guiding,120,13,-1.863996,0.320000,0.400000,2.284049,0.822083
guiding,120,14,-2.163997,0.320000,0.400000,2.534815,1.075776
guiding,120,15,-2.464002,0.320000,0.400000,2.795301,1.348621
guiding,120,16,-2.764006,0.320000,0.400000,3.063026,1.631032
guiding,120,17,-3.064011,0.320000,0.400000,3.336250,1.918792
guiding,120,18,-1.563996,0.380000,0.400000,2.085781,0.560437
guiding,120,19,-1.863996,0.380000,0.400000,2.319242,0.787023
guiding,120,20,-2.163997,0.380000,0.400000,2.566571,1.049228
guiding,120,21,-2.464002,0.380000,0.400000,2.824129,1.327540
guiding,120,22,-2.764006,0.380000,0.400000,3.089358,1.613645
guiding,120,23,-3.064011,0.380000,0.400000,3.360441,1.904034
guiding,130,0,-1.403996,0.200000,0.400000,1.846945,0.574579
guiding,130,1,-1.703996,0.200000,0.400000,2.084131,0.786711
guiding,130,2,-2.003997,0.200000,0.400000,2.335809,1.006249
guiding,130,3,-2.304002,0.200000,0.400000,2.597773,1.256193
guiding,130,4,-2.604006,0.200000,0.400000,2.867202,1.524305
guiding,130,5,-2.904011,0.200000,0.400000,3.142177,1.802498
guiding,130,6,-1.403996,0.260000,0.400000,1.886479,0.532153
guiding,130,7,-1.703996,0.260000,0.400000,2.119246,0.744285
guiding,130,8,-2.003997,0.260000,0.400000,2.367193,0.970424
guiding,130,9,-2.304002,0.260000,0.400000,2.626028,1.227683
guiding,130,10,-2.604006,0.260000,0.400000,2.892827,1.500897
guiding,130,11,-2.904011,0.260000,0.400000,3.165577,1.782747
guiding,130,12,-1.403996,0.320000,0.400000,1.927071,0.489726
guiding,130,13,-1.703996,0.320000,0.400000,2.155458,0.701858
guiding,130,14,-2.003997,0.320000,0.400000,2.399668,0.937074
guiding,130,15,-2.304002,0.320000,0.400000,2.655339,1.201495
guiding,130,16,-2.604006,0.320000,0.400000,2.919460,1.479553
guiding,130,17,-2.904011,0.320000,0.400000,3.189934,1.764814
guiding,130,18,-1.403996,0.380000,0.400000,1.968655,0.447300
guiding,130,19,-1.703996,0.380000,0.400000,2.192715,0.660469
guiding,130,20,-2.003997,0.380000,0.400000,2.433188,0.906473
guiding,130,21,-2.304002,0.380000,0.400000,2.685670,1.177784
guiding,130,22,-2.604006,0.380000,0.400000,2.947074,1.460364
guiding,130,23,-2.904011,0.380000,0.400000,3.215226,1.748758
guiding,140,0,-1.243995,0.200000,0.400000,1.728446,0.461442
guiding,140,1,-1.543995,0.200000,0.400000,1.955485,0.673574
guiding,140,2,-1.843997,0.200000,0.400000,2.200074,0.885750
guiding,140,3,-2.144001,0.200000,0.400000,2.456978,1.119836
guiding,140,4,-2.444005,0.200000,0.400000,2.722713,1.379680
guiding,140,5,-2.744010,0.200000,0.400000,2.994928,1.653182
guiding,140,6,-1.243995,0.260000,0.400000,1.770628,0.419015
guiding,140,7,-1.543995,0.260000,0.400000,1.992868,0.631147
guiding,140,8,-1.843997,0.260000,0.400000,2.233366,0.844830
guiding,140,9,-2.144001,0.260000,0.400000,2.486834,1.087758
guiding,140,10,-2.444005,0.260000,0.400000,2.749684,1.353774
guiding,140,11,-2.744010,0.260000,0.400000,3.019469,1.631623
guiding,140,12,-1.243995,0.320000,0.400000,1.813815,0.376589
guiding,140,13,-1.543995,0.320000,0.400000,2.031335,0.588721
guiding,140,14,-1.843997,0.320000,0.400000,2.267757,0.806302
guiding,140,15,-2.144001,0.320000,0.400000,2.517765,1.058113
guiding,140,16,-2.444005,0.320000,0.400000,2.777690,1.330071
guiding,140,17,-2.744010,0.320000,0.400000,3.044995,1.612011
guiding,140,18,-1.243995,0.380000,0.400000,1.857936,0.334163
guiding,140,19,-1.543995,0.380000,0.400000,2.070826,0.546295
guiding,140,20,-1.843997,0.380000,0.400000,2.303199,0.770524
guiding,140,21,-2.144001,0.380000,0.400000,2.549734,1.031110
guiding,140,22,-2.444005,0.380000,0.400000,2.806700,1.308691
guiding,140,23,-2.744010,0.380000,0.400000,3.071481,1.594417
guiding,150,0,-1.083995,0.200000,0.400000,1.617110,0.348304
guiding,150,1,-1.383995,0.200000,0.400000,1.831787,0.560436
guiding,150,2,-1.683996,0.200000,0.400000,2.067811,0.772569
guiding,150,3,-1.984001,0.200000,0.400000,2.318676,0.990579
guiding,150,4,-2.284005,0.200000,0.400000,2.580054,1.238842
guiding,150,5,-2.584010,0.200000,0.400000,2.849054,1.506061
guiding,150,6,-1.083995,0.260000,0.400000,1.662121,0.305878
guiding,150,7,-1.383995,0.260000,0.400000,1.871642,0.518010
guiding,150,8,-1.683996,0.260000,0.400000,2.103199,0.730143
guiding,150,9,-1.984001,0.260000,0.400000,2.350289,0.954165
guiding,150,10,-2.284005,0.260000,0.400000,2.608501,1.209923
guiding,150,11,-2.584010,0.260000,0.400000,2.874840,1.482365
guiding,150,12,-1.083995,0.320000,0.400000,1.708053,0.263452
guiding,150,13,-1.383995,0.320000,0.400000,1.912549,0.475584
guiding,150,14,-1.683996,0.320000,0.400000,2.139683,0.687717
guiding,150,15,-1.984001,0.320000,0.400000,2.382994,0.920226
guiding,150,16,-2.284005,0.320000,0.400000,2.638007,1.183342
guiding,150,17,-2.584010,0.320000,0.400000,2.901639,1.460750
guiding,150,18,-1.083995,0.380000,0.400000,1.754835,0.221025
guiding,150,19,-1.383995,0.380000,0.400000,1.954442,0.433157
guiding,150,20,-1.683996,0.380000,0.400000,2.177210,0.645695
guiding,150,21,-1.984001,0.380000,0.400000,2.416746,0.889045
guiding,150,22,-2.284005,0.380000,0.400000,2.668535,1.159260
guiding,150,23,-2.584010,0.380000,0.400000,2.929421,1.441310
guiding,160,0,-0.923995,0.200000,0.400000,1.514519,0.235167
guiding,160,1,-1.223995,0.200000,0.400000,1.714107,0.447299
guiding,160,2,-1.523996,0.200000,0.400000,1.939733,0.659432
guiding,160,3,-1.824001,0.200000,0.400000,2.183341,0.871567
guiding,160,4,-2.124005,0.200000,0.400000,2.439548,1.103241
guiding,160,5,-2.424010,0.200000,0.400000,2.704778,1.361848
guiding,160,6,-0.929199,0.254796,0.400000,1.561385,0.200100
guiding,160,7,-1.223995,0.260000,0.400000,1.756634,0.404873
guiding,160,8,-1.523996,0.260000,0.400000,1.977414,0.617006
guiding,160,9,-1.824001,0.260000,0.400000,2.216885,0.829966
guiding,160,10,-2.124005,0.260000,0.400000,2.469615,1.070666
guiding,160,11,-2.424010,0.260000,0.400000,2.731926,1.335595
guiding,160,12,-0.959199,0.284796,0.400000,1.603360,0.200100
guiding,160,13,-1.223995,0.320000,0.400000,1.800156,0.362446
guiding,160,14,-1.523996,0.320000,0.400000,2.016176,0.574579
guiding,160,15,-1.824001,0.320000,0.400000,2.251528,0.790714
guiding,160,16,-2.124005,0.320000,0.400000,2.500759,1.040534
guiding,160,17,-2.424010,0.320000,0.400000,2.760113,1.311564
guiding,160,18,-0.989199,0.314796,0.400000,1.645358,0.200100
guiding,160,19,-1.223995,0.380000,0.400000,1.844604,0.320020
guiding,160,20,-1.523996,0.380000,0.400000,2.055958,0.532153
guiding,160,21,-1.824001,0.380000,0.400000,2.287221,0.754198
guiding,160,22,-2.124005,0.380000,0.400000,2.532942,1.013063
guiding,160,23,-2.424010,0.380000,0.400000,2.789305,1.289878
guiding,170,0,-0.819199,0.144796,0.400000,1.407709,0.200100
guiding,170,1,-1.063994,0.200000,0.400000,1.603772,0.334162
guiding,170,2,-1.363996,0.200000,0.400000,1.816724,0.546295
guiding,170,3,-1.664001,0.200000,0.400000,2.051560,0.758430
guiding,170,4,-1.964005,0.200000,0.400000,2.301589,0.975066
guiding,170,5,-2.264009,0.200000,0.400000,2.562370,1.221573
guiding,170,6,-0.849199,0.174796,0.400000,1.449581,0.200100
guiding,170,7,-1.063994,0.260000,0.400000,1.649146,0.291735
guiding,170,8,-1.363996,0.260000,0.400000,1.856902,0.503868
guiding,170,9,-1.664001,0.260000,0.400000,2.087223,0.716004
guiding,170,10,-1.964005,0.260000,0.400000,2.333434,0.938050
guiding,170,11,-2.264009,0.260000,0.400000,2.591011,1.192235
guiding,170,12,-0.879198,0.204796,0.400000,1.491484,0.200100
guiding,170,13,-1.063994,0.320000,0.400000,1.695430,0.249309
guiding,170,14,-1.363996,0.320000,0.400000,1.898126,0.461442
guiding,170,15,-1.664001,0.320000,0.400000,2.123981,0.673577
guiding,170,16,-1.964005,0.320000,0.400000,2.366371,0.903506
guiding,170,17,-2.264009,0.320000,0.400000,2.620713,1.165251
guiding,170,18,-0.909199,0.234797,0.400000,1.533416,0.200100
guiding,170,19,-1.063994,0.380000,0.400000,1.742551,0.206883
guiding,170,20,-1.363996,0.380000,0.400000,1.940331,0.419016
guiding,170,21,-1.664001,0.380000,0.400000,2.161781,0.631211
guiding,170,22,-1.964005,0.380000,0.400000,2.400357,0.871727
guiding,170,23,-2.264009,0.380000,0.400000,2.651441,1.140787
guiding,180,0,-0.739199,0.064796,0.400000,1.296228,0.200100
guiding,180,1,-0.903995,0.200000,0.400000,1.502400,0.221025
guiding,180,2,-1.203995,0.200000,0.400000,1.699884,0.433157
guiding,180,3,-1.504000,0.200000,0.400000,1.924062,0.645293
guiding,180,4,-1.804004,0.200000,0.400000,2.166664,0.857428
guiding,180,5,-2.104009,0.200000,0.400000,2.422159,1.086761
guiding,180,6,-0.769198,0.094796,0.400000,1.338000,0.200100
guiding,180,7,-0.919198,0.244796,0.400000,1.547399,0.200100
guiding,180,8,-1.203995,0.260000,0.400000,1.742758,0.390731
guiding,180,9,-1.504000,0.260000,0.400000,1.962044,0.602866
guiding,180,10,-1.804004,0.260000,0.400000,2.200462,0.815322
guiding,180,11,-2.104009,0.260000,0.400000,2.452438,1.053677
guiding,180,12,-0.799198,0.124796,0.400000,1.379813,0.200100
guiding,180,13,-0.949198,0.274796,0.400000,1.589365,0.200100
guiding,180,14,-1.203995,0.320000,0.400000,1.786618,0.348305
guiding,180,15,-1.504000,0.320000,0.400000,2.001104,0.560440
guiding,180,16,-1.804004,0.320000,0.400000,2.235359,0.775329
guiding,180,17,-2.104009,0.320000,0.400000,2.483798,1.023044
guiding,180,18,-0.829198,0.154797,0.400000,1.421663,0.200100
guiding,180,19,-0.979198,0.304796,0.400000,1.631356,0.200100
guiding,180,20,-1.203995,0.380000,0.400000,1.831394,0.305878
guiding,180,21,-1.504000,0.380000,0.400000,2.041180,0.518014
guiding,180,22,-1.804004,0.380000,0.400000,2.271306,0.738051
guiding,180,23,-2.104009,0.380000,0.400000,2.516198,0.995090
guiding,190,0,-0.659198,-0.015204,0.400000,1.185060,0.200100
guiding,190,1,-0.809198,0.134796,0.400000,1.393759,0.200100
guiding,190,2,-1.043995,0.200000,0.400000,1.590574,0.320020
guiding,190,3,-1.344000,0.200000,0.400000,1.801759,0.532156
guiding,190,4,-1.644004,0.200000,0.400000,2.035374,0.744290
guiding,190,5,-1.944009,0.200000,0.400000,2.284550,0.959719
guiding,190,6,-0.689198,0.014796,0.400000,1.226705,0.200100
guiding,190,7,-0.839198,0.164796,0.400000,1.435619,0.200100
guiding,190,8,-1.043995,0.260000,0.400000,1.636315,0.277594
guiding,190,9,-1.344000,0.260000,0.400000,1.842264,0.489729
guiding,190,10,-1.644004,0.260000,0.400000,2.071316,0.701864
guiding,190,11,-1.944009,0.260000,0.400000,2.316629,0.922088
guiding,190,12,-0.719198,0.044796,0.400000,1.268403,0.200100
guiding,190,13,-0.869198,0.194796,0.400000,1.477512,0.200100
guiding,190,14,-1.043995,0.320000,0.400000,1.682951,0.235167
guiding,190,15,-1.344000,0.320000,0.400000,1.883809,0.447303
guiding,190,16,-1.644004,0.320000,0.400000,2.108352,0.659438
guiding,190,17,-1.944009,0.320000,0.400000,2.349802,0.886922
guiding,190,18,-0.749198,0.074797,0.400000,1.310147,0.200100
guiding,190,19,-0.899198,0.224796,0.400000,1.519435,0.200100
guiding,190,20,-1.049199,0.374796,0.400000,1.729417,0.200100
guiding,190,21,-1.344000,0.380000,0.400000,1.926327,0.404876
guiding,190,22,-1.644004,0.380000,0.400000,2.146427,0.617011
guiding,190,23,-1.944009,0.380000,0.400000,2.384024,0.854526
guiding,200,0,-0.579198,-0.095204,0.400000,1.074303,0.200100
guiding,200,1,-0.729198,0.054796,0.400000,1.282312,0.200100
guiding,200,2,-0.883995,0.200000,0.400000,1.490452,0.206883
guiding,200,3,-1.184000,0.200000,0.400000,1.685780,0.419018
guiding,200,4,-1.484004,0.200000,0.400000,1.908472,0.631153
guiding,200,5,-1.784008,0.200000,0.400000,2.150043,0.843288
guiding,200,6,-0.609198,-0.065204,0.400000,1.115781,0.200100
guiding,200,7,-0.759198,0.084796,0.400000,1.324071,0.200100
guiding,200,8,-0.909199,0.234796,0.400000,1.533416,0.200100
guiding,200,9,-1.184000,0.260000,0.400000,1.729004,0.376592
guiding,200,10,-1.484004,0.260000,0.400000,1.946758,0.588727
guiding,200,11,-1.784008,0.260000,0.400000,2.184098,0.800910
guiding,200,12,-0.639198,-0.035204,0.400000,1.157327,0.200099
guiding,200,13,-0.789198,0.114796,0.400000,1.365871,0.200100
guiding,200,14,-0.939199,0.264796,0.400000,1.575374,0.200100
guiding,200,15,-1.184000,0.320000,0.400000,1.773205,0.334165
guiding,200,16,-1.484004,0.320000,0.400000,1.986118,0.546300
guiding,200,17,-1.784008,0.320000,0.400000,2.219253,0.760159
guiding,200,18,-0.669198,-0.005203,0.400000,1.198935,0.200099
guiding,200,19,-0.819198,0.144796,0.400000,1.407709,0.200100
guiding,200,20,-0.969199,0.294797,0.400000,1.617357,0.200100
guiding,200,21,-1.184000,0.380000,0.400000,1.818311,0.291739
guiding,200,22,-1.484004,0.380000,0.400000,2.026491,0.503874
guiding,200,23,-1.784008,0.380000,0.400000,2.255457,0.722098
guiding,210,0,-0.499198,-0.175204,0.400000,0.964100,0.200099
guiding,210,1,-0.649198,-0.025204,0.400000,1.171190,0.200100
guiding,210,2,-0.799199,0.124796,0.400000,1.379814,0.200100
guiding,210,3,-1.023999,0.200000,0.400000,1.577522,0.305881
guiding,210,4,-1.324003,0.200000,0.400000,1.786892,0.518016
guiding,210,5,-1.624008,0.200000,0.400000,2.019258,0.730151
guiding,210,6,-0.529198,-0.145204,0.400000,1.005349,0.200099
guiding,210,7,-0.679198,0.004796,0.400000,1.212817,0.200100
guiding,210,8,-0.829199,0.154796,0.400000,1.421663,0.200100
guiding,210,9,-1.023999,0.260000,0.400000,1.623630,0.263455
guiding,210,10,-1.324003,0.260000,0.400000,1.827727,0.475589
guiding,210,11,-1.624008,0.260000,0.400000,2.055481,0.687725
guiding,210,12,-0.559198,-0.115204,0.400000,1.046693,0.200099
guiding,210,13,-0.709198,0.034796,0.400000,1.254498,0.200100
guiding,210,14,-0.859199,0.184796,0.400000,1.463545,0.200100
guiding,210,15,-1.023999,0.320000,0.400000,1.670621,0.221028
guiding,210,16,-1.324003,0.320000,0.400000,1.869595,0.433163
guiding,210,17,-1.624008,0.320000,0.400000,2.092798,0.645298
guiding,210,18,-0.589198,-0.085203,0.400000,1.088121,0.200099
guiding,210,19,-0.739198,0.064796,0.400000,1.296227,0.200100
guiding,210,20,-0.889199,0.214797,0.400000,1.505458,0.200100
guiding,210,21,-1.039201,0.364798,0.400000,1.715405,0.200100
guiding,210,22,-1.324003,0.380000,0.400000,1.912429,0.390737
guiding,210,23,-1.624008,0.380000,0.400000,2.131150,0.602872
guiding,220,0,-0.419198,-0.255204,0.400000,0.854663,0.200100
guiding,220,1,-0.569198,-0.105204,0.400000,1.060493,0.200100
guiding,220,2,-0.719199,0.044796,0.400000,1.268403,0.200100
guiding,220,3,-0.869201,0.194799,0.400000,1.477516,0.200100
guiding,220,4,-1.164003,0.200000,0.400000,1.671796,0.404878
guiding,220,5,-1.464008,0.200000,0.400000,1.892965,0.617014
guiding,220,6,-0.449198,-0.225204,0.400000,0.895594,0.200100
guiding,220,7,-0.599198,-0.075204,0.400000,1.101946,0.200100
guiding,220,8,-0.749198,0.074796,0.400000,1.310147,0.200100
guiding,220,9,-0.899201,0.224798,0.400000,1.519439,0.200100
guiding,220,10,-1.164003,0.260000,0.400000,1.715372,0.362452
guiding,220,11,-1.464008,0.260000,0.400000,1.931558,0.574587
guiding,220,12,-0.479198,-0.195204,0.400000,0.936658,0.200099
guiding,220,13,-0.629198,-0.045204,0.400000,1.143471,0.200099
guiding,220,14,-0.779198,0.104796,0.400000,1.351934,0.200100
guiding,220,15,-0.929201,0.254798,0.400000,1.561388,0.200100
guiding,220,16,-1.164003,0.320000,0.400000,1.759915,0.320026
guiding,220,17,-1.464008,0.320000,0.400000,1.971223,0.532161
guiding,220,18,-0.509198,-0.165203,0.400000,0.977838,0.200099
guiding,220,19,-0.659198,-0.015204,0.400000,1.185059,0.200099
guiding,220,20,-0.809198,0.134797,0.400000,1.393759,0.200100
guiding,220,21,-0.959201,0.284799,0.400000,1.603363,0.200100
guiding,220,22,-1.164003,0.380000,0.400000,1.805354,0.277599
guiding,220,23,-1.464008,0.380000,0.400000,2.011894,0.489735
guiding,230,0,-0.339198,-0.335203,0.340000,0.746331,0.200100
guiding,230,1,-0.489198,-0.185204,0.400000,0.950372,0.200099
guiding,230,2,-0.639198,-0.035203,0.400000,1.157328,0.200100
guiding,230,3,-0.789201,0.114799,0.400000,1.365875,0.200100
guiding,230,4,-1.004003,0.200000,0.400000,1.564615,0.291741
guiding,230,5,-1.304007,0.200000,0.400000,1.772127,0.503877
guiding,230,6,-0.369198,-0.305204,0.400000,0.786797,0.200100
guiding,230,7,-0.519198,-0.155204,0.400000,0.991588,0.200099
guiding,230,8,-0.669198,-0.005204,0.400000,1.198936,0.200100
guiding,230,9,-0.819201,0.144798,0.400000,1.407712,0.200100
guiding,230,10,-1.004003,0.260000,0.400000,1.611093,0.249315
guiding,230,11,-1.304007,0.260000,0.400000,1.813294,0.461450
guiding,230,12,-0.399198,-0.275204,0.400000,0.827459,0.200099
guiding,230,13,-0.549198,-0.125204,0.400000,1.032902,0.200099
guiding,230,14,-0.699198,0.024796,0.400000,1.240599,0.200100
guiding,230,15,-0.849201,0.174798,0.400000,1.449584,0.200100
guiding,230,16,-1.004003,0.320000,0.400000,1.658439,0.206888
guiding,230,17,-1.304007,0.320000,0.400000,1.855488,0.419024
guiding,230,18,-0.429198,-0.245203,0.400000,0.868291,0.200099
guiding,230,19,-0.579198,-0.095204,0.400000,1.074303,0.200099
guiding,230,20,-0.729198,0.054797,0.400000,1.282313,0.200099
guiding,230,21,-0.879201,0.204799,0.400000,1.491487,0.200100
guiding,230,22,-1.029203,0.354800,0.400000,1.701394,0.200100
guiding,230,23,-1.304007,0.380000,0.400000,1.898640,0.376597
guiding,240,0,-0.259199,-0.415203,0.040000,0.639665,0.200100
guiding,240,1,-0.409198,-0.265204,0.400000,0.841052,0.200100
guiding,240,2,-0.559198,-0.115203,0.400000,1.046694,0.200100
guiding,240,3,-0.709201,0.034799,0.400000,1.254501,0.200100
guiding,240,4,-0.859203,0.184800,0.400000,1.463551,0.200100
guiding,240,5,-1.144007,0.200000,0.400000,1.657936,0.390739
guiding,240,6,-0.289198,-0.385204,0.400000,0.679419,0.200100
guiding,240,7,-0.439198,-0.235204,0.400000,0.881934,0.200099
guiding,240,8,-0.589198,-0.085204,0.400000,1.088121,0.200100
guiding,240,9,-0.739201,0.064798,0.400000,1.296230,0.200100
guiding,240,10,-0.889203,0.214800,0.400000,1.505463,0.200100
guiding,240,11,-1.144007,0.260000,0.400000,1.701867,0.348313
guiding,240,12,-0.319198,-0.355203,0.400000,0.719479,0.200099
guiding,240,13,-0.469198,-0.205204,0.400000,0.922956,0.200099
guiding,240,14,-0.619198,-0.055204,0.400000,1.129622,0.200099
guiding,240,15,-0.769200,0.094798,0.400000,1.338003,0.200100
guiding,240,16,-0.919202,0.244800,0.400000,1.547404,0.200100
guiding,240,17,-1.144007,0.320000,0.400000,1.746755,0.305886
guiding,240,18,-0.349198,-0.325203,0.400000,0.759796,0.200099
guiding,240,19,-0.499197,-0.175204,0.400000,0.964099,0.200099
guiding,240,20,-0.649198,-0.025203,0.400000,1.171190,0.200099
guiding,240,21,-0.799200,0.124799,0.400000,1.379816,0.200100
guiding,240,22,-0.949202,0.274800,0.400000,1.589371,0.200100
guiding,240,23,-1.144007,0.380000,0.400000,1.792527,0.263460
guiding,250,1,-0.329198,-0.345204,0.310000,0.732891,0.200100
guiding,250,2,-0.479198,-0.195204,0.400000,0.936658,0.200099
guiding,250,3,-0.629200,-0.045201,0.400000,1.143474,0.200100
guiding,250,4,-0.779202,0.104800,0.400000,1.351939,0.200100
guiding,250,5,-0.984007,0.200000,0.400000,1.551860,0.277602
guiding,250,6,-0.198432,-0.462162,0.230000,0.573276,0.200520
guiding,250,7,-0.359198,-0.315204,0.400000,0.773285,0.200100
guiding,250,8,-0.509198,-0.165204,0.400000,0.977838,0.200099
guiding,250,9,-0.659200,-0.015202,0.400000,1.185063,0.200100
guiding,250,10,-0.809202,0.134800,0.400000,1.393764,0.200100
guiding,250,11,-0.984007,0.260000,0.400000,1.598709,0.235176
guiding,250,12,-0.238887,-0.435197,0.400000,0.613245,0.200469
guiding,250,13,-0.389198,-0.285204,0.400000,0.813885,0.200099
guiding,250,14,-0.539198,-0.135204,0.400000,1.019121,0.200099
guiding,250,15,-0.689200,0.014798,0.400000,1.226708,0.200100
guiding,250,16,-0.839202,0.164800,0.400000,1.435625,0.200100
guiding,250,17,-0.989205,0.314802,0.400000,1.645366,0.200100
guiding,250,18,-0.269198,-0.405203,0.400000,0.652879,0.200099
guiding,250,19,-0.419198,-0.255204,0.400000,0.854663,0.200099
guiding,250,20,-0.569198,-0.105203,0.400000,1.060494,0.200099
guiding,250,21,-0.719200,0.044799,0.400000,1.268406,0.200099
guiding,250,22,-0.869202,0.194800,0.400000,1.477518,0.200100
guiding,250,23,-1.019205,0.344802,0.400000,1.687386,0.200100
guiding,260,1,-0.249198,-0.425204,0.010000,0.626491,0.200102
guiding,260,2,-0.399198,-0.275203,0.400000,0.827460,0.200100
guiding,260,3,-0.549200,-0.125201,0.400000,1.032905,0.200100
guiding,260,4,-0.699202,0.024800,0.400000,1.240604,0.200100
guiding,260,5,-0.849205,0.174802,0.400000,1.449589,0.200100
guiding,260,6,-0.045952,-0.483260,0.230000,0.518779,0.209825
guiding,260,7,-0.279198,-0.395204,0.400000,0.666131,0.200100
guiding,260,8,-0.429198,-0.245204,0.400000,0.868291,0.200100
guiding,260,9,-0.579200,-0.095201,0.400000,1.074306,0.200100
guiding,260,10,-0.729202,0.054800,0.400000,1.282318,0.200100
guiding,260,11,-0.879205,0.204802,0.400000,1.491492,0.200100
guiding,260,12,-0.105889,-0.482971,0.400000,0.527761,0.200026
guiding,260,13,-0.309198,-0.365204,0.400000,0.706095,0.200099
guiding,260,14,-0.459198,-0.215204,0.400000,0.909268,0.200099
guiding,260,15,-0.609200,-0.065201,0.400000,1.115783,0.200099
guiding,260,16,-0.759202,0.084800,0.400000,1.324077,0.200100
guiding,260,17,-0.909204,0.234802,0.400000,1.533424,0.200100
guiding,260,18,-0.164220,-0.475611,0.400000,0.549502,0.200558
guiding,260,19,-0.339198,-0.335204,0.400000,0.746331,0.200099
guiding,260,20,-0.489198,-0.185203,0.400000,0.950373,0.200099
guiding,260,21,-0.639200,-0.035201,0.400000,1.157330,0.200099
guiding,260,22,-0.789202,0.114800,0.400000,1.365877,0.200100
guiding,260,23,-0.939205,0.264802,0.400000,1.575382,0.200100
guiding,270,2,-0.319198,-0.355203,0.280000,0.719479,0.200100
guiding,270,3,-0.469200,-0.205201,0.400000,0.922959,0.200099
guiding,270,4,-0.619202,-0.055200,0.400000,1.129628,0.200100
guiding,270,5,-0.769204,0.094802,0.400000,1.338009,0.200100
guiding,270,6,0.114048,-0.483260,0.060000,0.529176,0.299379
guiding,270,7,-0.181958,-0.469552,0.400000,0.560788,0.200545
guiding,270,8,-0.349198,-0.325203,0.400000,0.759796,0.200100
guiding,270,9,-0.499200,-0.175202,0.400000,0.964102,0.200099
guiding,270,10,-0.649202,-0.025200,0.400000,1.171195,0.200100
guiding,270,11,-0.799204,0.124802,0.400000,1.379822,0.200100
guiding,270,12,0.054111,-0.482971,0.400000,0.519853,0.257744
guiding,270,13,-0.226854,-0.444707,0.400000,0.599844,0.200448
guiding,270,14,-0.379198,-0.295203,0.400000,0.800331,0.200099
guiding,270,15,-0.529200,-0.145202,0.400000,1.005352,0.200099
guiding,270,16,-0.679202,0.004800,0.400000,1.212823,0.200100
guiding,270,17,-0.829204,0.154802,0.400000,1.421671,0.200100
guiding,270,18,-0.005884,-0.483166,0.400000,0.516868,0.224951
guiding,270,19,-0.259198,-0.415204,0.400000,0.639664,0.200099
guiding,270,20,-0.409198,-0.265203,0.400000,0.841052,0.200099
guiding,270,21,-0.559200,-0.115201,0.400000,1.046696,0.200099
guiding,270,22,-0.709202,0.034800,0.400000,1.254503,0.200099
guiding,270,23,-0.859204,0.184802,0.400000,1.463553,0.200100
guiding,280,3,-0.389200,-0.285201,0.400000,0.813888,0.200100
guiding,280,4,-0.539202,-0.135200,0.400000,1.019126,0.200100
guiding,280,5,-0.689204,0.014802,0.400000,1.226714,0.200100
guiding,280,6,0.274048,-0.483260,0.040000,0.584912,0.431774
guiding,280,7,-0.025888,-0.482971,0.400000,0.517677,0.216382
guiding,280,8,-0.269198,-0.405203,0.400000,0.652879,0.200100
guiding,280,9,-0.419200,-0.255202,0.400000,0.854666,0.200100
guiding,280,10,-0.569202,-0.105200,0.400000,1.060499,0.200100
guiding,280,11,-0.719204,0.044802,0.400000,1.268411,0.200100
guiding,280,12,0.214111,-0.482971,0.400000,0.559609,0.379544
guiding,280,13,-0.085883,-0.483166,0.400000,0.523922,0.201473
guiding,280,14,-0.299198,-0.375203,0.400000,0.692741,0.200099
guiding,280,15,-0.449200,-0.225202,0.400000,0.895597,0.200099
guiding,280,16,-0.599202,-0.075200,0.400000,1.101952,0.200099
guiding,280,17,-0.749204,0.074802,0.400000,1.310155,0.200100
guiding,280,18,0.154116,-0.483166,0.400000,0.539323,0.330191
guiding,280,19,-0.145470,-0.480063,0.400000,0.539904,0.200546
guiding,280,20,-0.329198,-0.345203,0.400000,0.732892,0.200099
guiding,280,21,-0.479200,-0.195201,0.400000,0.936661,0.200099
guiding,280,22,-0.629202,-0.045200,0.400000,1.143476,0.200099
guiding,280,23,-0.779204,0.104802,0.400000,1.351942,0.200100
guiding,290,3,-0.309201,-0.365201,0.250000,0.706098,0.200100
guiding,290,4,-0.459202,-0.215200,0.400000,0.909273,0.200100
guiding,290,5,-0.609204,-0.065198,0.400000,1.115789,0.200100
guiding,290,7,0.134112,-0.482971,0.290001,0.534140,0.314393
guiding,290,8,-0.164220,-0.475611,0.400000,0.549502,0.200558
guiding,290,9,-0.339200,-0.335201,0.400000,0.746334,0.200100
guiding,290,10,-0.489202,-0.185200,0.400000,0.950378,0.200099
guiding,290,11,-0.639204,-0.035198,0.400000,1.157335,0.200100
guiding,290,12,0.374111,-0.482971,0.400000,0.638184,0.522375
guiding,290,13,0.074117,-0.483166,0.400000,0.522122,0.270951
guiding,290,14,-0.213403,-0.453786,0.400000,0.586421,0.200486
guiding,290,15,-0.369200,-0.305201,0.400000,0.786800,0.200099
guiding,290,16,-0.519202,-0.155200,0.400000,0.991594,0.200099
guiding,290,17,-0.669204,-0.005198,0.400000,1.198943,0.200100
guiding,290,18,0.314116,-0.483166,0.400000,0.604803,0.467599
guiding,290,19,0.014065,-0.483265,0.400000,0.516926,0.234805
guiding,290,20,-0.249198,-0.425203,0.400000,0.626491,0.200102
guiding,290,21,-0.399200,-0.275201,0.400000,0.827462,0.200099
guiding,290,22,-0.549202,-0.125200,0.400000,1.032908,0.200099
guiding,290,23,-0.699204,0.024802,0.400000,1.240607,0.200099
guiding,300,4,-0.379202,-0.295200,0.400000,0.800336,0.200100
guiding,300,5,-0.529204,-0.145198,0.400000,1.005358,0.200100
guiding,300,7,0.294112,-0.482971,0.240001,0.594828,0.449516
guiding,300,8,-0.005884,-0.483166,0.400000,0.516868,0.224951
guiding,300,9,-0.259200,-0.415201,0.400000,0.639668,0.200100
guiding,300,10,-0.409202,-0.265200,0.400000,0.841057,0.200100
guiding,300,11,-0.559204,-0.115198,0.400000,1.046701,0.200100
guiding,300,12,0.534111,-0.482971,0.400000,0.743367,0.672976
guiding,300,13,0.234117,-0.483166,0.400000,0.567387,0.396785
guiding,300,14,-0.065935,-0.483265,0.400000,0.520924,0.204767
guiding,300,15,-0.289200,-0.385201,0.400000,0.679422,0.200099
guiding,300,16,-0.439202,-0.235200,0.400000,0.881940,0.200099
guiding,300,17,-0.589204,-0.085198,0.400000,1.088129,0.200099
guiding,300,18,0.474116,-0.483166,0.400000,0.701358,0.616013
guiding,300,19,0.174065,-0.483265,0.400000,0.545265,0.346324
guiding,300,20,-0.125922,-0.482685,0.400000,0.532421,0.200485
guiding,300,21,-0.319200,-0.355201,0.400000,0.719482,0.200099
guiding,300,22,-0.469202,-0.205200,0.400000,0.922961,0.200099
guiding,300,23,-0.619204,-0.055198,0.400000,1.129630,0.200099
guiding,310,4,-0.299202,-0.375200,0.190000,0.692746,0.200100
guiding,310,5,-0.449204,-0.225198,0.400000,0.895602,0.200100
guiding,310,7,0.454112,-0.482971,0.150001,0.688140,0.597065
guiding,310,8,0.154116,-0.483166,0.400000,0.539323,0.330191
guiding,310,9,-0.145475,-0.480062,0.400000,0.539906,0.200546
guiding,310,10,-0.329202,-0.345200,0.400000,0.732897,0.200100
guiding,310,11,-0.479204,-0.195198,0.400000,0.936666,0.200099
guiding,310,12,0.694111,-0.482971,0.400000,0.865511,0.827114
guiding,310,13,0.394117,-0.483166,0.400000,0.649958,0.540982
guiding,310,14,0.094065,-0.483265,0.400000,0.525227,0.284845
guiding,310,15,-0.198435,-0.462160,0.400000,0.573279,0.200520
guiding,310,16,-0.359202,-0.315200,0.400000,0.773290,0.200099
guiding,310,17,-0.509204,-0.165198,0.400000,0.977846,0.200099
guiding,310,18,0.634116,-0.483166,0.400000,0.818059,0.769087
guiding,310,19,0.334065,-0.483265,0.400000,0.615317,0.485744
guiding,310,20,0.034048,-0.483260,0.400000,0.517860,0.245819
guiding,310,21,-0.238890,-0.435195,0.400000,0.613248,0.200469
guiding,310,22,-0.389202,-0.285200,0.400000,0.813891,0.200099
guiding,310,23,-0.539204,-0.135198,0.400000,1.019129,0.200099
guiding,320,5,-0.369204,-0.305198,0.400000,0.786805,0.200100
guiding,320,7,0.614111,-0.482971,0.100001,0.802778,0.749739
guiding,320,8,0.314116,-0.483166,0.340000,0.604803,0.467599
guiding,320,9,0.014061,-0.483265,0.400000,0.516926,0.234802
guiding,320,10,-0.249202,-0.425200,0.400000,0.626496,0.200102
guiding,320,11,-0.399204,-0.275198,0.400000,0.827467,0.200100
guiding,320,12,0.854110,-0.482971,0.400000,0.998411,0.983127
guiding,320,13,0.554116,-0.483166,0.400000,0.757735,0.692160
guiding,320,14,0.254065,-0.483265,0.400000,0.575816,0.414178
guiding,320,15,-0.045956,-0.483260,0.400000,0.518779,0.209823
guiding,320,16,-0.279202,-0.395200,0.400000,0.666136,0.200099
guiding,320,17,-0.429204,-0.245198,0.400000,0.868299,0.200099
guiding,320,18,0.794115,-0.483166,0.400000,0.947490,0.924510
guiding,320,19,0.494065,-0.483265,0.400000,0.714923,0.634944
guiding,320,20,0.194047,-0.483260,0.400000,0.551973,0.362806
guiding,320,21,-0.105893,-0.482971,0.400000,0.527762,0.200026
guiding,320,22,-0.309202,-0.365199,0.400000,0.706100,0.200099
guiding,320,23,-0.459204,-0.215198,0.400000,0.909276,0.200099
guiding,330,5,-0.289204,-0.385198,0.160000,0.679427,0.200100
guiding,330,7,0.774111,-0.482971,0.100001,0.930896,0.904947
guiding,330,8,0.474116,-0.483166,0.280000,0.701358,0.616013
guiding,330,9,0.174061,-0.483265,0.400000,0.545263,0.346320
guiding,330,10,-0.125930,-0.482684,0.400000,0.532423,0.200485
guiding,330,11,-0.319204,-0.355198,0.400000,0.719487,0.200100
guiding,330,12,1.014110,-0.482971,0.400000,1.138305,1.140246
guiding,330,13,0.714116,-0.483166,0.400000,0.881521,0.846586
guiding,330,14,0.414065,-0.483265,0.400000,0.662166,0.559598
guiding,330,15,0.114044,-0.483260,0.400000,0.529175,0.299376
guiding,330,16,-0.181965,-0.469549,0.400000,0.560793,0.200545
guiding,330,17,-0.349204,-0.325198,0.400000,0.759804,0.200099
guiding,330,18,0.954115,-0.483166,0.400000,1.085105,1.081268
guiding,330,19,0.654065,-0.483265,0.400000,0.833556,0.788392
guiding,330,20,0.354047,-0.483260,0.400000,0.626394,0.504014
guiding,330,21,0.054107,-0.482971,0.400000,0.519853,0.257741
guiding,330,22,-0.226859,-0.444703,0.400000,0.599850,0.200448
guiding,330,23,-0.379204,-0.295198,0.400000,0.800339,0.200099
guiding,340,7,0.934111,-0.482971,0.100001,1.067653,1.061579
guiding,340,8,0.634115,-0.483166,0.230000,0.818059,0.769087
guiding,340,9,0.334061,-0.483265,0.310000,0.615314,0.485740
guiding,340,10,0.034040,-0.483260,0.400000,0.517860,0.245815
guiding,340,11,-0.238894,-0.435191,0.400000,0.613253,0.200469
guiding,340,12,1.174111,-0.482971,0.400000,1.282909,1.298069
guiding,340,13,0.874116,-0.483166,0.400000,1.015478,1.002761
guiding,340,14,0.574065,-0.483265,0.400000,0.772376,0.711307
guiding,340,15,0.274043,-0.483260,0.400000,0.584910,0.431771
guiding,340,16,-0.025897,-0.482970,0.400000,0.517678,0.216379
guiding,340,17,-0.269204,-0.405197,0.400000,0.652887,0.200099
guiding,340,18,1.114115,-0.483166,0.400000,1.228157,1.238856
guiding,340,19,0.814065,-0.483265,0.400000,0.964218,0.944017
guiding,340,20,0.514047,-0.483260,0.400000,0.728879,0.653935
guiding,340,21,0.214107,-0.482971,0.400000,0.559608,0.379540
guiding,340,22,-0.085892,-0.483165,0.400000,0.523923,0.201471
guiding,340,23,-0.299204,-0.375197,0.400000,0.692749,0.200099
guiding,350,7,1.094111,-0.482971,0.100001,1.210123,1.219087
guiding,350,8,0.794115,-0.483166,0.230000,0.947490,0.924509
guiding,350,9,0.494061,-0.483265,0.010000,0.714920,0.634940
guiding,350,10,0.194040,-0.483260,0.400000,0.551971,0.362800
guiding,350,11,-0.105901,-0.482970,0.400000,0.527764,0.200025
guiding,350,12,1.334111,-0.482971,0.400000,1.430794,1.456367
guiding,350,13,1.034116,-0.483166,0.400000,1.156077,1.159980
guiding,350,14,0.734064,-0.483265,0.400000,0.897700,0.866004
guiding,350,15,0.434044,-0.483260,0.400000,0.674844,0.578296
guiding,350,16,0.134103,-0.482970,0.400000,0.534138,0.314387
guiding,350,17,-0.164231,-0.475608,0.400000,0.549508,0.200558
guiding,350,18,1.274115,-0.483166,0.400000,1.374950,1.396992
guiding,350,19,0.974065,-0.483265,0.400000,1.102641,1.100897
guiding,350,20,0.674047,-0.483260,0.400000,0.849329,0.807733
guiding,350,21,0.374107,-0.482971,0.400000,0.638181,0.522371
guiding,350,22,0.074108,-0.483165,0.400000,0.522121,0.270946
guiding,350,23,-0.213411,-0.453781,0.400000,0.586429,0.200486
guiding,360,7,1.254111,-0.482971,0.100001,1.356508,1.377169
guiding,360,8,0.954115,-0.483166,0.230000,1.085105,1.081268
guiding,360,10,0.354040,-0.483260,0.110000,0.626390,0.504007
guiding,360,11,0.054099,-0.482970,0.400000,0.519853,0.257736
guiding,360,12,1.494111,-0.482971,0.400000,1.581040,1.615001
guiding,360,13,1.194116,-0.483166,0.400000,1.301165,1.317869
guiding,360,14,0.894064,-0.483265,0.400000,1.032650,1.022335
guiding,360,15,0.594043,-0.483260,0.400000,0.787342,0.730497
guiding,360,16,0.294103,-0.482970,0.400000,0.594825,0.449509
guiding,360,17,-0.005896,-0.483165,0.400000,0.516869,0.224945
guiding,360,18,1.434116,-0.483166,0.400000,1.524403,1.555510
guiding,360,19,1.134065,-0.483265,0.400000,1.246241,1.258563
guiding,360,20,0.834047,-0.483260,0.400000,0.981150,0.963552
guiding,360,21,0.534107,-0.482971,0.400000,0.743363,0.672972
guiding,360,22,0.234108,-0.483165,0.400000,0.567384,0.396777
guiding,360,23,-0.065947,-0.483265,0.400000,0.520926,0.204765
guiding,370,7,1.414111,-0.482971,0.100001,1.505666,1.535649
guiding,370,8,1.114115,-0.483166,0.230000,1.228157,1.238856
guiding,370,11,0.214099,-0.482970,0.210000,0.559606,0.379534
guiding,370,12,1.654112,-0.482971,0.400000,1.733033,1.773880
guiding,370,13,1.354116,-0.483166,0.400000,1.449396,1.476212
guiding,370,14,1.054064,-0.483265,0.400000,1.173910,1.179651
guiding,370,15,0.754043,-0.483260,0.400000,0.914112,0.885452
guiding,370,16,0.454103,-0.482970,0.400000,0.688135,0.597057
guiding,370,17,0.154104,-0.483165,0.400000,0.539320,0.330182
guiding,370,18,1.594116,-0.483166,0.400000,1.675805,1.714303
guiding,370,19,1.294065,-0.483265,0.400000,1.393420,1.416753
guiding,370,20,0.994047,-0.483260,0.400000,1.120334,1.120550
guiding,370,21,0.694106,-0.482971,0.400000,0.865507,0.827110
guiding,370,22,0.394108,-0.483165,0.400000,0.649953,0.540974
guiding,370,23,0.094053,-0.483265,0.400000,0.525225,0.284837
guiding,380,7,1.574112,-0.482971,0.100001,1.656849,1.694414
guiding,380,8,1.274115,-0.483166,0.230000,1.374950,1.396992
guiding,380,11,0.310099,-0.482970,0.000000,0.602894,0.463888
guiding,380,12,1.814112,-0.482971,0.400000,1.886351,1.932944
guiding,380,13,1.514117,-0.483166,0.400000,1.599896,1.634878
guiding,380,14,1.214064,-0.483265,0.400000,1.319457,1.337604
guiding,380,15,0.914043,-0.483260,0.400000,1.049997,1.041933
guiding,380,16,0.614103,-0.482970,0.370000,0.802772,0.749731
guiding,380,17,0.314104,-0.483165,0.340000,0.604797,0.467589
guiding,380,18,1.754116,-0.483166,0.400000,1.828672,1.873302
guiding,380,19,1.454065,-0.483265,0.400000,1.543153,1.575309
guiding,380,20,1.154047,-0.483260,0.400000,1.264454,1.278294
guiding,380,21,0.854106,-0.482971,0.400000,0.998407,0.983123
guiding,380,22,0.554108,-0.483165,0.400000,0.757730,0.692152
guiding,380,23,0.254053,-0.483265,0.400000,0.575811,0.414168
guiding,390,7,1.734112,-0.482971,0.100001,1.809548,1.853392
guiding,390,8,1.434116,-0.483166,0.230000,1.524403,1.555510
guiding,390,11,0.310099,-0.482970,0.000000,0.602894,0.463888
guiding,390,12,1.974112,-0.482971,0.400000,2.040695,2.092151
guiding,390,13,1.674117,-0.483166,0.400000,1.752080,1.793781
guiding,390,14,1.374065,-0.483265,0.400000,1.468015,1.495992
guiding,390,15,1.074043,-0.483260,0.400000,1.191884,1.199343
guiding,390,16,0.774103,-0.482970,0.370000,0.930889,0.904939
guiding,390,17,0.474104,-0.483165,0.040000,0.701351,0.616002
guiding,390,18,1.914117,-0.483166,0.400000,1.982665,2.032458
guiding,390,19,1.614066,-0.483265,0.400000,1.694763,1.734130
guiding,390,20,1.314047,-0.483260,0.400000,1.411999,1.436536
guiding,390,21,1.014106,-0.482971,0.400000,1.138301,1.140241
guiding,390,22,0.714108,-0.483165,0.400000,0.881515,0.846578
guiding,390,23,0.414053,-0.483265,0.400000,0.662159,0.559588
guiding,400,7,1.894112,-0.482971,0.100001,1.963411,2.012532
guiding,400,8,1.594116,-0.483166,0.230000,1.675805,1.714303
guiding,400,11,0.310099,-0.482970,0.000000,0.602894,0.463888
guiding,400,12,2.134112,-0.482971,0.400000,2.195849,2.251471
guiding,400,13,1.834117,-0.483166,0.400000,1.905546,1.952864
guiding,400,14,1.534065,-0.483265,0.400000,1.618756,1.654690
guiding,400,15,1.234043,-0.483260,0.400000,1.337865,1.357360
guiding,400,16,0.934103,-0.482970,0.370000,1.067646,1.061571
guiding,400,18,2.074117,-0.483166,0.400000,2.137540,2.191737
guiding,400,19,1.774066,-0.483265,0.400000,1.847789,1.893149
guiding,400,20,1.474048,-0.483260,0.400000,1.561998,1.595130
guiding,400,21,1.174106,-0.482971,0.400000,1.282905,1.298064
guiding,400,22,0.874108,-0.483165,0.400000,1.015471,1.002753
guiding,400,23,0.574053,-0.483265,0.140000,0.772368,0.711295
guiding,410,7,2.054113,-0.482971,0.100001,2.118183,2.171799
guiding,410,8,1.754116,-0.483166,0.230000,1.828672,1.873302
guiding,410,11,0.310099,-0.482970,0.000000,0.602894,0.463888
guiding,410,12,2.294113,-0.482971,0.400000,2.351653,2.410880
guiding,410,13,1.994118,-0.483166,0.400000,2.060006,2.112085
guiding,410,14,1.694065,-0.483265,0.400000,1.771122,1.813617
guiding,410,15,1.394043,-0.483260,0.400000,1.486734,1.515792
guiding,410,16,1.094103,-0.482970,0.370000,1.210116,1.219079
guiding,410,18,2.234117,-0.483166,0.400000,2.293120,2.351114
guiding,410,19,1.934066,-0.483265,0.400000,2.001906,2.052321
guiding,410,20,1.634048,-0.483260,0.400000,1.713807,1.753979
guiding,410,21,1.334106,-0.482971,0.400000,1.430790,1.456362
guiding,410,22,1.034107,-0.483165,0.400000,1.156069,1.159972
guiding,410,23,0.734053,-0.483265,0.140000,0.897691,0.865993
guiding,420,7,2.214113,-0.482971,0.100001,2.273679,2.331166
guiding,420,8,1.914117,-0.483166,0.230000,1.982665,2.032458
guiding,420,11,0.310099,-0.482970,0.000000,0.602894,0.463888
guiding,420,12,2.454113,-0.482971,0.400000,2.507985,2.570363
guiding,420,13,2.154118,-0.483166,0.400000,2.215252,2.271415
guiding,420,14,1.854066,-0.483265,0.400000,1.924727,1.972718
guiding,420,15,1.554044,-0.483260,0.400000,1.637703,1.674523
guiding,420,16,1.254103,-0.482970,0.370000,1.356501,1.377161
guiding,420,18,2.394118,-0.483166,0.400000,2.449269,2.510570
guiding,420,19,2.094067,-0.483265,0.400000,2.156880,2.211613
guiding,420,20,1.794048,-0.483260,0.400000,1.866984,1.913020
guiding,420,21,1.494107,-0.482971,0.400000,1.581036,1.614996
guiding,420,22,1.194108,-0.483165,0.400000,1.301158,1.317860
guiding,420,23,0.894053,-0.483265,0.140000,1.032640,1.022324
guiding,430,7,2.374113,-0.482971,0.100001,2.429760,2.490614
guiding,430,8,2.074117,-0.483166,0.230000,2.137540,2.191737
guiding,430,11,0.310099,-0.482970,0.000000,0.602894,0.463888
guiding,430,12,2.614113,-0.482971,0.400000,2.664753,2.729907
guiding,430,13,2.314118,-0.483166,0.400000,2.371131,2.430834
guiding,430,14,2.014066,-0.483265,0.400000,2.079297,2.131953
guiding,430,15,1.714044,-0.483260,0.400000,1.790242,1.833475
guiding,430,16,1.414103,-0.482970,0.370000,1.505659,1.535641
guiding,430,18,2.554118,-0.483166,0.400000,2.605885,2.670091
guiding,430,19,2.254067,-0.483265,0.400000,2.312538,2.371000
guiding,430,20,1.954049,-0.483260,0.400000,2.021219,2.072208
guiding,430,21,1.654107,-0.482971,0.400000,1.733029,1.773876
guiding,430,22,1.354108,-0.483165,0.400000,1.449389,1.476204
guiding,430,23,1.054052,-0.483265,0.140000,1.173900,1.179639
guiding,440,7,2.534114,-0.482971,0.100001,2.586320,2.650129
guiding,440,8,2.234117,-0.483166,0.230000,2.293120,2.351114
guiding,440,11,0.310099,-0.482970,0.000000,0.602894,0.463888
guiding,440,12,2.774114,-0.482971,0.400000,2.821883,2.889501
guiding,440,13,2.474119,-0.483166,0.400000,2.527525,2.590324
guiding,440,14,2.174066,-0.483265,0.400000,2.234632,2.291295
guiding,440,15,1.874044,-0.483260,0.400000,1.943981,1.992594
guiding,440,16,1.574104,-0.482970,0.370000,1.656841,1.694406
guiding,440,18,2.714118,-0.483166,0.400000,2.762889,2.829666
guiding,440,19,2.414067,-0.483265,0.400000,2.468752,2.530464
guiding,440,20,2.114049,-0.483260,0.400000,2.176286,2.231513
guiding,440,21,1.814107,-0.482971,0.400000,1.886347,1.932940
guiding,440,22,1.514108,-0.483165,0.400000,1.599888,1.634870
guiding,440,23,1.214053,-0.483265,0.140000,1.319447,1.337592
guiding,450,7,2.694114,-0.482971,0.100001,2.743277,2.809699
guiding,450,8,2.394118,-0.483166,0.230000,2.449269,2.510570
guiding,450,11,0.310099,-0.482970,0.000000,0.602894,0.463888
guiding,450,12,2.934114,-0.482971,0.400000,2.979319,3.049138
guiding,450,13,2.634119,-0.483166,0.400000,2.684344,2.749873
guiding,450,14,2.334066,-0.483265,0.400000,2.390582,2.450722
guiding,450,15,2.034045,-0.483260,0.400000,2.098656,2.151844
guiding,450,16,1.734104,-0.482970,0.370000,1.809540,1.853384
guiding,450,18,2.874119,-0.483166,0.400000,2.920218,2.989287
guiding,450,19,2.574068,-0.483265,0.400000,2.625422,2.689992
guiding,450,20,2.274049,-0.483260,0.400000,2.332021,2.390911
guiding,450,21,1.974108,-0.482971,0.400000,2.040691,2.092147
guiding,450,22,1.674109,-0.483165,0.400000,1.752073,1.793773
guiding,450,23,1.374053,-0.483265,0.140000,1.468004,1.495980
guiding,460,7,2.854114,-0.482971,0.100001,2.900567,2.969315
guiding,460,8,2.554118,-0.483166,0.230000,2.605885,2.670091
guiding,460,11,0.310099,-0.482970,0.000000,0.602894,0.463888
guiding,460,12,3.094114,-0.482971,0.400000,3.137015,3.208811
guiding,460,13,2.794119,-0.483166,0.400000,2.841517,2.909472
guiding,460,14,2.494067,-0.483265,0.400000,2.547034,2.610220
guiding,460,15,2.194045,-0.483260,0.400000,2.254075,2.311198
guiding,460,16,1.894104,-0.482970,0.370000,1.963403,2.012524
guiding,460,18,3.034119,-0.483166,0.400000,3.077823,3.148946
guiding,460,19,2.734068,-0.483265,0.400000,2.782470,2.849573
guiding,460,20,2.434049,-0.483260,0.400000,2.488296,2.550384
guiding,460,21,2.134108,-0.482971,0.400000,2.195845,2.251466
guiding,460,22,1.834109,-0.483165,0.400000,1.905538,1.952855
guiding,460,23,1.534053,-0.483265,0.140000,1.618745,1.654679
guiding,470,7,3.014115,-0.482971,0.100001,3.058138,3.128970
guiding,470,8,2.714118,-0.483166,0.230000,2.762889,2.829666
guiding,470,11,0.310099,-0.482970,0.000000,0.602894,0.463888
guiding,470,12,3.254115,-0.482971,0.400000,3.294933,3.368515
guiding,470,13,2.954120,-0.483166,0.400000,2.998990,3.069113
guiding,470,14,2.654067,-0.483265,0.400000,2.703902,2.769776
guiding,470,15,2.354045,-0.483260,0.400000,2.410093,2.470635
guiding,470,16,2.054105,-0.482970,0.370000,2.118175,2.171791
guiding,470,18,3.194119,-0.483166,0.400000,3.235663,3.308639
guiding,470,19,2.894068,-0.483265,0.400000,2.939838,3.009199
guiding,470,20,2.594050,-0.483260,0.400000,2.645017,2.709919
guiding,470,21,2.294108,-0.482971,0.400000,2.351649,2.410876
guiding,470,22,1.994109,-0.483165,0.400000,2.059998,2.112076
guiding,470,23,1.694054,-0.483265,0.140000,1.771111,1.813606
guiding,480,7,3.174115,-0.482971,0.100001,3.215949,3.288659
guiding,480,8,2.874119,-0.483166,0.230000,2.920218,2.989287
guiding,480,11,0.310099,-0.482970,0.000000,0.602894,0.463888
guiding,480,12,3.414115,-0.482971,0.400000,3.453042,3.528245
guiding,480,13,3.114120,-0.483166,0.400000,3.156717,3.228790
guiding,480,14,2.814067,-0.483265,0.400000,2.861117,2.929380
guiding,480,15,2.514046,-0.483260,0.400000,2.566602,2.630140
guiding,480,16,2.214105,-0.482970,0.370000,2.273671,2.331158
guiding,480,18,3.354120,-0.483166,0.400000,3.393705,3.468359
guiding,480,19,3.054069,-0.483265,0.400000,3.097475,3.168862
guiding,480,20,2.754050,-0.483260,0.400000,2.802109,2.869506
guiding,480,21,2.454108,-0.482971,0.400000,2.507981,2.570359
guiding,480,22,2.154110,-0.483165,0.400000,2.215244,2.271407
guiding,480,23,1.854054,-0.483265,0.140000,1.924716,1.972706
guiding,490,7,3.334115,-0.482971,0.100001,3.373966,3.448377
guiding,490,8,3.034119,-0.483166,0.230000,3.077823,3.148946
guiding,490,11,0.310099,-0.482970,0.000000,0.602894,0.463888
guiding,490,12,3.574115,-0.482971,0.400000,3.611318,3.687999
guiding,490,13,3.274120,-0.483166,0.400000,3.314662,3.388497
guiding,490,14,2.974068,-0.483265,0.400000,3.018625,3.089025
guiding,490,15,2.674046,-0.483260,0.400000,2.723516,2.789703
guiding,490,16,2.374105,-0.482970,0.370000,2.429752,2.490606
guiding,490,18,3.514120,-0.483166,0.400000,3.551923,3.628105
guiding,490,19,3.214069,-0.483265,0.400000,3.255342,3.328558
guiding,490,20,2.914050,-0.483260,0.400000,2.959512,3.029137
guiding,490,21,2.614109,-0.482971,0.400000,2.664748,2.729902
guiding,490,22,2.314110,-0.483165,0.400000,2.371123,2.430825
guiding,490,23,2.014054,-0.483265,0.140000,2.079286,2.131942
guiding,500,7,3.494116,-0.482971,0.100001,3.532161,3.608120
guiding,500,8,3.194119,-0.483166,0.230000,3.235663,3.308639
guiding,500,11,0.310099,-0.482970,0.000000,0.602894,0.463888
guiding,500,12,3.734116,-0.482971,0.400000,3.769740,3.847774
guiding,500,13,3.434121,-0.483166,0.400000,3.472795,3.548230
guiding,500,14,3.134068,-0.483265,0.400000,3.176381,3.248706
guiding,500,15,2.834046,-0.483260,0.400000,2.880770,2.949312
guiding,500,16,2.534106,-0.482970,0.370000,2.586312,2.650120
guiding,500,18,3.674120,-0.483166,0.400000,3.710293,3.787871
guiding,500,19,3.374069,-0.483265,0.400000,3.413409,3.488282
guiding,500,20,3.074051,-0.483260,0.400000,3.117179,3.188804
guiding,500,21,2.774109,-0.482971,0.400000,2.821879,2.889496
guiding,500,22,2.474110,-0.483165,0.400000,2.527517,2.590316
guiding,500,23,2.174055,-0.483265,0.140000,2.234620,2.291283
guiding,510,7,3.654116,-0.482971,0.100001,3.690512,3.767885
guiding,510,8,3.354120,-0.483166,0.230000,3.393705,3.468359
guiding,510,11,0.310099,-0.482970,0.000000,0.602894,0.463888
guiding,510,12,3.894116,-0.482971,0.400000,3.928289,4.007567
guiding,510,13,3.594121,-0.483166,0.400000,3.631091,3.707986
guiding,510,14,3.294068,-0.483265,0.400000,3.334352,3.408416
guiding,510,15,2.994047,-0.483260,0.400000,3.038311,3.108962
guiding,510,16,2.694106,-0.482970,0.370000,2.743269,2.809690
guiding,510,18,3.834121,-0.483166,0.400000,3.868798,3.947657
guiding,510,19,3.534070,-0.483265,0.400000,3.571647,3.648030
guiding,510,20,3.234051,-0.483260,0.400000,3.275074,3.348504
guiding,510,21,2.934109,-0.482971,0.400000,2.979315,3.049133
guiding,510,22,2.634111,-0.483165,0.400000,2.684335,2.749865
guiding,510,23,2.334055,-0.483265,0.140000,2.390571,2.450711
guiding,520,7,3.814116,-0.482971,0.100001,3.849000,3.927669
guiding,520,8,3.514120,-0.483166,0.230000,3.551923,3.628105
guiding,520,11,0.310099,-0.482970,0.000000,0.602894,0.463888
guiding,520,12,4.054115,-0.482971,0.400000,4.086951,4.167375
guiding,520,13,3.754121,-0.483166,0.400000,3.789531,3.867763
guiding,520,14,3.454069,-0.483265,0.400000,3.492507,3.568152
guiding,520,15,3.154047,-0.483260,0.400000,3.196096,3.268646
guiding,520,16,2.854106,-0.482970,0.370000,2.900559,2.969307
guiding,520,18,3.994121,-0.483166,0.400000,4.027421,4.107460
guiding,520,19,3.694070,-0.483265,0.400000,3.730036,3.807799
guiding,520,20,3.394051,-0.483260,0.400000,3.433162,3.508231
guiding,520,21,3.094110,-0.482971,0.400000,3.137011,3.208806
guiding,520,22,2.794111,-0.483165,0.400000,2.841509,2.909464
guiding,520,23,2.494055,-0.483265,0.140000,2.547023,2.610209
guiding,530,7,3.974117,-0.482971,0.100001,4.007608,4.087470
guiding,530,8,3.674120,-0.483166,0.230000,3.710293,3.787871
guiding,530,11,0.310099,-0.482970,0.000000,0.602894,0.463888
guiding,530,12,4.214113,-0.482971,0.400000,4.245712,4.327195
guiding,530,13,3.914122,-0.483166,0.400000,3.948097,4.027557
guiding,530,14,3.614069,-0.483265,0.400000,3.650823,3.727911
guiding,530,15,3.314047,-0.483260,0.400000,3.354091,3.428360
guiding,530,16,3.014107,-0.482970,0.370000,3.058130,3.128962
guiding,530,18,4.154119,-0.483166,0.400000,4.186147,4.267275
guiding,530,19,3.854070,-0.483265,0.400000,3.888556,3.967586
guiding,530,20,3.554052,-0.483260,0.400000,3.591421,3.667981
guiding,530,21,3.254110,-0.482971,0.400000,3.294928,3.368510
guiding,530,22,2.954111,-0.483165,0.400000,2.998982,3.069105
guiding,530,23,2.654056,-0.483265,0.140000,2.703891,2.769765
guiding,540,7,4.134115,-0.482971,0.100001,4.166320,4.247283
guiding,540,8,3.834121,-0.483166,0.230000,3.868798,3.947657
guiding,540,11,0.310099,-0.482970,0.000000,0.602894,0.463888
guiding,540,12,4.374111,-0.482971,0.400000,4.404562,4.487028
guiding,540,13,4.074121,-0.483166,0.400000,4.106772,4.187366
guiding,540,14,3.774069,-0.483265,0.400000,3.809280,3.887690
guiding,540,15,3.474048,-0.483260,0.400000,3.512268,3.588099
guiding,540,16,3.174107,-0.482970,0.370000,3.215941,3.288651
guiding,540,18,4.314117,-0.483166,0.400000,4.344965,4.427103
guiding,540,19,4.014071,-0.483265,0.400000,4.047194,4.127390
guiding,540,20,3.714052,-0.483260,0.400000,3.749827,3.827753
guiding,540,21,3.414110,-0.482971,0.400000,3.453038,3.528241
guiding,540,22,3.114112,-0.483165,0.400000,3.156709,3.228781
guiding,540,23,2.814056,-0.483265,0.140000,2.861106,2.929369
guiding,550,7,4.294113,-0.482971,0.100001,4.325127,4.407110
guiding,550,8,3.994121,-0.483166,0.230000,4.027421,4.107460
guiding,550,11,0.310099,-0.482970,0.000000,0.602894,0.463888
guiding,550,12,4.534109,-0.482971,0.400000,4.563493,4.646872
guiding,550,13,4.234119,-0.483166,0.400000,4.265546,4.347188
guiding,550,14,3.934070,-0.483265,0.400000,3.967861,4.047486
guiding,550,15,3.634048,-0.483260,0.400000,3.670603,3.747861
guiding,550,16,3.334107,-0.482970,0.370000,3.373958,3.448369
guiding,550,18,4.474115,-0.483166,0.400000,4.503868,4.586943
guiding,550,19,4.174068,-0.483265,0.400000,4.205932,4.287207
guiding,550,20,3.874052,-0.483260,0.400000,3.908363,3.987543
guiding,550,21,3.574111,-0.482971,0.400000,3.611314,3.687995
guiding,550,22,3.274112,-0.483165,0.400000,3.314653,3.388488
guiding,550,23,2.974056,-0.483265,0.140000,3.018613,3.089014
guiding,560,7,4.454111,-0.482971,0.100001,4.484018,4.566949
guiding,560,8,4.154119,-0.483166,0.230000,4.186147,4.267275
guiding,560,11,0.310099,-0.482970,0.000000,0.602894,0.463888
guiding,560,12,4.694107,-0.482971,0.400000,4.722495,4.806727
guiding,560,13,4.394117,-0.483166,0.400000,4.424407,4.507022
guiding,560,14,4.094069,-0.483265,0.400000,4.126550,4.207296
guiding,560,15,3.794048,-0.483260,0.400000,3.829076,3.907642
guiding,560,16,3.494107,-0.482970,0.370000,3.532153,3.608112
guiding,560,18,4.634113,-0.483166,0.400000,4.662845,4.746793
guiding,560,19,4.334066,-0.483265,0.400000,4.364762,4.447036
guiding,560,20,4.034052,-0.483260,0.400000,4.067013,4.147348
guiding,560,21,3.734111,-0.482971,0.400000,3.769735,3.847769
guiding,560,22,3.434112,-0.483165,0.400000,3.472786,3.548222
guiding,560,23,3.134057,-0.483265,0.140000,3.176370,3.248694
guiding,570,7,4.614109,-0.482971,0.100001,4.642986,4.726799
guiding,570,8,4.314117,-0.483166,0.230000,4.344965,4.427103
guiding,570,11,0.310099,-0.482970,0.000000,0.602894,0.463888
guiding,570,12,4.854105,-0.482971,0.400000,4.881563,4.966591
guiding,570,13,4.554115,-0.483166,0.400000,4.583348,4.666868
guiding,570,14,4.254066,-0.483265,0.400000,4.285335,4.367119
guiding,570,15,3.954049,-0.483260,0.400000,3.987671,4.067440
guiding,570,16,3.654108,-0.482970,0.370000,3.690505,3.767877
guiding,570,18,4.794111,-0.483166,0.400000,4.821889,4.906653
guiding,570,19,4.494064,-0.483265,0.400000,4.523674,4.606878
guiding,570,20,4.194050,-0.483260,0.400000,4.225763,4.307167
guiding,570,21,3.894111,-0.482971,0.400000,3.928285,4.007562
guiding,570,22,3.594113,-0.483165,0.400000,3.631083,3.707978
guiding,570,23,3.294057,-0.483265,0.140000,3.334340,3.408404
guiding,580,7,4.774107,-0.482971,0.100001,4.802022,4.886658
guiding,580,8,4.474115,-0.483166,0.230000,4.503868,4.586943
guiding,580,11,0.310099,-0.482970,0.000000,0.602894,0.463888
guiding,580,12,5.014103,-0.482971,0.400000,5.040689,5.126463
guiding,580,13,4.714113,-0.483166,0.400000,4.742360,4.826723
guiding,580,14,4.414064,-0.483265,0.400000,4.444207,4.526955
guiding,580,15,4.114047,-0.483260,0.400000,4.146372,4.227252
guiding,580,16,3.814108,-0.482970,0.370000,3.848992,3.927661
guiding,580,18,4.954109,-0.483166,0.400000,4.980995,5.066523
guiding,580,19,4.654062,-0.483265,0.400000,4.682661,4.766729
guiding,580,20,4.354048,-0.483260,0.400000,4.384604,4.466998
guiding,580,21,4.054111,-0.482971,0.400000,4.086947,4.167370
guiding,580,22,3.754113,-0.483165,0.400000,3.789523,3.867755
guiding,580,23,3.454057,-0.483265,0.140000,3.492496,3.568141
guiding,590,7,4.934104,-0.482971,0.100001,4.961120,5.046526
guiding,590,8,4.634113,-0.483166,0.230000,4.662845,4.746793
guiding,590,11,0.310099,-0.482970,0.000000,0.602894,0.463888
guiding,590,12,5.174101,-0.482971,0.400000,5.199869,5.286343
guiding,590,13,4.874111,-0.483166,0.400000,4.901436,4.986588
guiding,590,14,4.574062,-0.483265,0.400000,4.603158,4.686801
guiding,590,15,4.274045,-0.483260,0.400000,4.305169,4.387076
guiding,590,16,3.974108,-0.482970,0.370000,4.007600,4.087461
guiding,590,18,5.114107,-0.483166,0.400000,5.140156,5.226399
guiding,590,19,4.814060,-0.483265,0.400000,4.841713,4.926590
guiding,590,20,4.514046,-0.483260,0.400000,4.543526,4.626840
guiding,590,21,4.214109,-0.482971,0.400000,4.245708,4.327190
guiding,590,22,3.914113,-0.483165,0.400000,3.948088,4.027549
guiding,590,23,3.614058,-0.483265,0.140000,3.650812,3.727899
guiding,600,7,5.094102,-0.482971,0.100001,5.120273,5.206402
guiding,600,8,4.794111,-0.483166,0.230000,4.821889,4.906653
guiding,600,11,0.310099,-0.482970,0.000000,0.602894,0.463888
guiding,600,12,5.334099,-0.482971,0.400000,5.359098,5.446229
guiding,600,13,5.034109,-0.483166,0.400000,5.060570,5.146461
guiding,600,14,4.734060,-0.483265,0.400000,4.762178,4.846658
guiding,600,15,4.434043,-0.483260,0.400000,4.464052,4.546914
guiding,600,16,4.134107,-0.482970,0.370000,4.166312,4.247275
guiding,600,18,5.274105,-0.483166,0.400000,5.299367,5.386283
guiding,600,19,4.974058,-0.483265,0.400000,5.000827,5.086461
guiding,600,20,4.674044,-0.483260,0.400000,4.702521,4.786693
guiding,600,21,4.374107,-0.482971,0.400000,4.404558,4.487023
guiding,600,22,4.074112,-0.483165,0.400000,4.106764,4.187358
guiding,600,23,3.774058,-0.483265,0.140000,3.809269,3.887678
guiding,610,7,5.254100,-0.482971,0.100001,5.279478,5.366286
guiding,610,8,4.954109,-0.483166,0.230000,4.980995,5.066523
guiding,610,11,0.310099,-0.482970,0.000000,0.602894,0.463888
guiding,610,12,5.494097,-0.482971,0.400000,5.518371,5.606122
guiding,610,13,5.194107,-0.483166,0.400000,5.219757,5.306342
guiding,610,14,4.894058,-0.483265,0.400000,4.921262,5.006524
guiding,610,15,4.594041,-0.483260,0.400000,4.623011,4.706761
guiding,610,16,4.294105,-0.482970,0.370000,4.325119,4.407102
guiding,610,18,5.434103,-0.483166,0.400000,5.458625,5.546174
guiding,610,19,5.134056,-0.483265,0.400000,5.159995,5.246338
guiding,610,20,4.834042,-0.483260,0.400000,4.861582,4.946555
guiding,610,21,4.534105,-0.482971,0.400000,4.563488,4.646868
guiding,610,22,4.234110,-0.483165,0.400000,4.265537,4.347179
guiding,610,23,3.934058,-0.483265,0.140000,3.967849,4.047474
guiding,620,7,5.414098,-0.482971,0.100001,5.438730,5.526175
guiding,620,8,5.114107,-0.483166,0.230000,5.140156,5.226399
guiding,620,11,0.310099,-0.482970,0.000000,0.602894,0.463888
guiding,620,12,5.654095,-0.482971,0.400000,5.677685,5.766021
guiding,620,13,5.354105,-0.483166,0.400000,5.378992,5.466229
guiding,620,14,5.054056,-0.483265,0.400000,5.080403,5.166397
guiding,620,15,4.754039,-0.483260,0.400000,4.782040,4.866619
guiding,620,16,4.454103,-0.482970,0.370000,4.484010,4.566941
guiding,620,18,5.594100,-0.483166,0.400000,5.617925,5.706070
guiding,620,19,5.294054,-0.483265,0.400000,5.319212,5.406223
guiding,620,20,4.994040,-0.483260,0.400000,5.020702,5.106426
guiding,620,21,4.694103,-0.482971,0.400000,4.722491,4.806723
guiding,620,22,4.394108,-0.483165,0.400000,4.424399,4.507014
guiding,620,23,4.094057,-0.483265,0.140000,4.126538,4.207284
guiding,630,7,5.574096,-0.482971,0.100001,5.598023,5.686072
guiding,630,8,5.274105,-0.483166,0.230000,5.299367,5.386283
guiding,630,11,0.310099,-0.482970,0.000000,0.602894,0.463888
guiding,630,12,5.814093,-0.482971,0.400000,5.837036,5.925926
guiding,630,13,5.514102,-0.483166,0.400000,5.538271,5.626122
guiding,630,14,5.214054,-0.483265,0.400000,5.239597,5.326279
guiding,630,15,4.914037,-0.483260,0.400000,4.941131,5.026486
guiding,630,16,4.614100,-0.482970,0.370000,4.642978,4.726790
guiding,630,18,5.754098,-0.483166,0.400000,5.777263,5.865973
guiding,630,19,5.454052,-0.483265,0.400000,5.478476,5.566114
guiding,630,20,5.154037,-0.483260,0.400000,5.179877,5.266304
guiding,630,21,4.854101,-0.482971,0.400000,4.881558,4.966586
guiding,630,22,4.554106,-0.483165,0.400000,4.583340,4.666859
guiding,630,23,4.254055,-0.483265,0.140000,4.285324,4.367108
guiding,640,7,5.734094,-0.482971,0.100001,5.757357,5.845973
guiding,640,8,5.434103,-0.483166,0.230000,5.458625,5.546174
guiding,640,11,0.310099,-0.482970,0.000000,0.602894,0.463888
guiding,640,12,5.974091,-0.482971,0.400000,5.996422,6.085835
guiding,640,13,5.674100,-0.483166,0.400000,5.697590,5.786022
guiding,640,14,5.374052,-0.483265,0.400000,5.398838,5.486166
guiding,640,15,5.074035,-0.483260,0.400000,5.100279,5.186361
guiding,640,16,4.774098,-0.482970,0.370000,4.802014,4.886650
guiding,640,18,5.914096,-0.483166,0.400000,5.936636,6.025880
guiding,640,19,5.614050,-0.483265,0.400000,5.637781,5.726011
guiding,640,20,5.314035,-0.483260,0.400000,5.339100,5.426190
guiding,640,21,5.014099,-0.482971,0.400000,5.040685,5.126459
guiding,640,22,4.714104,-0.483165,0.400000,4.742352,4.826715
guiding,640,23,4.414053,-0.483265,0.140000,4.444196,4.526943
no_membrane,0,0,-3.484000,0.200000,0.400000,3.684869,-1.000000
no_membrane,0,1,-3.784000,0.200000,0.400000,3.969717,-1.000000
no_membrane,0,2,-4.084000,0.200000,0.400000,4.256649,-1.000000
no_membrane,0,3,-4.384000,0.200000,0.400000,4.545268,-1.000000
no_membrane,0,4,-4.684000,0.200000,0.400000,4.835272,-1.000000
no_membrane,0,5,-4.984000,0.200000,0.400000,5.126428,-1.000000
no_membrane,0,6,-3.484000,0.260000,0.400000,3.704842,-1.000000
no_membrane,0,7,-3.784000,0.260000,0.400000,3.988265,-1.000000
no_membrane,0,8,-4.084000,0.260000,0.400000,4.273951,-1.000000
no_membrane,0,9,-4.384000,0.260000,0.400000,4.561475,-1.000000
no_membrane,0,10,-4.684000,0.260000,0.400000,4.850511,-1.000000
no_membrane,0,11,-4.984000,0.260000,0.400000,5.140803,-1.000000
no_membrane,0,12,-3.484000,0.320000,0.400000,3.725675,-1.000000
no_membrane,0,13,-3.784000,0.320000,0.400000,4.007625,-1.000000
no_membrane,0,14,-4.084000,0.320000,0.400000,4.292022,-1.000000
no_membrane,0,15,-4.384000,0.320000,0.400000,4.578412,-1.000000
no_membrane,0,16,-4.684000,0.320000,0.400000,4.866442,-1.000000
no_membrane,0,17,-4.984000,0.320000,0.400000,5.155837,-1.000000
no_membrane,0,18,-3.484000,0.380000,0.400000,3.747353,-1.000000
no_membrane,0,19,-3.784000,0.380000,0.400000,4.027785,-1.000000
no_membrane,0,20,-4.084000,0.380000,0.400000,4.310853,-1.000000
no_membrane,0,21,-4.384000,0.380000,0.400000,4.596070,-1.000000
no_membrane,0,22,-4.684000,0.380000,0.400000,4.883058,-1.000000
no_membrane,0,23,-4.984000,0.380000,0.400000,5.171524,-1.000000
no_membrane,10,0,-3.324000,0.200000,0.400000,3.533974,-1.000000
no_membrane,10,1,-3.624000,0.200000,0.400000,3.817509,-1.000000
no_membrane,10,2,-3.924001,0.200000,0.400000,4.103387,-1.000000
no_membrane,10,3,-4.224002,0.200000,0.400000,4.391150,-1.000000
no_membrane,10,4,-4.524002,0.200000,0.400000,4.680448,-1.000000
no_membrane,10,5,-4.824002,0.200000,0.400000,4.971016,-1.000000
no_membrane,10,6,-3.324000,0.260000,0.400000,3.554796,-1.000000
no_membrane,10,7,-3.624000,0.260000,0.400000,3.836792,-1.000000
no_membrane,10,8,-3.924001,0.260000,0.400000,4.121333,-1.000000
no_membrane,10,9,-4.224002,0.260000,0.400000,4.407924,-1.000000
no_membrane,10,10,-4.524002,0.260000,0.400000,4.696189,-1.000000
no_membrane,10,11,-4.824002,0.260000,0.400000,4.985840,-1.000000
no_membrane,10,12,-3.324000,0.320000,0.400000,3.576503,-1.000000
no_membrane,10,13,-3.624000,0.320000,0.400000,3.856912,-1.000000
no_membrane,10,14,-3.924001,0.320000,0.400000,4.140070,-1.000000
no_membrane,10,15,-4.224002,0.320000,0.400000,4.425448,-1.000000
no_membrane,10,16,-4.524002,0.320000,0.400000,4.712642,-1.000000
no_membrane,10,17,-4.824002,0.320000,0.400000,5.001339,-1.000000
no_membrane,10,18,-3.324000,0.380000,0.400000,3.599080,-1.000000
no_membrane,10,19,-3.624000,0.380000,0.400000,3.877857,-1.000000
no_membrane,10,20,-3.924001,0.380000,0.400000,4.159589,-1.000000
no_membrane,10,21,-4.224002,0.380000,0.400000,4.443714,-1.000000
no_membrane,10,22,-4.524002,0.380000,0.400000,4.729799,-1.000000
no_membrane,10,23,-4.824002,0.380000,0.400000,5.017509,-1.000000
no_membrane,20,0,-3.163999,0.200000,0.400000,3.383917,-1.000000
no_membrane,20,1,-3.463999,0.200000,0.400000,3.665964,-1.000000
no_membrane,20,2,-3.764001,0.200000,0.400000,3.950658,-1.000000
no_membrane,20,3,-4.064004,0.200000,0.400000,4.237468,-1.000000
no_membrane,20,4,-4.364004,0.200000,0.400000,4.525984,-1.000000
no_membrane,20,5,-4.664004,0.200000,0.400000,4.815905,-1.000000
no_membrane,20,6,-3.163999,0.260000,0.400000,3.405656,-1.000000
no_membrane,20,7,-3.463999,0.260000,0.400000,3.686040,-1.000000
no_membrane,20,8,-3.764001,0.260000,0.400000,3.969295,-1.000000
no_membrane,20,9,-4.064004,0.260000,0.400000,4.254848,-1.000000
no_membrane,20,10,-4.364004,0.260000,0.400000,4.542261,-1.000000
no_membrane,20,11,-4.664004,0.260000,0.400000,4.831204,-1.000000
no_membrane,20,12,-3.163999,0.320000,0.400000,3.428307,-1.000000
no_membrane,20,13,-3.463999,0.320000,0.400000,3.706979,-1.000000
no_membrane,20,14,-3.764001,0.320000,0.400000,3.988747,-1.000000
no_membrane,20,15,-4.064004,0.320000,0.400000,4.273000,-1.000000
no_membrane,20,16,-4.364004,0.320000,0.400000,4.559269,-1.000000
no_membrane,20,17,-4.664004,0.320000,0.400000,4.847199,-1.000000
no_membrane,20,18,-3.163999,0.380000,0.400000,3.451853,-1.000000
no_membrane,20,19,-3.463999,0.380000,0.400000,3.728765,-1.000000
no_membrane,20,20,-3.764001,0.380000,0.400000,4.009003,-1.000000
no_membrane,20,21,-4.064004,0.380000,0.400000,4.291915,-1.000000
no_membrane,20,22,-4.364004,0.380000,0.400000,4.577000,-1.000000
no_membrane,20,23,-4.664004,0.380000,0.400000,4.863881,-1.000000
no_membrane,30,0,-3.003999,0.200000,0.400000,3.234812,-1.000000
no_membrane,30,1,-3.303999,0.200000,0.400000,3.515168,-1.000000
no_membrane,30,2,-3.604000,0.200000,0.400000,3.798528,-1.000000
no_membrane,30,3,-3.904005,0.200000,0.400000,4.084269,-1.000000
no_membrane,30,4,-4.204006,0.200000,0.400000,4.371918,-1.000000
no_membrane,30,5,-4.504006,0.200000,0.400000,4.661124,-1.000000
no_membrane,30,6,-3.003999,0.260000,0.400000,3.257547,-1.000000
no_membrane,30,7,-3.303999,0.260000,0.400000,3.536101,-1.000000
no_membrane,30,8,-3.604000,0.260000,0.400000,3.817908,-1.000000
no_membrane,30,9,-3.904005,0.260000,0.400000,4.102299,-1.000000
no_membrane,30,10,-4.204006,0.260000,0.400000,4.388766,-1.000000
no_membrane,30,11,-4.504006,0.260000,0.400000,4.676930,-1.000000
no_membrane,30,12,-3.003999,0.320000,0.400000,3.281221,-1.000000
no_membrane,30,13,-3.303999,0.320000,0.400000,3.557922,-1.000000
no_membrane,30,14,-3.604000,0.320000,0.400000,3.838127,-1.000000
no_membrane,30,15,-3.904005,0.320000,0.400000,4.121123,-1.000000
no_membrane,30,16,-4.204006,0.320000,0.400000,4.406367,-1.000000
no_membrane,30,17,-4.504006,0.320000,0.400000,4.693450,-1.000000
no_membrane,30,18,-3.003999,0.380000,0.400000,3.305815,-1.000000
no_membrane,30,19,-3.303999,0.380000,0.400000,3.580616,-1.000000
no_membrane,30,20,-3.604000,0.380000,0.400000,3.859173,-1.000000
no_membrane,30,21,-3.904005,0.380000,0.400000,4.140731,-1.000000
no_membrane,30,22,-4.204006,0.380000,0.400000,4.424711,-1.000000
no_membrane,30,23,-4.504006,0.380000,0.400000,4.710677,-1.000000
no_membrane,40,0,-2.843999,0.200000,0.400000,3.086799,-1.000000
no_membrane,40,1,-3.143999,0.200000,0.400000,3.365223,-1.000000
no_membrane,40,2,-3.444000,0.200000,0.400000,3.647072,-1.000000
no_membrane,40,3,-3.744005,0.200000,0.400000,3.931612,-1.000000
no_membrane,40,4,-4.044008,0.200000,0.400000,4.218294,-1.000000
no_membrane,40,5,-4.344008,0.200000,0.400000,4.506707,-1.000000
no_membrane,40,6,-2.843999,0.260000,0.400000,3.110615,-1.000000
no_membrane,40,7,-3.143999,0.260000,0.400000,3.387082,-1.000000
no_membrane,40,8,-3.444000,0.260000,0.400000,3.667252,-1.000000
no_membrane,40,9,-3.744005,0.260000,0.400000,3.950338,-1.000000
no_membrane,40,10,-4.044008,0.260000,0.400000,4.235753,-1.000000
no_membrane,40,11,-4.344008,0.260000,0.400000,4.523053,-1.000000
no_membrane,40,12,-2.843999,0.320000,0.400000,3.135399,-1.000000
no_membrane,40,13,-3.143999,0.320000,0.400000,3.409857,-1.000000
no_membrane,40,14,-3.444000,0.320000,0.400000,3.688297,-1.000000
no_membrane,40,15,-3.744005,0.320000,0.400000,3.969883,-1.000000
no_membrane,40,16,-4.044008,0.320000,0.400000,4.253987,-1.000000
no_membrane,40,17,-4.344008,0.320000,0.400000,4.540133,-1.000000
no_membrane,40,18,-2.843999,0.380000,0.400000,3.161128,-1.000000
no_membrane,40,19,-3.143999,0.380000,0.400000,3.433530,-1.000000
no_membrane,40,20,-3.444000,0.380000,0.400000,3.710194,-1.000000
no_membrane,40,21,-3.744005,0.380000,0.400000,3.990235,-1.000000
no_membrane,40,22,-4.044008,0.380000,0.400000,4.272985,-1.000000
no_membrane,40,23,-4.344008,0.380000,0.400000,4.557939,-1.000000
no_membrane,50,0,-2.683998,0.200000,0.400000,2.940042,-1.000000
no_membrane,50,1,-2.983998,0.200000,0.400000,3.216247,-1.000000
no_membrane,50,2,-3.284000,0.200000,0.400000,3.496377,-1.000000
no_membrane,50,3,-3.584004,0.200000,0.400000,3.779562,-1.000000
no_membrane,50,4,-3.884008,0.200000,0.400000,4.065159,-1.000000
no_membrane,50,5,-4.184011,0.200000,0.400000,4.352694,-1.000000
no_membrane,50,6,-2.683998,0.260000,0.400000,2.965037,-1.000000
no_membrane,50,7,-2.983998,0.260000,0.400000,3.239112,-1.000000
no_membrane,50,8,-3.284000,0.260000,0.400000,3.517421,-1.000000
no_membrane,50,9,-3.584004,0.260000,0.400000,3.799038,-1.000000
no_membrane,50,10,-3.884008,0.260000,0.400000,4.083273,-1.000000
no_membrane,50,11,-4.184011,0.260000,0.400000,4.369616,-1.000000
no_membrane,50,12,-2.683998,0.320000,0.400000,2.991028,-1.000000
no_membrane,50,13,-2.983998,0.320000,0.400000,3.262920,-1.000000
no_membrane,50,14,-3.284000,0.320000,0.400000,3.539358,-1.000000
no_membrane,50,15,-3.584004,0.320000,0.400000,3.819357,-1.000000
no_membrane,50,16,-3.884008,0.320000,0.400000,4.102185,-1.000000
no_membrane,50,17,-4.184011,0.320000,0.400000,4.387293,-1.000000
no_membrane,50,18,-2.683998,0.380000,0.400000,3.017987,-1.000000
no_membrane,50,19,-2.983998,0.380000,0.400000,3.287651,-1.000000
no_membrane,50,20,-3.284000,0.380000,0.400000,3.562170,-1.000000
no_membrane,50,21,-3.584004,0.380000,0.400000,3.840506,-1.000000
no_membrane,50,22,-3.884008,0.380000,0.400000,4.121883,-1.000000
no_membrane,50,23,-4.184011,0.380000,0.400000,4.405717,-1.000000
no_membrane,60,0,-2.523998,0.200000,0.400000,2.794739,-1.000000
no_membrane,60,1,-2.823998,0.200000,0.400000,3.068382,-1.000000
no_membrane,60,2,-3.123999,0.200000,0.400000,3.346546,-1.000000
no_membrane,60,3,-3.424004,0.200000,0.400000,3.628196,-1.000000
no_membrane,60,4,-3.724008,0.200000,0.400000,3.912574,-1.000000
no_membrane,60,5,-4.024013,0.200000,0.400000,4.199128,-1.000000
no_membrane,60,6,-2.523998,0.260000,0.400000,2.821022,-1.000000
no_membrane,60,7,-2.823998,0.260000,0.400000,3.092340,-1.000000
no_membrane,60,8,-3.123999,0.260000,0.400000,3.368527,-1.000000
no_membrane,60,9,-3.424004,0.260000,0.400000,3.648480,-1.000000
no_membrane,60,10,-3.724008,0.260000,0.400000,3.931391,-1.000000
no_membrane,60,11,-4.024013,0.260000,0.400000,4.216667,-1.000000
no_membrane,60,12,-2.523998,0.320000,0.400000,2.848327,-1.000000
no_membrane,60,13,-2.823998,0.320000,0.400000,3.117269,-1.000000
no_membrane,60,14,-3.123999,0.320000,0.400000,3.391426,-1.000000
no_membrane,60,15,-3.424004,0.320000,0.400000,3.669633,-1.000000
no_membrane,60,16,-3.724008,0.320000,0.400000,3.951030,-1.000000
no_membrane,60,17,-4.024013,0.320000,0.400000,4.234982,-1.000000
no_membrane,60,18,-2.523998,0.380000,0.400000,2.876624,-1.000000
no_membrane,60,19,-2.823998,0.380000,0.400000,3.143146,-1.000000
no_membrane,60,20,-3.123999,0.380000,0.400000,3.415226,-1.000000
no_membrane,60,21,-3.424004,0.380000,0.400000,3.691640,-1.000000
no_membrane,60,22,-3.724008,0.380000,0.400000,3.971478,-1.000000
no_membrane,60,23,-4.024013,0.380000,0.400000,4.254066,-1.000000
no_membrane,70,0,-2.363998,0.200000,0.400000,2.651129,-1.000000
no_membrane,70,1,-2.663998,0.200000,0.400000,2.921795,-1.000000
no_membrane,70,2,-2.963999,0.200000,0.400000,3.197701,-1.000000
no_membrane,70,3,-3.264004,0.200000,0.400000,3.477603,-1.000000
no_membrane,70,4,-3.564008,0.200000,0.400000,3.760605,-1.000000
no_membrane,70,5,-3.864012,0.200000,0.400000,4.046059,-1.000000
no_membrane,70,6,-2.363998,0.260000,0.400000,2.678822,-1.000000
no_membrane,70,7,-2.663998,0.260000,0.400000,2.946945,-1.000000
no_membrane,70,8,-2.963999,0.260000,0.400000,3.220697,-1.000000
no_membrane,70,9,-3.264004,0.260000,0.400000,3.498760,-1.000000
no_membrane,70,10,-3.564008,0.260000,0.400000,3.780179,-1.000000
no_membrane,70,11,-3.864012,0.260000,0.400000,4.064258,-1.000000
no_membrane,70,12,-2.363998,0.320000,0.400000,2.707561,-1.000000
no_membrane,70,13,-2.663998,0.320000,0.400000,2.973093,-1.000000
no_membrane,70,14,-2.963999,0.320000,0.400000,3.244640,-1.000000
no_membrane,70,15,-3.264004,0.320000,0.400000,3.520813,-1.000000
no_membrane,70,16,-3.564008,0.320000,0.400000,3.800599,-1.000000
no_membrane,70,17,-3.864012,0.320000,0.400000,4.083258,-1.000000
no_membrane,70,18,-2.363998,0.380000,0.400000,2.737314,-1.000000
no_membrane,70,19,-2.663998,0.380000,0.400000,3.000214,-1.000000
no_membrane,70,20,-2.963999,0.380000,0.400000,3.269509,-1.000000
no_membrane,70,21,-3.264004,0.380000,0.400000,3.543744,-1.000000
no_membrane,70,22,-3.564008,0.380000,0.400000,3.821852,-1.000000
no_membrane,70,23,-3.864012,0.380000,0.400000,4.103047,-1.000000
no_membrane,80,0,-2.203997,0.200000,0.400000,2.509503,-1.000000
no_membrane,80,1,-2.503997,0.200000,0.400000,2.776689,-1.000000
no_membrane,80,2,-2.803999,0.200000,0.400000,3.049985,-1.000000
no_membrane,80,3,-3.104003,0.200000,0.400000,3.327888,-1.000000
no_membrane,80,4,-3.404007,0.200000,0.400000,3.609330,-1.000000
no_membrane,80,5,-3.704012,0.200000,0.400000,3.893547,-1.000000
no_membrane,80,6,-2.203997,0.260000,0.400000,2.538741,-1.000000
no_membrane,80,7,-2.503997,0.260000,0.400000,2.803142,-1.000000
no_membrane,80,8,-2.803999,0.260000,0.400000,3.074087,-1.000000
no_membrane,80,9,-3.104003,0.260000,0.400000,3.349991,-1.000000
no_membrane,80,10,-3.404007,0.260000,0.400000,3.629720,-1.000000
no_membrane,80,11,-3.704012,0.260000,0.400000,3.912455,-1.000000
no_membrane,80,12,-2.203997,0.320000,0.400000,2.569047,-1.000000
no_membrane,80,13,-2.503997,0.320000,0.400000,2.830619,-1.000000
no_membrane,80,14,-2.803999,0.320000,0.400000,3.099163,-1.000000
no_membrane,80,15,-3.104003,0.320000,0.400000,3.373016,-1.000000
no_membrane,80,16,-3.404007,0.320000,0.400000,3.650982,-1.000000
no_membrane,80,17,-3.704012,0.320000,0.400000,3.932189,-1.000000
no_membrane,80,18,-2.203997,0.380000,0.400000,2.600385,-1.000000
no_membrane,80,19,-2.503997,0.380000,0.400000,2.859091,-1.000000
no_membrane,80,20,-2.803999,0.380000,0.400000,3.125189,-1.000000
no_membrane,80,21,-3.104003,0.380000,0.400000,3.396945,-1.000000
no_membrane,80,22,-3.404007,0.380000,0.400000,3.673100,-1.000000
no_membrane,80,23,-3.704012,0.380000,0.400000,3.952734,-1.000000
no_membrane,90,0,-2.043997,0.200000,0.400000,2.370216,-1.000000
no_membrane,90,1,-2.343997,0.200000,0.400000,2.633310,-1.000000
no_membrane,90,2,-2.643998,0.200000,0.400000,2.903572,-1.000000
no_membrane,90,3,-2.944003,0.200000,0.400000,3.179175,-1.000000
no_membrane,90,4,-3.244007,0.200000,0.400000,3.458841,-1.000000
no_membrane,90,5,-3.544012,0.200000,0.400000,3.741660,-1.000000
no_membrane,90,6,-2.043997,0.260000,0.400000,2.401150,-1.000000
no_membrane,90,7,-2.343997,0.260000,0.400000,2.661188,-1.000000
no_membrane,90,8,-2.643998,0.260000,0.400000,2.928878,-1.000000
no_membrane,90,9,-2.944003,0.260000,0.400000,3.202305,-1.000000
no_membrane,90,10,-3.244007,0.260000,0.400000,3.480112,-1.000000
no_membrane,90,11,-3.544012,0.260000,0.400000,3.761332,-1.000000
no_membrane,90,12,-2.043997,0.320000,0.400000,2.433172,-1.000000
no_membrane,90,13,-2.343997,0.320000,0.400000,2.690115,-1.000000
no_membrane,90,14,-2.643998,0.320000,0.400000,2.955187,-1.000000
no_membrane,90,15,-2.944003,0.320000,0.400000,3.226384,-1.000000
no_membrane,90,16,-3.244007,0.320000,0.400000,3.502282,-1.000000
no_membrane,90,17,-3.544012,0.320000,0.400000,3.781854,-1.000000
no_membrane,90,18,-2.043997,0.380000,0.400000,2.466237,-1.000000
no_membrane,90,19,-2.343997,0.380000,0.400000,2.720059,-1.000000
no_membrane,90,20,-2.643998,0.380000,0.400000,2.982470,-1.000000
no_membrane,90,21,-2.944003,0.380000,0.400000,3.251393,-1.000000
no_membrane,90,22,-3.244007,0.380000,0.400000,3.525334,-1.000000
no_membrane,90,23,-3.544012,0.380000,0.400000,3.803212,-1.000000
no_membrane,100,0,-1.883997,0.200000,0.400000,2.233706,-1.000000
no_membrane,100,1,-2.183997,0.200000,0.400000,2.491955,-1.000000
no_membrane,100,2,-2.483998,0.200000,0.400000,2.758667,-1.000000
no_membrane,100,3,-2.784003,0.200000,0.400000,3.031612,-1.000000
no_membrane,100,4,-3.084007,0.200000,0.400000,3.309244,-1.000000
no_membrane,100,5,-3.384012,0.200000,0.400000,3.590478,-1.000000
no_membrane,100,6,-1.883997,0.260000,0.400000,2.266505,-1.000000
no_membrane,100,7,-2.183997,0.260000,0.400000,2.521397,-1.000000
no_membrane,100,8,-2.483998,0.260000,0.400000,2.785291,-1.000000
no_membrane,100,9,-2.784003,0.260000,0.400000,3.055859,-1.000000
no_membrane,100,10,-3.084007,0.260000,0.400000,3.331471,-1.000000
no_membrane,100,11,-3.384012,0.260000,0.400000,3.610974,-1.000000
no_membrane,100,12,-1.883997,0.320000,0.400000,2.300401,-1.000000
no_membrane,100,13,-2.183997,0.320000,0.400000,2.551909,-1.000000
no_membrane,100,14,-2.483998,0.320000,0.400000,2.812943,-1.000000
no_membrane,100,15,-2.784003,0.320000,0.400000,3.081083,-1.000000
no_membrane,100,16,-3.084007,0.320000,0.400000,3.354623,-1.000000
no_membrane,100,17,-3.384012,0.320000,0.400000,3.632345,-1.000000
no_membrane,100,18,-1.883997,0.380000,0.400000,2.335347,-1.000000
no_membrane,100,19,-2.183997,0.380000,0.400000,2.583455,-1.000000
no_membrane,100,20,-2.483998,0.380000,0.400000,2.841592,-1.000000
no_membrane,100,21,-2.784003,0.380000,0.400000,3.107261,-1.000000
no_membrane,100,22,-3.084007,0.380000,0.400000,3.378683,-1.000000
no_membrane,100,23,-3.384012,0.380000,0.400000,3.654577,-1.000000
no_membrane,110,0,-1.723996,0.200000,0.400000,2.100515,-1.000000
no_membrane,110,1,-2.023996,0.200000,0.400000,2.352990,-1.000000
no_membrane,110,2,-2.323998,0.200000,0.400000,2.615524,-1.000000
no_membrane,110,3,-2.624002,0.200000,0.400000,2.885375,-1.000000
no_membrane,110,4,-2.924006,0.200000,0.400000,3.160667,-1.000000
no_membrane,110,5,-3.224011,0.200000,0.400000,3.440094,-1.000000
no_membrane,110,6,-1.723996,0.260000,0.400000,2.135360,-1.000000
no_membrane,110,7,-2.023996,0.260000,0.400000,2.384148,-1.000000
no_membrane,110,8,-2.323998,0.260000,0.400000,2.643589,-1.000000
no_membrane,110,9,-2.624002,0.260000,0.400000,2.910840,-1.000000
no_membrane,110,10,-2.924006,0.260000,0.400000,3.183931,-1.000000
no_membrane,110,11,-3.224011,0.260000,0.400000,3.461481,-1.000000
no_membrane,110,12,-1.723996,0.320000,0.400000,2.171304,-1.000000
no_membrane,110,13,-2.023996,0.320000,0.400000,2.416394,-1.000000
no_membrane,110,14,-2.323998,0.320000,0.400000,2.672708,-1.000000
no_membrane,110,15,-2.624002,0.320000,0.400000,2.937310,-1.000000
no_membrane,110,16,-2.924006,0.320000,0.400000,3.208148,-1.000000
no_membrane,110,17,-3.224011,0.320000,0.400000,3.483769,-1.000000
no_membrane,110,18,-1.723996,0.380000,0.400000,2.208294,-1.000000
no_membrane,110,19,-2.023996,0.380000,0.400000,2.449686,-1.000000
no_membrane,110,20,-2.323998,0.380000,0.400000,2.702844,-1.000000
no_membrane,110,21,-2.624002,0.380000,0.400000,2.964758,-1.000000
no_membrane,110,22,-2.924006,0.380000,0.400000,3.233298,-1.000000
no_membrane,110,23,-3.224011,0.380000,0.400000,3.506943,-1.000000
no_membrane,120,0,-1.563996,0.200000,0.400000,1.971315,-1.000000
no_membrane,120,1,-1.863996,0.200000,0.400000,2.216863,-1.000000
no_membrane,120,2,-2.163997,0.200000,0.400000,2.474446,-1.000000
no_membrane,120,3,-2.464002,0.200000,0.400000,2.740676,-1.000000
no_membrane,120,4,-2.764006,0.200000,0.400000,3.013259,-1.000000
no_membrane,120,5,-3.064011,0.200000,0.400000,3.290617,-1.000000
no_membrane,120,6,-1.563996,0.260000,0.400000,2.008403,-1.000000
no_membrane,120,7,-1.863996,0.260000,0.400000,2.249907,-1.000000
no_membrane,120,8,-2.163997,0.260000,0.400000,2.504094,-1.000000
no_membrane,120,9,-2.464002,0.260000,0.400000,2.767473,-1.000000
no_membrane,120,10,-2.764006,0.260000,0.400000,3.037652,-1.000000
no_membrane,120,11,-3.064011,0.260000,0.400000,3.312969,-1.000000
no_membrane,120,12,-1.563996,0.320000,0.400000,2.046578,-1.000000
no_membrane,120,13,-1.863996,0.320000,0.400000,2.284049,-1.000000
no_membrane,120,14,-2.163997,0.320000,0.400000,2.534815,-1.000000
no_membrane,120,15,-2.464002,0.320000,0.400000,2.795301,-1.000000
no_membrane,120,16,-2.764006,0.320000,0.400000,3.063026,-1.000000
no_membrane,120,17,-3.064011,0.320000,0.400000,3.336250,-1.000000
no_membrane,120,18,-1.563996,0.380000,0.400000,2.085781,-1.000000
no_membrane,120,19,-1.863996,0.380000,0.400000,2.319242,-1.000000
no_membrane,120,20,-2.163997,0.380000,0.400000,2.566571,-1.000000
no_membrane,120,21,-2.464002,0.380000,0.400000,2.824129,-1.000000
no_membrane,120,22,-2.764006,0.380000,0.400000,3.089358,-1.000000
no_membrane,120,23,-3.064011,0.380000,0.400000,3.360441,-1.000000
no_membrane,130,0,-1.403996,0.200000,0.400000,1.846945,-1.000000
no_membrane,130,1,-1.703996,0.200000,0.400000,2.084131,-1.000000
no_membrane,130,2,-2.003997,0.200000,0.400000,2.335809,-1.000000
no_membrane,130,3,-2.304002,0.200000,0.400000,2.597773,-1.000000
no_membrane,130,4,-2.604006,0.200000,0.400000,2.867202,-1.000000
no_membrane,130,5,-2.904011,0.200000,0.400000,3.142177,-1.000000
no_membrane,130,6,-1.403996,0.260000,0.400000,1.886479,-1.000000
no_membrane,130,7,-1.703996,0.260000,0.400000,2.119246,-1.000000
no_membrane,130,8,-2.003997,0.260000,0.400000,2.367193,-1.000000
no_membrane,130,9,-2.304002,0.260000,0.400000,2.626028,-1.000000
no_membrane,130,10,-2.604006,0.260000,0.400000,2.892827,-1.000000
no_membrane,130,11,-2.904011,0.260000,0.400000,3.165577,-1.000000
no_membrane,130,12,-1.403996,0.320000,0.400000,1.927071,-1.000000
no_membrane,130,13,-1.703996,0.320000,0.400000,2.155458,-1.000000
no_membrane,130,14,-2.003997,0.320000,0.400000,2.399668,-1.000000
no_membrane,130,15,-2.304002,0.320000,0.400000,2.655339,-1.000000
no_membrane,130,16,-2.604006,0.320000,0.400000,2.919460,-1.000000
no_membrane,130,17,-2.904011,0.320000,0.400000,3.189934,-1.000000
no_membrane,130,18,-1.403996,0.380000,0.400000,1.968655,-1.000000
no_membrane,130,19,-1.703996,0.380000,0.400000,2.192715,-1.000000
no_membrane,130,20,-2.003997,0.380000,0.400000,2.433188,-1.000000
no_membrane,130,21,-2.304002,0.380000,0.400000,2.685670,-1.000000
no_membrane,130,22,-2.604006,0.380000,0.400000,2.947074,-1.000000
no_membrane,130,23,-2.904011,0.380000,0.400000,3.215226,-1.000000
no_membrane,140,0,-1.243995,0.200000,0.400000,1.728446,-1.000000
no_membrane,140,1,-1.543995,0.200000,0.400000,1.955485,-1.000000
no_membrane,140,2,-1.843997,0.200000,0.400000,2.200074,-1.000000
no_membrane,140,3,-2.144001,0.200000,0.400000,2.456978,-1.000000
no_membrane,140,4,-2.444005,0.200000,0.400000,2.722713,-1.000000
no_membrane,140,5,-2.744010,0.200000,0.400000,2.994928,-1.000000
no_membrane,140,6,-1.243995,0.260000,0.400000,1.770628,-1.000000
no_membrane,140,7,-1.543995,0.260000,0.400000,1.992868,-1.000000
no_membrane,140,8,-1.843997,0.260000,0.400000,2.233366,-1.000000
no_membrane,140,9,-2.144001,0.260000,0.400000,2.486834,-1.000000
no_membrane,140,10,-2.444005,0.260000,0.400000,2.749684,-1.000000
no_membrane,140,11,-2.744010,0.260000,0.400000,3.019469,-1.000000
no_membrane,140,12,-1.243995,0.320000,0.400000,1.813815,-1.000000
no_membrane,140,13,-1.543995,0.320000,0.400000,2.031335,-1.000000
no_membrane,140,14,-1.843997,0.320000,0.400000,2.267757,-1.000000
no_membrane,140,15,-2.144001,0.320000,0.400000,2.517765,-1.000000
no_membrane,140,16,-2.444005,0.320000,0.400000,2.777690,-1.000000
no_membrane,140,17,-2.744010,0.320000,0.400000,3.044995,-1.000000
no_membrane,140,18,-1.243995,0.380000,0.400000,1.857936,-1.000000
no_membrane,140,19,-1.543995,0.380000,0.400000,2.070826,-1.000000
no_membrane,140,20,-1.843997,0.380000,0.400000,2.303199,-1.000000
no_membrane,140,21,-2.144001,0.380000,0.400000,2.549734,-1.000000
no_membrane,140,22,-2.444005,0.380000,0.400000,2.806700,-1.000000
no_membrane,140,23,-2.744010,0.380000,0.400000,3.071481,-1.000000
no_membrane,150,0,-1.083995,0.200000,0.400000,1.617110,-1.000000
no_membrane,150,1,-1.383995,0.200000,0.400000,1.831787,-1.000000
no_membrane,150,2,-1.683996,0.200000,0.400000,2.067811,-1.000000
no_membrane,150,3,-1.984001,0.200000,0.400000,2.318676,-1.000000
no_membrane,150,4,-2.284005,0.200000,0.400000,2.580054,-1.000000
no_membrane,150,5,-2.584010,0.200000,0.400000,2.849054,-1.000000
no_membrane,150,6,-1.083995,0.260000,0.400000,1.662121,-1.000000
no_membrane,150,7,-1.383995,0.260000,0.400000,1.871642,-1.000000
no_membrane,150,8,-1.683996,0.260000,0.400000,2.103199,-1.000000
no_membrane,150,9,-1.984001,0.260000,0.400000,2.350290,-1.000000
no_membrane,150,10,-2.284005,0.260000,0.400000,2.608501,-1.000000
no_membrane,150,11,-2.584010,0.260000,0.400000,2.874840,-1.000000
no_membrane,150,12,-1.083995,0.320000,0.400000,1.708053,-1.000000
no_membrane,150,13,-1.383995,0.320000,0.400000,1.912549,-1.000000
no_membrane,150,14,-1.683996,0.320000,0.400000,2.139683,-1.000000
no_membrane,150,15,-1.984001,0.320000,0.400000,2.382994,-1.000000
no_membrane,150,16,-2.284005,0.320000,0.400000,2.638007,-1.000000
no_membrane,150,17,-2.584010,0.320000,0.400000,2.901639,-1.000000
no_membrane,150,18,-1.083995,0.380000,0.400000,1.754835,-1.000000
no_membrane,150,19,-1.383995,0.380000,0.400000,1.954442,-1.000000
no_membrane,150,20,-1.683996,0.380000,0.400000,2.177210,-1.000000
no_membrane,150,21,-1.984001,0.380000,0.400000,2.416746,-1.000000
no_membrane,150,22,-2.284005,0.380000,0.400000,2.668535,-1.000000
no_membrane,150,23,-2.584010,0.380000,0.400000,2.929421,-1.000000
no_membrane,160,0,-0.923995,0.200000,0.400000,1.514519,-1.000000
no_membrane,160,1,-1.223995,0.200000,0.400000,1.714107,-1.000000
no_membrane,160,2,-1.523996,0.200000,0.400000,1.939733,-1.000000
no_membrane,160,3,-1.824001,0.200000,0.400000,2.183341,-1.000000
no_membrane,160,4,-2.124005,0.200000,0.400000,2.439548,-1.000000
no_membrane,160,5,-2.424010,0.200000,0.400000,2.704778,-1.000000
no_membrane,160,6,-0.923995,0.260000,0.400000,1.562487,-1.000000
no_membrane,160,7,-1.223995,0.260000,0.400000,1.756634,-1.000000
no_membrane,160,8,-1.523996,0.260000,0.400000,1.977414,-1.000000
no_membrane,160,9,-1.824001,0.260000,0.400000,2.216885,-1.000000
no_membrane,160,10,-2.124005,0.260000,0.400000,2.469615,-1.000000
no_membrane,160,11,-2.424010,0.260000,0.400000,2.731926,-1.000000
no_membrane,160,12,-0.923995,0.320000,0.400000,1.611262,-1.000000
no_membrane,160,13,-1.223995,0.320000,0.400000,1.800156,-1.000000
no_membrane,160,14,-1.523996,0.320000,0.400000,2.016176,-1.000000
no_membrane,160,15,-1.824001,0.320000,0.400000,2.251528,-1.000000
no_membrane,160,16,-2.124005,0.320000,0.400000,2.500759,-1.000000
no_membrane,160,17,-2.424010,0.320000,0.400000,2.760113,-1.000000
no_membrane,160,18,-0.923995,0.380000,0.400000,1.660773,-1.000000
no_membrane,160,19,-1.223995,0.380000,0.400000,1.844604,-1.000000
no_membrane,160,20,-1.523996,0.380000,0.400000,2.055958,-1.000000
no_membrane,160,21,-1.824001,0.380000,0.400000,2.287221,-1.000000
no_membrane,160,22,-2.124005,0.380000,0.400000,2.532942,-1.000000
no_membrane,160,23,-2.424010,0.380000,0.400000,2.789305,-1.000000
no_membrane,170,0,-0.763995,0.200000,0.400000,1.422564,-1.000000
no_membrane,170,1,-1.063994,0.200000,0.400000,1.603772,-1.000000
no_membrane,170,2,-1.363996,0.200000,0.400000,1.816724,-1.000000
no_membrane,170,3,-1.664001,0.200000,0.400000,2.051560,-1.000000
no_membrane,170,4,-1.964005,0.200000,0.400000,2.301589,-1.000000
no_membrane,170,5,-2.264009,0.200000,0.400000,2.562370,-1.000000
no_membrane,170,6,-0.763995,0.260000,0.400000,1.473529,-1.000000
no_membrane,170,7,-1.063994,0.260000,0.400000,1.649146,-1.000000
no_membrane,170,8,-1.363996,0.260000,0.400000,1.856902,-1.000000
no_membrane,170,9,-1.664001,0.260000,0.400000,2.087223,-1.000000
no_membrane,170,10,-1.964005,0.260000,0.400000,2.333434,-1.000000
no_membrane,170,11,-2.264009,0.260000,0.400000,2.591011,-1.000000
no_membrane,170,12,-0.763995,0.320000,0.400000,1.525152,-1.000000
no_membrane,170,13,-1.063994,0.320000,0.400000,1.695430,-1.000000
no_membrane,170,14,-1.363996,0.320000,0.400000,1.898126,-1.000000
no_membrane,170,15,-1.664001,0.320000,0.400000,2.123981,-1.000000
no_membrane,170,16,-1.964005,0.320000,0.400000,2.366371,-1.000000
no_membrane,170,17,-2.264009,0.320000,0.400000,2.620713,-1.000000
no_membrane,170,18,-0.763995,0.380000,0.400000,1.577368,-1.000000
no_membrane,170,19,-1.063994,0.380000,0.400000,1.742551,-1.000000
no_membrane,170,20,-1.363996,0.380000,0.400000,1.940331,-1.000000
no_membrane,170,21,-1.664001,0.380000,0.400000,2.161781,-1.000000
no_membrane,170,22,-1.964005,0.380000,0.400000,2.400357,-1.000000
no_membrane,170,23,-2.264009,0.380000,0.400000,2.651441,-1.000000
no_membrane,180,0,-0.603996,0.200000,0.400000,1.343432,-1.000000
no_membrane,180,1,-0.903995,0.200000,0.400000,1.502400,-1.000000
no_membrane,180,2,-1.203995,0.200000,0.400000,1.699884,-1.000000
no_membrane,180,3,-1.504000,0.200000,0.400000,1.924062,-1.000000
no_membrane,180,4,-1.804004,0.200000,0.400000,2.166664,-1.000000
no_membrane,180,5,-2.104009,0.200000,0.400000,2.422159,-1.000000
no_membrane,180,6,-0.603996,0.260000,0.400000,1.397287,-1.000000
no_membrane,180,7,-0.903995,0.260000,0.400000,1.550744,-1.000000
no_membrane,180,8,-1.203995,0.260000,0.400000,1.742758,-1.000000
no_membrane,180,9,-1.504000,0.260000,0.400000,1.962044,-1.000000
no_membrane,180,10,-1.804004,0.260000,0.400000,2.200462,-1.000000
no_membrane,180,11,-2.104009,0.260000,0.400000,2.452438,-1.000000
no_membrane,180,12,-0.603996,0.320000,0.400000,1.451623,-1.000000
no_membrane,180,13,-0.903995,0.320000,0.400000,1.599877,-1.000000
no_membrane,180,14,-1.203995,0.320000,0.400000,1.786618,-1.000000
no_membrane,180,15,-1.504000,0.320000,0.400000,2.001104,-1.000000
no_membrane,180,16,-1.804004,0.320000,0.400000,2.235359,-1.000000
no_membrane,180,17,-2.104009,0.320000,0.400000,2.483798,-1.000000
no_membrane,180,18,-0.603996,0.380000,0.400000,1.506390,-1.000000
no_membrane,180,19,-0.903995,0.380000,0.400000,1.649729,-1.000000
no_membrane,180,20,-1.203995,0.380000,0.400000,1.831394,-1.000000
no_membrane,180,21,-1.504000,0.380000,0.400000,2.041180,-1.000000
no_membrane,180,22,-1.804004,0.380000,0.400000,2.271306,-1.000000
no_membrane,180,23,-2.104009,0.380000,0.400000,2.516198,-1.000000
no_membrane,190,0,-0.443996,0.200000,0.400000,1.279505,-1.000000
no_membrane,190,1,-0.743995,0.200000,0.400000,1.411924,-1.000000
no_membrane,190,2,-1.043995,0.200000,0.400000,1.590574,-1.000000
no_membrane,190,3,-1.344000,0.200000,0.400000,1.801759,-1.000000
no_membrane,190,4,-1.644004,0.200000,0.400000,2.035374,-1.000000
no_membrane,190,5,-1.944009,0.200000,0.400000,2.284550,-1.000000
no_membrane,190,6,-0.443996,0.260000,0.400000,1.335939,-1.000000
no_membrane,190,7,-0.743995,0.260000,0.400000,1.463259,-1.000000
no_membrane,190,8,-1.043995,0.260000,0.400000,1.636315,-1.000000
no_membrane,190,9,-1.344000,0.260000,0.400000,1.842264,-1.000000
no_membrane,190,10,-1.644004,0.260000,0.400000,2.071316,-1.000000
no_membrane,190,11,-1.944009,0.260000,0.400000,2.316629,-1.000000
no_membrane,190,12,-0.443996,0.320000,0.400000,1.392671,-1.000000
no_membrane,190,13,-0.743995,0.320000,0.400000,1.515232,-1.000000
no_membrane,190,14,-1.043995,0.320000,0.400000,1.682951,-1.000000
no_membrane,190,15,-1.344000,0.320000,0.400000,1.883809,-1.000000
no_membrane,190,16,-1.644004,0.320000,0.400000,2.108352,-1.000000
no_membrane,190,17,-1.944009,0.320000,0.400000,2.349802,-1.000000
no_membrane,190,18,-0.443996,0.380000,0.400000,1.449666,-1.000000
no_membrane,190,19,-0.743995,0.380000,0.400000,1.567778,-1.000000
no_membrane,190,20,-1.043995,0.380000,0.400000,1.730412,-1.000000
no_membrane,190,21,-1.344000,0.380000,0.400000,1.926327,-1.000000
no_membrane,190,22,-1.644004,0.380000,0.400000,2.146427,-1.000000
no_membrane,190,23,-1.944009,0.380000,0.400000,2.384024,-1.000000
no_membrane,200,0,-0.283996,0.200000,0.400000,1.233148,-1.000000
no_membrane,200,1,-0.583995,0.200000,0.400000,1.334560,-1.000000
no_membrane,200,2,-0.883995,0.200000,0.400000,1.490452,-1.000000
no_membrane,200,3,-1.184000,0.200000,0.400000,1.685780,-1.000000
no_membrane,200,4,-1.484004,0.200000,0.400000,1.908472,-1.000000
no_membrane,200,5,-1.784008,0.200000,0.400000,2.150043,-1.000000
no_membrane,200,6,-0.283996,0.260000,0.400000,1.291609,-1.000000
no_membrane,200,7,-0.583995,0.260000,0.400000,1.388759,-1.000000
no_membrane,200,8,-0.883995,0.260000,0.400000,1.539171,-1.000000
no_membrane,200,9,-1.184000,0.260000,0.400000,1.729004,-1.000000
no_membrane,200,10,-1.484004,0.260000,0.400000,1.946758,-1.000000
no_membrane,200,11,-1.784008,0.260000,0.400000,2.184098,-1.000000
no_membrane,200,12,-0.283996,0.320000,0.400000,1.350205,-1.000000
no_membrane,200,13,-0.583995,0.320000,0.400000,1.443416,-1.000000
no_membrane,200,14,-0.883995,0.320000,0.400000,1.588662,-1.000000
no_membrane,200,15,-1.184000,0.320000,0.400000,1.773205,-1.000000
no_membrane,200,16,-1.484004,0.320000,0.400000,1.986118,-1.000000
no_membrane,200,17,-1.784008,0.320000,0.400000,2.219253,-1.000000
no_membrane,200,18,-0.283996,0.380000,0.400000,1.408919,-1.000000
no_membrane,200,19,-0.583995,0.380000,0.400000,1.498483,-1.000000
no_membrane,200,20,-0.883995,0.380000,0.400000,1.638856,-1.000000
no_membrane,200,21,-1.184000,0.380000,0.400000,1.818311,-1.000000
no_membrane,200,22,-1.484004,0.380000,0.400000,2.026491,-1.000000
no_membrane,200,23,-1.784008,0.380000,0.400000,2.255457,-1.000000
no_membrane,210,0,-0.123996,0.200000,0.400000,1.206389,-1.000000
no_membrane,210,1,-0.423995,0.200000,0.400000,1.272703,-1.000000
no_membrane,210,2,-0.723996,0.200000,0.400000,1.401488,-1.000000
no_membrane,210,3,-1.023999,0.200000,0.400000,1.577522,-1.000000
no_membrane,210,4,-1.324003,0.200000,0.400000,1.786892,-1.000000
no_membrane,210,5,-1.624008,0.200000,0.400000,2.019258,-1.000000
no_membrane,210,6,-0.123996,0.260000,0.400000,1.266086,-1.000000
no_membrane,210,7,-0.423995,0.260000,0.400000,1.329425,-1.000000
no_membrane,210,8,-0.723996,0.260000,0.400000,1.453193,-1.000000
no_membrane,210,9,-1.023999,0.260000,0.400000,1.623630,-1.000000
no_membrane,210,10,-1.324003,0.260000,0.400000,1.827727,-1.000000
no_membrane,210,11,-1.624008,0.260000,0.400000,2.055481,-1.000000
no_membrane,210,12,-0.123996,0.320000,0.400000,1.325811,-1.000000
no_membrane,210,13,-0.423995,0.320000,0.400000,1.386424,-1.000000
no_membrane,210,14,-0.723996,0.320000,0.400000,1.505513,-1.000000
no_membrane,210,15,-1.023999,0.320000,0.400000,1.670621,-1.000000
no_membrane,210,16,-1.324003,0.320000,0.400000,1.869595,-1.000000
no_membrane,210,17,-1.624008,0.320000,0.400000,2.092798,-1.000000
no_membrane,210,18,-0.123996,0.380000,0.400000,1.385559,-1.000000
no_membrane,210,19,-0.423995,0.380000,0.400000,1.443666,-1.000000
no_membrane,210,20,-0.723996,0.380000,0.400000,1.558387,-1.000000
no_membrane,210,21,-1.023999,0.380000,0.400000,1.718422,-1.000000
no_membrane,210,22,-1.324003,0.380000,0.400000,1.912429,-1.000000
no_membrane,210,23,-1.624008,0.380000,0.400000,2.131150,-1.000000
no_membrane,220,0,0.036004,0.200000,0.400000,1.200540,-1.000000
no_membrane,220,1,-0.263995,0.200000,0.400000,1.228696,-1.000000
no_membrane,220,2,-0.563996,0.200000,0.400000,1.325930,-1.000000
no_membrane,220,3,-0.863999,0.200000,0.400000,1.478680,-1.000000
no_membrane,220,4,-1.164003,0.200000,0.400000,1.671796,-1.000000
no_membrane,220,5,-1.464008,0.200000,0.400000,1.892966,-1.000000
no_membrane,220,6,0.036004,0.260000,0.400000,1.260514,-1.000000
no_membrane,220,7,-0.263995,0.260000,0.400000,1.287359,-1.000000
no_membrane,220,8,-0.563996,0.260000,0.400000,1.380468,-1.000000
no_membrane,220,9,-0.863999,0.260000,0.400000,1.527775,-1.000000
no_membrane,220,10,-1.164003,0.260000,0.400000,1.715372,-1.000000
no_membrane,220,11,-1.464008,0.260000,0.400000,1.931558,-1.000000
no_membrane,220,12,0.036004,0.320000,0.400000,1.320491,-1.000000
no_membrane,220,13,-0.263995,0.320000,0.400000,1.346140,-1.000000
no_membrane,220,14,-0.563996,0.320000,0.400000,1.435441,-1.000000
no_membrane,220,15,-0.863999,0.320000,0.400000,1.577623,-1.000000
no_membrane,220,16,-1.164003,0.320000,0.400000,1.759915,-1.000000
no_membrane,220,17,-1.464008,0.320000,0.400000,1.971223,-1.000000
no_membrane,220,18,0.036004,0.380000,0.400000,1.380470,-1.000000
no_membrane,220,19,-0.263995,0.380000,0.400000,1.405024,-1.000000
no_membrane,220,20,-0.563996,0.380000,0.400000,1.490802,-1.000000
no_membrane,220,21,-0.863999,0.380000,0.400000,1.628157,-1.000000
no_membrane,220,22,-1.164003,0.380000,0.400000,1.805354,-1.000000
no_membrane,220,23,-1.464008,0.380000,0.400000,2.011894,-1.000000
no_membrane,230,0,0.196004,0.200000,0.400000,1.215902,-1.000000
no_membrane,230,1,-0.103995,0.200000,0.400000,1.204498,-1.000000
no_membrane,230,2,-0.403996,0.200000,0.400000,1.266180,-1.000000
no_membrane,230,3,-0.704000,0.200000,0.400000,1.391264,-1.000000
no_membrane,230,4,-1.004003,0.200000,0.400000,1.564615,-1.000000
no_membrane,230,5,-1.304007,0.200000,0.400000,1.772127,-1.000000
no_membrane,230,6,0.196004,0.260000,0.400000,1.275154,-1.000000
no_membrane,230,7,-0.103995,0.260000,0.400000,1.264284,-1.000000
no_membrane,230,8,-0.403996,0.260000,0.400000,1.323183,-1.000000
no_membrane,230,9,-0.704000,0.260000,0.400000,1.443335,-1.000000
no_membrane,230,10,-1.004003,0.260000,0.400000,1.611093,-1.000000
no_membrane,230,11,-1.304007,0.260000,0.400000,1.813294,-1.000000
no_membrane,230,12,0.196004,0.320000,0.400000,1.334473,-1.000000
no_membrane,230,13,-0.103995,0.320000,0.400000,1.324090,-1.000000
no_membrane,230,14,-0.403996,0.320000,0.400000,1.380439,-1.000000
no_membrane,230,15,-0.704000,0.320000,0.400000,1.496000,-1.000000
no_membrane,230,16,-1.004003,0.320000,0.400000,1.658439,-1.000000
no_membrane,230,17,-1.304007,0.320000,0.400000,1.855488,-1.000000
no_membrane,230,18,0.196004,0.380000,0.400000,1.393850,-1.000000
no_membrane,230,19,-0.103995,0.380000,0.400000,1.383913,-1.000000
no_membrane,230,20,-0.403996,0.380000,0.400000,1.437920,-1.000000
no_membrane,230,21,-0.704000,0.380000,0.400000,1.549198,-1.000000
no_membrane,230,22,-1.004003,0.380000,0.400000,1.706582,-1.000000
no_membrane,230,23,-1.304007,0.380000,0.400000,1.898640,-1.000000
no_membrane,240,0,0.356004,0.200000,0.400000,1.251694,-1.000000
no_membrane,240,1,0.056005,0.200000,0.400000,1.201306,-1.000000
no_membrane,240,2,-0.243996,0.200000,0.400000,1.224555,-1.000000
no_membrane,240,3,-0.544000,0.200000,0.400000,1.317549,-1.000000
no_membrane,240,4,-0.844003,0.200000,0.400000,1.467086,-1.000000
no_membrane,240,5,-1.144007,0.200000,0.400000,1.657936,-1.000000
no_membrane,240,6,0.356004,0.260000,0.400000,1.309328,-1.000000
no_membrane,240,7,0.056005,0.260000,0.400000,1.261244,-1.000000
no_membrane,240,8,-0.243996,0.260000,0.400000,1.283407,-1.000000
no_membrane,240,9,-0.544000,0.260000,0.400000,1.372420,-1.000000
no_membrane,240,10,-0.844003,0.260000,0.400000,1.516556,-1.000000
no_membrane,240,11,-1.144007,0.260000,0.400000,1.701867,-1.000000
no_membrane,240,12,0.356004,0.320000,0.400000,1.367164,-1.000000
no_membrane,240,13,0.056005,0.320000,0.400000,1.321187,-1.000000
no_membrane,240,14,-0.243996,0.320000,0.400000,1.342361,-1.000000
no_membrane,240,15,-0.544000,0.320000,0.400000,1.427703,-1.000000
no_membrane,240,16,-0.844003,0.320000,0.400000,1.566761,-1.000000
no_membrane,240,17,-1.144007,0.320000,0.400000,1.746755,-1.000000
no_membrane,240,18,0.356004,0.380000,0.400000,1.425180,-1.000000
no_membrane,240,19,0.056005,0.380000,0.400000,1.381136,-1.000000
no_membrane,240,20,-0.243996,0.380000,0.400000,1.401404,-1.000000
no_membrane,240,21,-0.544000,0.380000,0.400000,1.483353,-1.000000
no_membrane,240,22,-0.844003,0.380000,0.400000,1.617634,-1.000000
no_membrane,240,23,-1.144007,0.380000,0.400000,1.792527,-1.000000
no_membrane,250,0,0.516004,0.200000,0.400000,1.306239,-1.000000
no_membrane,250,1,0.216005,0.200000,0.400000,1.219286,-1.000000
no_membrane,250,2,-0.083996,0.200000,0.400000,1.202936,-1.000000
no_membrane,250,3,-0.384000,0.200000,0.400000,1.259943,-1.000000
no_membrane,250,4,-0.684003,0.200000,0.400000,1.381253,-1.000000
no_membrane,250,5,-0.984007,0.200000,0.400000,1.551860,-1.000000
no_membrane,250,6,0.516004,0.260000,0.400000,1.361565,-1.000000
no_membrane,250,7,0.216005,0.260000,0.400000,1.278381,-1.000000
no_membrane,250,8,-0.083996,0.260000,0.400000,1.262797,-1.000000
no_membrane,250,9,-0.384000,0.260000,0.400000,1.317215,-1.000000
no_membrane,250,10,-0.684003,0.260000,0.400000,1.433688,-1.000000
no_membrane,250,11,-0.984007,0.260000,0.400000,1.598709,-1.000000
no_membrane,250,12,0.516004,0.320000,0.400000,1.417272,-1.000000
no_membrane,250,13,0.216005,0.320000,0.400000,1.337557,-1.000000
no_membrane,250,14,-0.083996,0.320000,0.400000,1.322670,-1.000000
no_membrane,250,15,-0.384000,0.320000,0.400000,1.374720,-1.000000
no_membrane,250,16,-0.684003,0.320000,0.400000,1.486694,-1.000000
no_membrane,250,17,-0.984007,0.320000,0.400000,1.646411,-1.000000
no_membrane,250,18,0.516004,0.380000,0.400000,1.473316,-1.000000
no_membrane,250,19,0.216005,0.380000,0.400000,1.396803,-1.000000
no_membrane,250,20,-0.083996,0.380000,0.400000,1.382554,-1.000000
no_membrane,250,21,-0.384000,0.380000,0.400000,1.432430,-1.000000
no_membrane,250,22,-0.684003,0.380000,0.400000,1.540214,-1.000000
no_membrane,250,23,-0.984007,0.380000,0.400000,1.694895,-1.000000
no_membrane,260,0,0.676004,0.200000,0.400000,1.377309,-1.000000
no_membrane,260,1,0.376005,0.200000,0.400000,1.257529,-1.000000
no_membrane,260,2,0.076004,0.200000,0.400000,1.202404,-1.000000
no_membrane,260,3,-0.224000,0.200000,0.400000,1.220728,-1.000000
no_membrane,260,4,-0.524003,0.200000,0.400000,1.309420,-1.000000
no_membrane,260,5,-0.824007,0.200000,0.400000,1.455674,-1.000000
no_membrane,260,6,0.676004,0.260000,0.400000,1.429888,-1.000000
no_membrane,260,7,0.376005,0.260000,0.400000,1.314907,-1.000000
no_membrane,260,8,0.076004,0.260000,0.400000,1.262290,-1.000000
no_membrane,260,9,-0.224000,0.260000,0.400000,1.279756,-1.000000
no_membrane,260,10,-0.524003,0.260000,0.400000,1.364617,-1.000000
no_membrane,260,11,-0.824007,0.260000,0.400000,1.505519,-1.000000
no_membrane,260,12,0.676004,0.320000,0.400000,1.483031,-1.000000
no_membrane,260,13,0.376005,0.320000,0.400000,1.372508,-1.000000
no_membrane,260,14,0.076004,0.320000,0.400000,1.322186,-1.000000
no_membrane,260,15,-0.224000,0.320000,0.400000,1.338871,-1.000000
no_membrane,260,16,-0.524003,0.320000,0.400000,1.420204,-1.000000
no_membrane,260,17,-0.824007,0.320000,0.400000,1.556081,-1.000000
no_membrane,260,18,0.676004,0.380000,0.400000,1.536679,-1.000000
no_membrane,260,19,0.376005,0.380000,0.400000,1.430308,-1.000000
no_membrane,260,20,0.076004,0.380000,0.400000,1.382091,-1.000000
no_membrane,260,21,-0.224000,0.380000,0.400000,1.398062,-1.000000
no_membrane,260,22,-0.524003,0.380000,0.400000,1.476137,-1.000000
no_membrane,260,23,-0.824007,0.380000,0.400000,1.607292,-1.000000
no_membrane,270,0,0.836003,0.200000,0.400000,1.462499,-1.000000
no_membrane,270,1,0.536005,0.200000,0.400000,1.314268,-1.000000
no_membrane,270,2,0.236004,0.200000,0.400000,1.222987,-1.000000
no_membrane,270,3,-0.064000,0.200000,0.400000,1.201705,-1.000000
no_membrane,270,4,-0.364003,0.200000,0.400000,1.253993,-1.000000
no_membrane,270,5,-0.664007,0.200000,0.400000,1.371461,-1.000000
no_membrane,270,6,0.836003,0.260000,0.400000,1.512118,-1.000000
no_membrane,270,7,0.536005,0.260000,0.400000,1.369270,-1.000000
no_membrane,270,8,0.236004,0.260000,0.400000,1.281912,-1.000000
no_membrane,270,9,-0.064000,0.260000,0.400000,1.261624,-1.000000
no_membrane,270,10,-0.364003,0.260000,0.400000,1.311525,-1.000000
no_membrane,270,11,-0.664007,0.260000,0.400000,1.424256,-1.000000
no_membrane,270,12,0.836003,0.320000,0.400000,1.562467,-1.000000
no_membrane,270,13,0.536005,0.320000,0.400000,1.424676,-1.000000
no_membrane,270,14,0.236004,0.320000,0.400000,1.340932,-1.000000
no_membrane,270,15,-0.064000,0.320000,0.400000,1.321550,-1.000000
no_membrane,270,16,-0.364003,0.320000,0.400000,1.369269,-1.000000
no_membrane,270,17,-0.664007,0.320000,0.400000,1.477601,-1.000000
no_membrane,270,18,0.836003,0.380000,0.400000,1.613475,-1.000000
no_membrane,270,19,0.536005,0.380000,0.400000,1.480439,-1.000000
no_membrane,270,20,0.236004,0.380000,0.400000,1.400035,-1.000000
no_membrane,270,21,-0.064000,0.380000,0.400000,1.381483,-1.000000
no_membrane,270,22,-0.364003,0.380000,0.400000,1.427199,-1.000000
no_membrane,270,23,-0.664007,0.380000,0.400000,1.531439,-1.000000
no_membrane,280,0,0.996003,0.200000,0.400000,1.559494,-1.000000
no_membrane,280,1,0.696004,0.200000,0.400000,1.387235,-1.000000
no_membrane,280,2,0.396004,0.200000,0.400000,1.263653,-1.000000
no_membrane,280,3,0.096000,0.200000,0.400000,1.203834,-1.000000
no_membrane,280,4,-0.204003,0.200000,0.400000,1.217217,-1.000000
no_membrane,280,5,-0.504008,0.200000,0.400000,1.301547,-1.000000
no_membrane,280,6,0.996003,0.260000,0.400000,1.606120,-1.000000
no_membrane,280,7,0.696004,0.260000,0.400000,1.439452,-1.000000
no_membrane,280,8,0.396004,0.260000,0.400000,1.320765,-1.000000
no_membrane,280,9,0.096000,0.260000,0.400000,1.263652,-1.000000
no_membrane,280,10,-0.204003,0.260000,0.400000,1.276408,-1.000000
no_membrane,280,11,-0.504008,0.260000,0.400000,1.357064,-1.000000
no_membrane,280,12,0.996003,0.320000,0.400000,1.653609,-1.000000
no_membrane,280,13,0.696004,0.320000,0.400000,1.492254,-1.000000
no_membrane,280,14,0.396004,0.320000,0.400000,1.378121,-1.000000
no_membrane,280,15,0.096000,0.320000,0.400000,1.323486,-1.000000
no_membrane,280,16,-0.204003,0.320000,0.400000,1.335671,-1.000000
no_membrane,280,17,-0.504008,0.320000,0.400000,1.412948,-1.000000
no_membrane,280,18,0.996003,0.380000,0.400000,1.701888,-1.000000
no_membrane,280,19,0.696004,0.380000,0.400000,1.545581,-1.000000
no_membrane,280,20,0.396004,0.380000,0.400000,1.435695,-1.000000
no_membrane,280,21,0.096000,0.380000,0.400000,1.383335,-1.000000
no_membrane,280,22,-0.204003,0.380000,0.400000,1.394997,-1.000000
no_membrane,280,23,-0.504008,0.380000,0.400000,1.469157,-1.000000
no_membrane,290,0,1.156003,0.200000,0.400000,1.666237,-1.000000
no_membrane,290,1,0.856004,0.200000,0.400000,1.474023,-1.000000
no_membrane,290,2,0.556004,0.200000,0.400000,1.322551,-1.000000
no_membrane,290,3,0.256000,0.200000,0.400000,1.227003,-1.000000
no_membrane,290,4,-0.044003,0.200000,0.400000,1.200807,-1.000000
no_membrane,290,5,-0.344008,0.200000,0.400000,1.248335,-1.000000
no_membrane,290,6,1.156003,0.260000,0.400000,1.709954,-1.000000
no_membrane,290,7,0.856004,0.260000,0.400000,1.523267,-1.000000
no_membrane,290,8,0.556004,0.260000,0.400000,1.377222,-1.000000
no_membrane,290,9,0.256000,0.260000,0.400000,1.285743,-1.000000
no_membrane,290,10,-0.044003,0.260000,0.400000,1.260768,-1.000000
no_membrane,290,11,-0.344008,0.260000,0.400000,1.306117,-1.000000
no_membrane,290,12,1.156003,0.320000,0.400000,1.754635,-1.000000
no_membrane,290,13,0.856004,0.320000,0.400000,1.573259,-1.000000
no_membrane,290,14,0.556004,0.320000,0.400000,1.432320,-1.000000
no_membrane,290,15,0.256000,0.320000,0.400000,1.344595,-1.000000
no_membrane,290,16,-0.044003,0.320000,0.400000,1.320733,-1.000000
no_membrane,290,17,-0.344008,0.320000,0.400000,1.364090,-1.000000
no_membrane,290,18,1.156003,0.380000,0.400000,1.800207,-1.000000
no_membrane,290,19,0.856004,0.380000,0.400000,1.623928,-1.000000
no_membrane,290,20,0.556004,0.380000,0.400000,1.487797,-1.000000
no_membrane,290,21,0.256000,0.380000,0.400000,1.403544,-1.000000
no_membrane,290,22,-0.044003,0.380000,0.400000,1.380701,-1.000000
no_membrane,290,23,-0.344008,0.380000,0.400000,1.422231,-1.000000
no_membrane,300,0,1.316004,0.200000,0.400000,1.780973,-1.000000
no_membrane,300,1,1.016004,0.200000,0.400000,1.572343,-1.000000
no_membrane,300,2,0.716004,0.200000,0.400000,1.397377,-1.000000
no_membrane,300,3,0.416000,0.200000,0.400000,1.270061,-1.000000
no_membrane,300,4,0.115997,0.200000,0.400000,1.205593,-1.000000
no_membrane,300,5,-0.184008,0.200000,0.400000,1.214026,-1.000000
no_membrane,300,6,1.316004,0.260000,0.400000,1.821940,-1.000000
no_membrane,300,7,1.016004,0.260000,0.400000,1.618599,-1.000000
no_membrane,300,8,0.716004,0.260000,0.400000,1.449228,-1.000000
no_membrane,300,9,0.416000,0.260000,0.400000,1.326897,-1.000000
no_membrane,300,10,0.115997,0.260000,0.400000,1.265328,-1.000000
no_membrane,300,11,-0.184008,0.260000,0.400000,1.273365,-1.000000
no_membrane,300,12,1.316004,0.320000,0.400000,1.863938,-1.000000
no_membrane,300,13,1.016004,0.320000,0.400000,1.665732,-1.000000
no_membrane,300,14,0.716004,0.320000,0.400000,1.501686,-1.000000
no_membrane,300,15,0.416000,0.320000,0.400000,1.384000,-1.000000
no_membrane,300,16,0.115997,0.320000,0.400000,1.325087,-1.000000
no_membrane,300,17,-0.184008,0.320000,0.400000,1.332764,-1.000000
no_membrane,300,18,1.316004,0.380000,0.400000,1.906900,-1.000000
no_membrane,300,19,1.016004,0.380000,0.400000,1.713670,-1.000000
no_membrane,300,20,0.716004,0.380000,0.400000,1.554690,-1.000000
no_membrane,300,21,0.416000,0.380000,0.400000,1.441338,-1.000000
no_membrane,300,22,0.115997,0.380000,0.400000,1.384866,-1.000000
no_membrane,300,23,-0.184008,0.380000,0.400000,1.392214,-1.000000
no_membrane,310,0,1.476004,0.200000,0.400000,1.902259,-1.000000
no_membrane,310,1,1.176004,0.200000,0.400000,1.680174,-1.000000
no_membrane,310,2,0.876003,0.200000,0.400000,1.485726,-1.000000
no_membrane,310,3,0.576000,0.200000,0.400000,1.331081,-1.000000
no_membrane,310,4,0.275996,0.200000,0.400000,1.231330,-1.000000
no_membrane,310,5,-0.024008,0.200000,0.400000,1.200240,-1.000000
no_membrane,310,6,1.476004,0.260000,0.400000,1.940667,-1.000000
no_membrane,310,7,1.176004,0.260000,0.400000,1.723539,-1.000000
no_membrane,310,8,0.876003,0.260000,0.400000,1.534595,-1.000000
no_membrane,310,9,0.576000,0.260000,0.400000,1.385415,-1.000000
no_membrane,310,10,0.275996,0.260000,0.400000,1.289874,-1.000000
no_membrane,310,11,-0.024008,0.260000,0.400000,1.260229,-1.000000
no_membrane,310,12,1.476004,0.320000,0.400000,1.980148,-1.000000
no_membrane,310,13,1.176004,0.320000,0.400000,1.767876,-1.000000
no_membrane,310,14,0.876003,0.320000,0.400000,1.584229,-1.000000
no_membrane,310,15,0.576000,0.320000,0.400000,1.440200,-1.000000
no_membrane,310,16,0.275996,0.320000,0.400000,1.348545,-1.000000
no_membrane,310,17,-0.024008,0.320000,0.400000,1.320218,-1.000000
no_membrane,310,18,1.476004,0.380000,0.400000,2.020641,-1.000000
no_membrane,310,19,1.176004,0.380000,0.400000,1.813115,-1.000000
no_membrane,310,20,0.876003,0.380000,0.400000,1.634559,-1.000000
no_membrane,310,21,0.576000,0.380000,0.400000,1.495385,-1.000000
no_membrane,310,22,0.275996,0.380000,0.400000,1.407329,-1.000000
no_membrane,310,23,-0.024008,0.380000,0.400000,1.380209,-1.000000
no_membrane,320,0,1.636004,0.200000,0.400000,2.028919,-1.000000
no_membrane,320,1,1.336004,0.200000,0.400000,1.795803,-1.000000
no_membrane,320,2,1.036003,0.200000,0.400000,1.585340,-1.000000
no_membrane,320,3,0.735999,0.200000,0.400000,1.407727,-1.000000
no_membrane,320,4,0.435996,0.200000,0.400000,1.276751,-1.000000
no_membrane,320,5,0.135992,0.200000,0.400000,1.207681,-1.000000
no_membrane,320,6,1.636004,0.260000,0.400000,2.064972,-1.000000
no_membrane,320,7,1.336004,0.260000,0.400000,1.836439,-1.000000
no_membrane,320,8,1.036003,0.260000,0.400000,1.631227,-1.000000
no_membrane,320,9,0.735999,0.260000,0.400000,1.459210,-1.000000
no_membrane,320,10,0.435996,0.260000,0.400000,1.333301,-1.000000
no_membrane,320,11,0.135992,0.260000,0.400000,1.267318,-1.000000
no_membrane,320,12,1.636004,0.320000,0.400000,2.102120,-1.000000
no_membrane,320,13,1.336004,0.320000,0.400000,1.878113,-1.000000
no_membrane,320,14,1.036003,0.320000,0.400000,1.678005,-1.000000
no_membrane,320,15,0.735999,0.320000,0.400000,1.511322,-1.000000
no_membrane,320,16,0.435996,0.320000,0.400000,1.390141,-1.000000
no_membrane,320,17,0.135992,0.320000,0.400000,1.326987,-1.000000
no_membrane,320,18,1.636004,0.380000,0.400000,2.140306,-1.000000
no_membrane,320,19,1.336004,0.380000,0.400000,1.920757,-1.000000
no_membrane,320,20,1.036003,0.380000,0.400000,1.725602,-1.000000
no_membrane,320,21,0.735999,0.380000,0.400000,1.564000,-1.000000
no_membrane,320,22,0.435996,0.380000,0.400000,1.447236,-1.000000
no_membrane,320,23,0.135992,0.380000,0.400000,1.386685,-1.000000
no_membrane,330,0,1.796005,0.200000,0.400000,2.160008,-1.000000
no_membrane,330,1,1.496005,0.200000,0.400000,1.917819,-1.000000
no_membrane,330,2,1.196003,0.200000,0.400000,1.694233,-1.000000
no_membrane,330,3,0.895999,0.200000,0.400000,1.497603,-1.000000
no_membrane,330,4,0.595996,0.200000,0.400000,1.339855,-1.000000
no_membrane,330,5,0.295992,0.200000,0.400000,1.235966,-1.000000
no_membrane,330,6,1.796005,0.260000,0.400000,2.193908,-1.000000
no_membrane,330,7,1.496005,0.260000,0.400000,1.955922,-1.000000
no_membrane,330,8,1.196003,0.260000,0.400000,1.737246,-1.000000
no_membrane,330,9,0.895999,0.260000,0.400000,1.546097,-1.000000
no_membrane,330,10,0.595996,0.260000,0.400000,1.393848,-1.000000
no_membrane,330,11,0.295992,0.260000,0.400000,1.294300,-1.000000
no_membrane,330,12,1.796005,0.320000,0.400000,2.228909,-1.000000
no_membrane,330,13,1.496005,0.320000,0.400000,1.995102,-1.000000
no_membrane,330,14,1.196003,0.320000,0.400000,1.781242,-1.000000
no_membrane,330,15,0.895999,0.320000,0.400000,1.595373,-1.000000
no_membrane,330,16,0.595996,0.320000,0.400000,1.448313,-1.000000
no_membrane,330,17,0.295992,0.320000,0.400000,1.352779,-1.000000
no_membrane,330,18,1.796005,0.380000,0.400000,2.264958,-1.000000
no_membrane,330,19,1.496005,0.380000,0.400000,2.035296,-1.000000
no_membrane,330,20,1.196003,0.380000,0.400000,1.826150,-1.000000
no_membrane,330,21,0.895999,0.380000,0.400000,1.645362,-1.000000
no_membrane,330,22,0.595996,0.380000,0.400000,1.503200,-1.000000
no_membrane,330,23,0.295992,0.380000,0.400000,1.411386,-1.000000
no_membrane,340,0,1.956005,0.200000,0.400000,2.294767,-1.000000
no_membrane,340,1,1.656005,0.200000,0.400000,2.045080,-1.000000
no_membrane,340,2,1.356004,0.200000,0.400000,1.810731,-1.000000
no_membrane,340,3,1.055999,0.200000,0.400000,1.598479,-1.000000
no_membrane,340,4,0.755996,0.200000,0.400000,1.418284,-1.000000
no_membrane,340,5,0.455992,0.200000,0.400000,1.283717,-1.000000
no_membrane,340,6,1.956005,0.260000,0.400000,2.326705,-1.000000
no_membrane,340,7,1.656005,0.260000,0.400000,2.080854,-1.000000
no_membrane,340,8,1.356004,0.260000,0.400000,1.851039,-1.000000
no_membrane,340,9,1.055999,0.260000,0.400000,1.643999,-1.000000
no_membrane,340,10,0.755996,0.260000,0.400000,1.469398,-1.000000
no_membrane,340,11,0.455992,0.260000,0.400000,1.339973,-1.000000
no_membrane,340,12,1.956005,0.320000,0.400000,2.359736,-1.000000
no_membrane,340,13,1.656005,0.320000,0.400000,2.117723,-1.000000
no_membrane,340,14,1.356004,0.320000,0.400000,1.892392,-1.000000
no_membrane,340,15,1.055999,0.320000,0.400000,1.690424,-1.000000
no_membrane,340,16,0.755996,0.320000,0.400000,1.521161,-1.000000
no_membrane,340,17,0.455992,0.320000,0.400000,1.396542,-1.000000
no_membrane,340,18,1.956005,0.380000,0.400000,2.393816,-1.000000
no_membrane,340,19,1.656005,0.380000,0.400000,2.155633,-1.000000
no_membrane,340,20,1.356004,0.380000,0.400000,1.934721,-1.000000
no_membrane,340,21,1.055999,0.380000,0.400000,1.737681,-1.000000
no_membrane,340,22,0.755996,0.380000,0.400000,1.573509,-1.000000
no_membrane,340,23,0.455992,0.380000,0.400000,1.453385,-1.000000
no_membrane,350,0,2.116005,0.200000,0.400000,2.432587,-1.000000
no_membrane,350,1,1.816005,0.200000,0.400000,2.176666,-1.000000
no_membrane,350,2,1.516004,0.200000,0.400000,1.933460,-1.000000
no_membrane,350,3,1.215999,0.200000,0.400000,1.708407,-1.000000
no_membrane,350,4,0.915996,0.200000,0.400000,1.509652,-1.000000
no_membrane,350,5,0.615992,0.200000,0.400000,1.348868,-1.000000
no_membrane,350,6,2.116005,0.260000,0.400000,2.462738,-1.000000
no_membrane,350,7,1.816005,0.260000,0.400000,2.210311,-1.000000
no_membrane,350,8,1.516004,0.260000,0.400000,1.971261,-1.000000
no_membrane,350,9,1.215999,0.260000,0.400000,1.751072,-1.000000
no_membrane,350,10,0.915996,0.260000,0.400000,1.557770,-1.000000
no_membrane,350,11,0.615992,0.260000,0.400000,1.402514,-1.000000
no_membrane,350,12,2.116005,0.320000,0.400000,2.493968,-1.000000
no_membrane,350,13,1.816005,0.320000,0.400000,2.245056,-1.000000
no_membrane,350,14,1.516004,0.320000,0.400000,2.010141,-1.000000
no_membrane,350,15,1.215999,0.320000,0.400000,1.794730,-1.000000
no_membrane,350,16,0.915996,0.320000,0.400000,1.606688,-1.000000
no_membrane,350,17,0.615992,0.320000,0.400000,1.456656,-1.000000
no_membrane,350,18,2.116005,0.380000,0.400000,2.526238,-1.000000
no_membrane,350,19,1.816005,0.380000,0.400000,2.280850,-1.000000
no_membrane,350,20,1.516004,0.380000,0.400000,2.050041,-1.000000
no_membrane,350,21,1.215999,0.380000,0.400000,1.839308,-1.000000
no_membrane,350,22,0.915996,0.380000,0.400000,1.656336,-1.000000
no_membrane,350,23,0.615992,0.380000,0.400000,1.511240,-1.000000
no_membrane,360,0,2.276006,0.200000,0.400000,2.572975,-1.000000
no_membrane,360,1,1.976006,0.200000,0.400000,2.311839,-1.000000
no_membrane,360,2,1.676004,0.200000,0.400000,2.061308,-1.000000
no_membrane,360,3,1.376000,0.200000,0.400000,1.825753,-1.000000
no_membrane,360,4,1.075996,0.200000,0.400000,1.611759,-1.000000
no_membrane,360,5,0.775992,0.200000,0.400000,1.429043,-1.000000
no_membrane,360,6,2.276006,0.260000,0.400000,2.601500,-1.000000
no_membrane,360,7,1.976006,0.260000,0.400000,2.343544,-1.000000
no_membrane,360,8,1.676004,0.260000,0.400000,2.096805,-1.000000
no_membrane,360,9,1.376000,0.260000,0.400000,1.865737,-1.000000
no_membrane,360,10,1.075996,0.260000,0.400000,1.656915,-1.000000
no_membrane,360,11,0.775992,0.260000,0.400000,1.479785,-1.000000
no_membrane,360,12,2.276006,0.320000,0.400000,2.631084,-1.000000
no_membrane,360,13,1.976006,0.320000,0.400000,2.376341,-1.000000
no_membrane,360,14,1.676004,0.320000,0.400000,2.133399,-1.000000
no_membrane,360,15,1.376000,0.320000,0.400000,1.906771,-1.000000
no_membrane,360,16,1.075996,0.320000,0.400000,1.702988,-1.000000
no_membrane,360,17,0.775992,0.320000,0.400000,1.531197,-1.000000
no_membrane,360,18,2.276006,0.380000,0.400000,2.661692,-1.000000
no_membrane,360,19,1.976006,0.380000,0.400000,2.410187,-1.000000
no_membrane,360,20,1.676004,0.380000,0.400000,2.171035,-1.000000
no_membrane,360,21,1.376000,0.380000,0.400000,1.948788,-1.000000
no_membrane,360,22,1.075996,0.380000,0.400000,1.749905,-1.000000
no_membrane,360,23,0.775992,0.380000,0.400000,1.583213,-1.000000
no_membrane,370,0,2.436006,0.200000,0.400000,2.715534,-1.000000
no_membrane,370,1,2.136006,0.200000,0.400000,2.450005,-1.000000
no_membrane,370,2,1.836005,0.200000,0.400000,2.193379,-1.000000
no_membrane,370,3,1.536000,0.200000,0.400000,1.949178,-1.000000
no_membrane,370,4,1.235996,0.200000,0.400000,1.722697,-1.000000
no_membrane,370,5,0.935992,0.200000,0.400000,1.521867,-1.000000
no_membrane,370,6,2.436006,0.260000,0.400000,2.742576,-1.000000
no_membrane,370,7,2.136006,0.260000,0.400000,2.479944,-1.000000
no_membrane,370,8,1.836005,0.260000,0.400000,2.226772,-1.000000
no_membrane,370,9,1.536000,0.260000,0.400000,1.986680,-1.000000
no_membrane,370,10,1.235996,0.260000,0.400000,1.765017,-1.000000
no_membrane,370,11,0.935992,0.260000,0.400000,1.569611,-1.000000
no_membrane,370,12,2.436006,0.320000,0.400000,2.770654,-1.000000
no_membrane,370,13,2.136006,0.320000,0.400000,2.510960,-1.000000
no_membrane,370,14,1.836005,0.320000,0.400000,2.261264,-1.000000
no_membrane,370,15,1.536000,0.320000,0.400000,2.025265,-1.000000
no_membrane,370,16,1.235996,0.320000,0.400000,1.808338,-1.000000
no_membrane,370,17,0.935992,0.320000,0.400000,1.618172,-1.000000
no_membrane,370,18,2.436006,0.380000,0.400000,2.799737,-1.000000
no_membrane,370,19,2.136006,0.380000,0.400000,2.543014,-1.000000
no_membrane,370,20,1.836005,0.380000,0.400000,2.296805,-1.000000
no_membrane,370,21,1.536000,0.380000,0.400000,2.064872,-1.000000
no_membrane,370,22,1.235996,0.380000,0.400000,1.852589,-1.000000
no_membrane,370,23,0.935992,0.380000,0.400000,1.667477,-1.000000
no_membrane,380,0,2.596006,0.200000,0.400000,2.859939,-1.000000
no_membrane,380,1,2.296006,0.200000,0.400000,2.590684,-1.000000
no_membrane,380,2,1.996005,0.200000,0.400000,2.328956,-1.000000
no_membrane,380,3,1.696000,0.200000,0.400000,2.077599,-1.000000
no_membrane,380,4,1.395996,0.200000,0.400000,1.840871,-1.000000
no_membrane,380,5,1.095992,0.200000,0.400000,1.625176,-1.000000
no_membrane,380,6,2.596006,0.260000,0.400000,2.885628,-1.000000
no_membrane,380,7,2.296006,0.260000,0.400000,2.619016,-1.000000
no_membrane,380,8,1.996005,0.260000,0.400000,2.360431,-1.000000
no_membrane,380,9,1.696000,0.260000,0.400000,2.112822,-1.000000
no_membrane,380,10,1.395996,0.260000,0.400000,1.880533,-1.000000
no_membrane,380,11,1.095992,0.260000,0.400000,1.669969,-1.000000
no_membrane,380,12,2.596006,0.320000,0.400000,2.912327,-1.000000
no_membrane,380,13,2.296006,0.320000,0.400000,2.648404,-1.000000
no_membrane,380,14,1.996005,0.320000,0.400000,2.392997,-1.000000
no_membrane,380,15,1.696000,0.320000,0.400000,2.149143,-1.000000
no_membrane,380,16,1.395996,0.320000,0.400000,1.921251,-1.000000
no_membrane,380,17,1.095992,0.320000,0.400000,1.715692,-1.000000
no_membrane,380,18,2.596006,0.380000,0.400000,2.940008,-1.000000
no_membrane,380,19,2.296006,0.380000,0.400000,2.678814,-1.000000
no_membrane,380,20,1.996005,0.380000,0.400000,2.426610,-1.000000
no_membrane,380,21,1.696000,0.380000,0.400000,2.186508,-1.000000
no_membrane,380,22,1.395996,0.380000,0.400000,1.962958,-1.000000
no_membrane,380,23,1.095992,0.380000,0.400000,1.762271,-1.000000
no_membrane,390,0,2.756007,0.200000,0.400000,3.005923,-1.000000
no_membrane,390,1,2.456007,0.200000,0.400000,2.733490,-1.000000
no_membrane,390,2,2.156005,0.200000,0.400000,2.467460,-1.000000
no_membrane,390,3,1.856001,0.200000,0.400000,2.210145,-1.000000
no_membrane,390,4,1.555997,0.200000,0.400000,1.964975,-1.000000
no_membrane,390,5,1.255992,0.200000,0.400000,1.737100,-1.000000
no_membrane,390,6,2.756007,0.260000,0.400000,3.030375,-1.000000
no_membrane,390,7,2.456007,0.260000,0.400000,2.760357,-1.000000
no_membrane,390,8,2.156005,0.260000,0.400000,2.497190,-1.000000
no_membrane,390,9,1.856001,0.260000,0.400000,2.243287,-1.000000
no_membrane,390,10,1.555997,0.260000,0.400000,2.002180,-1.000000
no_membrane,390,11,1.255992,0.260000,0.400000,1.779077,-1.000000
no_membrane,390,12,2.756007,0.320000,0.400000,3.055810,-1.000000
no_membrane,390,13,2.456007,0.320000,0.400000,2.788255,-1.000000
no_membrane,390,14,2.156005,0.320000,0.400000,2.527995,-1.000000
no_membrane,390,15,1.856001,0.320000,0.400000,2.277529,-1.000000
no_membrane,390,16,1.555997,0.320000,0.400000,2.040472,-1.000000
no_membrane,390,17,1.255992,0.320000,0.400000,1.822064,-1.000000
no_membrane,390,18,2.756007,0.380000,0.400000,3.082203,-1.000000
no_membrane,390,19,2.456007,0.380000,0.400000,2.817156,-1.000000
no_membrane,390,20,2.156005,0.380000,0.400000,2.559836,-1.000000
no_membrane,390,21,1.856001,0.380000,0.400000,2.312820,-1.000000
no_membrane,390,22,1.555997,0.380000,0.400000,2.079790,-1.000000
no_membrane,390,23,1.255992,0.380000,0.400000,1.865989,-1.000000
no_membrane,400,0,2.916007,0.200000,0.400000,3.153268,-1.000000
no_membrane,400,1,2.616007,0.200000,0.400000,2.878106,-1.000000
no_membrane,400,2,2.316006,0.200000,0.400000,2.608425,-1.000000
no_membrane,400,3,2.016001,0.200000,0.400000,2.346116,-1.000000
no_membrane,400,4,1.715997,0.200000,0.400000,2.093955,-1.000000
no_membrane,400,5,1.415992,0.200000,0.400000,1.856080,-1.000000
no_membrane,400,6,2.916007,0.260000,0.400000,3.176586,-1.000000
no_membrane,400,7,2.616007,0.260000,0.400000,2.903635,-1.000000
no_membrane,400,8,2.316006,0.260000,0.400000,2.636566,-1.000000
no_membrane,400,9,2.016001,0.260000,0.400000,2.377364,-1.000000
no_membrane,400,10,1.715997,0.260000,0.400000,2.128907,-1.000000
no_membrane,400,11,1.415992,0.260000,0.400000,1.895424,-1.000000
no_membrane,400,12,2.916007,0.320000,0.400000,3.200859,-1.000000
no_membrane,400,13,2.616007,0.320000,0.400000,2.930169,-1.000000
no_membrane,400,14,2.316006,0.320000,0.400000,2.665761,-1.000000
no_membrane,400,15,2.016001,0.320000,0.400000,2.409701,-1.000000
no_membrane,400,16,1.715997,0.320000,0.400000,2.164958,-1.000000
no_membrane,400,17,1.415992,0.320000,0.400000,1.935829,-1.000000
no_membrane,400,18,2.916007,0.380000,0.400000,3.226065,-1.000000
no_membrane,400,19,2.616007,0.380000,0.400000,2.957684,-1.000000
no_membrane,400,20,2.316006,0.380000,0.400000,2.695975,-1.000000
no_membrane,400,21,2.016001,0.380000,0.400000,2.443084,-1.000000
no_membrane,400,22,1.715997,0.380000,0.400000,2.202055,-1.000000
no_membrane,400,23,1.415992,0.380000,0.400000,1.977229,-1.000000
no_membrane,410,0,3.076007,0.200000,0.400000,3.301791,-1.000000
no_membrane,410,1,2.776007,0.200000,0.400000,3.024271,-1.000000
no_membrane,410,2,2.476006,0.200000,0.400000,2.751473,-1.000000
no_membrane,410,3,2.176001,0.200000,0.400000,2.484951,-1.000000
no_membrane,410,4,1.875997,0.200000,0.400000,2.226964,-1.000000
no_membrane,410,5,1.575993,0.200000,0.400000,1.980847,-1.000000
no_membrane,410,6,3.076007,0.260000,0.400000,3.324067,-1.000000
no_membrane,410,7,2.776007,0.260000,0.400000,3.048576,-1.000000
no_membrane,410,8,2.476006,0.260000,0.400000,2.778166,-1.000000
no_membrane,410,9,2.176001,0.260000,0.400000,2.514474,-1.000000
no_membrane,410,10,1.875997,0.260000,0.400000,2.259860,-1.000000
no_membrane,410,11,1.575993,0.260000,0.400000,2.017759,-1.000000
no_membrane,410,12,3.076007,0.320000,0.400000,3.347271,-1.000000
no_membrane,410,13,2.776007,0.320000,0.400000,3.073860,-1.000000
no_membrane,410,14,2.476006,0.320000,0.400000,2.805888,-1.000000
no_membrane,410,15,2.176001,0.320000,0.400000,2.545070,-1.000000
no_membrane,410,16,1.875997,0.320000,0.400000,2.293854,-1.000000
no_membrane,410,17,1.575993,0.320000,0.400000,2.055761,-1.000000
no_membrane,410,18,3.076007,0.380000,0.400000,3.371383,-1.000000
no_membrane,410,19,2.776007,0.380000,0.400000,3.100100,-1.000000
no_membrane,410,20,2.476006,0.380000,0.400000,2.834609,-1.000000
no_membrane,410,21,2.176001,0.380000,0.400000,2.576700,-1.000000
no_membrane,410,22,1.875997,0.380000,0.400000,2.328898,-1.000000
no_membrane,410,23,1.575993,0.380000,0.400000,2.094792,-1.000000
no_membrane,420,0,3.236008,0.200000,0.400000,3.451340,-1.000000
no_membrane,420,1,2.936008,0.200000,0.400000,3.171773,-1.000000
no_membrane,420,2,2.636006,0.200000,0.400000,2.896296,-1.000000
no_membrane,420,3,2.336002,0.200000,0.400000,2.626196,-1.000000
no_membrane,420,4,2.035998,0.200000,0.400000,2.363321,-1.000000
no_membrane,420,5,1.735993,0.200000,0.400000,2.110372,-1.000000
no_membrane,420,6,3.236008,0.260000,0.400000,3.472657,-1.000000
no_membrane,420,7,2.936008,0.260000,0.400000,3.194956,-1.000000
no_membrane,420,8,2.636006,0.260000,0.400000,2.921665,-1.000000
no_membrane,420,9,2.336002,0.260000,0.400000,2.654148,-1.000000
no_membrane,420,10,2.035998,0.260000,0.400000,2.394345,-1.000000
no_membrane,420,11,1.735993,0.260000,0.400000,2.145057,-1.000000
no_membrane,420,12,3.236008,0.320000,0.400000,3.494874,-1.000000
no_membrane,420,13,2.936008,0.320000,0.400000,3.219090,-1.000000
no_membrane,420,14,2.636006,0.320000,0.400000,2.948038,-1.000000
no_membrane,420,15,2.336002,0.320000,0.400000,2.683152,-1.000000
no_membrane,420,16,2.035998,0.320000,0.400000,2.426455,-1.000000
no_membrane,420,17,1.735993,0.320000,0.400000,2.180842,-1.000000
no_membrane,420,18,3.236008,0.380000,0.400000,3.517975,-1.000000
no_membrane,420,19,2.936008,0.380000,0.400000,3.244155,-1.000000
no_membrane,420,20,2.636006,0.380000,0.400000,2.975387,-1.000000
no_membrane,420,21,2.336002,0.380000,0.400000,2.713172,-1.000000
no_membrane,420,22,2.035998,0.380000,0.400000,2.459611,-1.000000
no_membrane,420,23,1.735993,0.380000,0.400000,2.217673,-1.000000
no_membrane,430,0,3.396008,0.200000,0.400000,3.601787,-1.000000
no_membrane,430,1,3.096008,0.200000,0.400000,3.320432,-1.000000
no_membrane,430,2,2.796007,0.200000,0.400000,3.042639,-1.000000
no_membrane,430,3,2.496002,0.200000,0.400000,2.769481,-1.000000
no_membrane,430,4,2.195998,0.200000,0.400000,2.502480,-1.000000
no_membrane,430,5,1.895993,0.200000,0.400000,2.243834,-1.000000
no_membrane,430,6,3.396008,0.260000,0.400000,3.622219,-1.000000
no_membrane,430,7,3.096008,0.260000,0.400000,3.342584,-1.000000
no_membrane,430,8,2.796007,0.260000,0.400000,3.066798,-1.000000
no_membrane,430,9,2.496002,0.260000,0.400000,2.796002,-1.000000
no_membrane,430,10,2.195998,0.260000,0.400000,2.531799,-1.000000
no_membrane,430,11,1.895993,0.260000,0.400000,2.276486,-1.000000
no_membrane,430,12,3.396008,0.320000,0.400000,3.643524,-1.000000
no_membrane,430,13,3.096008,0.320000,0.400000,3.365660,-1.000000
no_membrane,430,14,2.796007,0.320000,0.400000,3.091933,-1.000000
no_membrane,430,15,2.496002,0.320000,0.400000,2.823548,-1.000000
no_membrane,430,16,2.195998,0.320000,0.400000,2.562188,-1.000000
no_membrane,430,17,1.895993,0.320000,0.400000,2.310236,-1.000000
no_membrane,430,18,3.396008,0.380000,0.400000,3.665688,-1.000000
no_membrane,430,19,3.096008,0.380000,0.400000,3.389641,-1.000000
no_membrane,430,20,2.796007,0.380000,0.400000,3.118021,-1.000000
no_membrane,430,21,2.496002,0.380000,0.400000,2.852092,-1.000000
no_membrane,430,22,2.195998,0.380000,0.400000,2.593609,-1.000000
no_membrane,430,23,1.895993,0.380000,0.400000,2.345035,-1.000000
no_membrane,440,0,3.556008,0.200000,0.400000,3.753025,-1.000000
no_membrane,440,1,3.256008,0.200000,0.400000,3.470099,-1.000000
no_membrane,440,2,2.956007,0.200000,0.400000,3.190294,-1.000000
no_membrane,440,3,2.656002,0.200000,0.400000,2.914506,-1.000000
no_membrane,440,4,2.355998,0.200000,0.400000,2.643998,-1.000000
no_membrane,440,5,2.055994,0.200000,0.400000,2.380569,-1.000000
no_membrane,440,6,3.556008,0.260000,0.400000,3.772638,-1.000000
no_membrane,440,7,3.256008,0.260000,0.400000,3.491302,-1.000000
no_membrane,440,8,2.956007,0.260000,0.400000,3.213344,-1.000000
no_membrane,440,9,2.656002,0.260000,0.400000,2.939719,-1.000000
no_membrane,440,10,2.355998,0.260000,0.400000,2.671765,-1.000000
no_membrane,440,11,2.055994,0.260000,0.400000,2.411371,-1.000000
no_membrane,440,12,3.556008,0.320000,0.400000,3.793098,-1.000000
no_membrane,440,13,3.256008,0.320000,0.400000,3.513402,-1.000000
no_membrane,440,14,2.956007,0.320000,0.400000,3.237341,-1.000000
no_membrane,440,15,2.656002,0.320000,0.400000,2.965931,-1.000000
no_membrane,440,16,2.355998,0.320000,0.400000,2.700579,-1.000000
no_membrane,440,17,2.055994,0.320000,0.400000,2.443258,-1.000000
no_membrane,440,18,3.556008,0.380000,0.400000,3.814393,-1.000000
no_membrane,440,19,3.256008,0.380000,0.400000,3.536381,-1.000000
no_membrane,440,20,2.956007,0.380000,0.400000,3.262266,-1.000000
no_membrane,440,21,2.656002,0.380000,0.400000,2.993117,-1.000000
no_membrane,440,22,2.355998,0.380000,0.400000,2.730408,-1.000000
no_membrane,440,23,2.055994,0.380000,0.400000,2.476188,-1.000000
no_membrane,450,0,3.716009,0.200000,0.400000,3.904961,-1.000000
no_membrane,450,1,3.416009,0.200000,0.400000,3.620651,-1.000000
no_membrane,450,2,3.116007,0.200000,0.400000,3.339087,-1.000000
no_membrane,450,3,2.816003,0.200000,0.400000,3.061024,-1.000000
no_membrane,450,4,2.515999,0.200000,0.400000,2.787517,-1.000000
no_membrane,450,5,2.215994,0.200000,0.400000,2.520046,-1.000000
no_membrane,450,6,3.716009,0.260000,0.400000,3.923815,-1.000000
no_membrane,450,7,3.416009,0.260000,0.400000,3.640977,-1.000000
no_membrane,450,8,3.116007,0.260000,0.400000,3.361116,-1.000000
no_membrane,450,9,2.816003,0.260000,0.400000,3.085040,-1.000000
no_membrane,450,10,2.515999,0.260000,0.400000,2.813867,-1.000000
no_membrane,450,11,2.215994,0.260000,0.400000,2.549162,-1.000000
no_membrane,450,12,3.716009,0.320000,0.400000,3.943491,-1.000000
no_membrane,450,13,3.416009,0.320000,0.400000,3.662174,-1.000000
no_membrane,450,14,3.116007,0.320000,0.400000,3.384066,-1.000000
no_membrane,450,15,2.816003,0.320000,0.400000,3.110027,-1.000000
no_membrane,450,16,2.515999,0.320000,0.400000,2.841241,-1.000000
no_membrane,450,17,2.215994,0.320000,0.400000,2.579347,-1.000000
no_membrane,450,18,3.716009,0.380000,0.400000,3.963978,-1.000000
no_membrane,450,19,3.416009,0.380000,0.400000,3.684225,-1.000000
no_membrane,450,20,3.116007,0.380000,0.400000,3.407917,-1.000000
no_membrane,450,21,2.816003,0.380000,0.400000,3.135964,-1.000000
no_membrane,450,22,2.515999,0.380000,0.400000,2.869608,-1.000000
no_membrane,450,23,2.215994,0.380000,0.400000,2.610561,-1.000000
no_membrane,460,0,3.876009,0.200000,0.400000,4.057517,-1.000000
no_membrane,460,1,3.576009,0.200000,0.400000,3.771981,-1.000000
no_membrane,460,2,3.276008,0.200000,0.400000,3.488872,-1.000000
no_membrane,460,3,2.976003,0.200000,0.400000,3.208831,-1.000000
no_membrane,460,4,2.675999,0.200000,0.400000,2.932741,-1.000000
no_membrane,460,5,2.375994,0.200000,0.400000,2.661832,-1.000000
no_membrane,460,6,3.876009,0.260000,0.400000,4.075665,-1.000000
no_membrane,460,7,3.576009,0.260000,0.400000,3.791496,-1.000000
no_membrane,460,8,3.276008,0.260000,0.400000,3.509961,-1.000000
no_membrane,460,9,2.976003,0.260000,0.400000,3.231748,-1.000000
no_membrane,460,10,2.675999,0.260000,0.400000,2.957798,-1.000000
no_membrane,460,11,2.375994,0.260000,0.400000,2.689414,-1.000000
no_membrane,460,12,3.876009,0.320000,0.400000,4.094612,-1.000000
no_membrane,460,13,3.576009,0.320000,0.400000,3.811855,-1.000000
no_membrane,460,14,3.276008,0.320000,0.400000,3.531944,-1.000000
no_membrane,460,15,2.976003,0.320000,0.400000,3.255610,-1.000000
no_membrane,460,16,2.675999,0.320000,0.400000,2.983851,-1.000000
no_membrane,460,17,2.375994,0.320000,0.400000,2.718041,-1.000000
no_membrane,460,18,3.876009,0.380000,0.400000,4.114347,-1.000000
no_membrane,460,19,3.576009,0.380000,0.400000,3.833046,-1.000000
no_membrane,460,20,3.276008,0.380000,0.400000,3.554803,-1.000000
no_membrane,460,21,2.976003,0.380000,0.400000,3.280395,-1.000000
no_membrane,460,22,2.675999,0.380000,0.400000,3.010875,-1.000000
no_membrane,460,23,2.375994,0.380000,0.400000,2.747681,-1.000000
no_membrane,470,0,4.036009,0.200000,0.400000,4.210626,-1.000000
no_membrane,470,1,3.736009,0.200000,0.400000,3.923999,-1.000000
no_membrane,470,2,3.436008,0.200000,0.400000,3.639526,-1.000000
no_membrane,470,3,3.136003,0.200000,0.400000,3.357755,-1.000000
no_membrane,470,4,2.835999,0.200000,0.400000,3.079430,-1.000000
no_membrane,470,5,2.535995,0.200000,0.400000,2.805578,-1.000000
no_membrane,470,6,4.036009,0.260000,0.400000,4.228117,-1.000000
no_membrane,470,7,3.736009,0.260000,0.400000,3.942761,-1.000000
no_membrane,470,8,3.436008,0.260000,0.400000,3.659747,-1.000000
no_membrane,470,9,3.136003,0.260000,0.400000,3.379662,-1.000000
no_membrane,470,10,2.835999,0.260000,0.400000,3.103303,-1.000000
no_membrane,470,11,2.535995,0.260000,0.400000,2.831761,-1.000000
no_membrane,470,12,4.036009,0.320000,0.400000,4.246383,-1.000000
no_membrane,470,13,3.736009,0.320000,0.400000,3.962343,-1.000000
no_membrane,470,14,3.436008,0.320000,0.400000,3.680835,-1.000000
no_membrane,470,15,3.136003,0.320000,0.400000,3.402487,-1.000000
no_membrane,470,16,2.835999,0.320000,0.400000,3.128145,-1.000000
no_membrane,470,17,2.535995,0.320000,0.400000,2.858963,-1.000000
no_membrane,470,18,4.036009,0.380000,0.400000,4.265415,-1.000000
no_membrane,470,19,3.736009,0.380000,0.400000,3.982733,-1.000000
no_membrane,470,20,3.436008,0.380000,0.400000,3.702776,-1.000000
no_membrane,470,21,3.136003,0.380000,0.400000,3.426210,-1.000000
no_membrane,470,22,2.835999,0.380000,0.400000,3.153933,-1.000000
no_membrane,470,23,2.535995,0.380000,0.400000,2.887156,-1.000000
no_membrane,480,0,4.196007,0.200000,0.400000,4.364226,-1.000000
no_membrane,480,1,3.896010,0.200000,0.400000,4.076627,-1.000000
no_membrane,480,2,3.596008,0.200000,0.400000,3.790946,-1.000000
no_membrane,480,3,3.296004,0.200000,0.400000,3.507654,-1.000000
no_membrane,480,4,2.996000,0.200000,0.400000,3.227385,-1.000000
no_membrane,480,5,2.695995,0.200000,0.400000,2.950998,-1.000000
no_membrane,480,6,4.196007,0.260000,0.400000,4.381104,-1.000000
no_membrane,480,7,3.896010,0.260000,0.400000,4.094691,-1.000000
no_membrane,480,8,3.596008,0.260000,0.400000,3.810364,-1.000000
no_membrane,480,9,3.296004,0.260000,0.400000,3.528631,-1.000000
no_membrane,480,10,2.996000,0.260000,0.400000,3.250171,-1.000000
no_membrane,480,11,2.695995,0.260000,0.400000,2.975901,-1.000000
no_membrane,480,12,4.196007,0.320000,0.400000,4.398736,-1.000000
no_membrane,480,13,3.896010,0.320000,0.400000,4.113550,-1.000000
no_membrane,480,14,3.596008,0.320000,0.400000,3.830623,-1.000000
no_membrane,480,15,3.296004,0.320000,0.400000,3.550498,-1.000000
no_membrane,480,16,2.996000,0.320000,0.400000,3.273899,-1.000000
no_membrane,480,17,2.695995,0.320000,0.400000,3.001797,-1.000000
no_membrane,480,18,4.196007,0.380000,0.400000,4.417111,-1.000000
no_membrane,480,19,3.896010,0.380000,0.400000,4.133194,-1.000000
no_membrane,480,20,3.596008,0.380000,0.400000,3.851711,-1.000000
no_membrane,480,21,3.296004,0.380000,0.400000,3.573239,-1.000000
no_membrane,480,22,2.996000,0.380000,0.400000,3.298547,-1.000000
no_membrane,480,23,2.695995,0.380000,0.400000,3.028661,-1.000000
no_membrane,490,0,4.356005,0.200000,0.400000,4.518271,-1.000000
no_membrane,490,1,4.056009,0.200000,0.400000,4.229800,-1.000000
no_membrane,490,2,3.756009,0.200000,0.400000,3.943045,-1.000000
no_membrane,490,3,3.456004,0.200000,0.400000,3.658410,-1.000000
no_membrane,490,4,3.156000,0.200000,0.400000,3.376438,-1.000000
no_membrane,490,5,2.855995,0.200000,0.400000,3.097856,-1.000000
no_membrane,490,6,4.356005,0.260000,0.400000,4.534576,-1.000000
no_membrane,490,7,4.056009,0.260000,0.400000,4.247212,-1.000000
no_membrane,490,8,3.756009,0.260000,0.400000,3.961717,-1.000000
no_membrane,490,9,3.456004,0.260000,0.400000,3.678527,-1.000000
no_membrane,490,10,3.156000,0.260000,0.400000,3.398225,-1.000000
no_membrane,490,11,2.855995,0.260000,0.400000,3.121588,-1.000000
no_membrane,490,12,4.356005,0.320000,0.400000,4.551612,-1.000000
no_membrane,490,13,4.056009,0.320000,0.400000,4.265397,-1.000000
no_membrane,490,14,3.756009,0.320000,0.400000,3.981206,-1.000000
no_membrane,490,15,3.456004,0.320000,0.400000,3.699508,-1.000000
no_membrane,490,16,3.156000,0.320000,0.400000,3.420926,-1.000000
no_membrane,490,17,2.855995,0.320000,0.400000,3.146285,-1.000000
no_membrane,490,18,4.356005,0.380000,0.400000,4.569374,-1.000000
no_membrane,490,19,4.056009,0.380000,0.400000,4.284345,-1.000000
no_membrane,490,20,3.756009,0.380000,0.400000,4.001500,-1.000000
no_membrane,490,21,3.456004,0.380000,0.400000,3.721339,-1.000000
no_membrane,490,22,3.156000,0.380000,0.400000,3.444523,-1.000000
no_membrane,490,23,2.855995,0.380000,0.400000,3.171925,-1.000000
no_membrane,500,0,4.516003,0.200000,0.400000,4.672717,-1.000000
no_membrane,500,1,4.216007,0.200000,0.400000,4.383460,-1.000000
no_membrane,500,2,3.916009,0.200000,0.400000,4.095745,-1.000000
no_membrane,500,3,3.616004,0.200000,0.400000,3.809920,-1.000000
no_membrane,500,4,3.316000,0.200000,0.400000,3.526451,-1.000000
no_membrane,500,5,3.015996,0.200000,0.400000,3.245956,-1.000000
no_membrane,500,6,4.516003,0.260000,0.400000,4.688484,-1.000000
no_membrane,500,7,4.216007,0.260000,0.400000,4.400263,-1.000000
no_membrane,500,8,3.916009,0.260000,0.400000,4.113724,-1.000000
no_membrane,500,9,3.616004,0.260000,0.400000,3.829241,-1.000000
no_membrane,500,10,3.316000,0.260000,0.400000,3.547317,-1.000000
no_membrane,500,11,3.015996,0.260000,0.400000,3.268613,-1.000000
no_membrane,500,12,4.516003,0.320000,0.400000,4.704963,-1.000000
no_membrane,500,13,4.216007,0.320000,0.400000,4.417818,-1.000000
no_membrane,500,14,3.916009,0.320000,0.400000,4.132496,-1.000000
no_membrane,500,15,3.616004,0.320000,0.400000,3.849401,-1.000000
no_membrane,500,16,3.316000,0.320000,0.400000,3.569070,-1.000000
no_membrane,500,17,3.015996,0.320000,0.400000,3.292207,-1.000000
no_membrane,500,18,4.516003,0.380000,0.400000,4.722148,-1.000000
no_membrane,500,19,4.216007,0.380000,0.400000,4.436115,-1.000000
no_membrane,500,20,3.916009,0.380000,0.400000,4.152051,-1.000000
no_membrane,500,21,3.616004,0.380000,0.400000,3.870386,-1.000000
no_membrane,500,22,3.316000,0.380000,0.400000,3.591693,-1.000000
no_membrane,500,23,3.015996,0.380000,0.400000,3.316720,-1.000000
no_membrane,510,0,4.676001,0.200000,0.400000,4.827523,-1.000000
no_membrane,510,1,4.376005,0.200000,0.400000,4.537557,-1.000000
no_membrane,510,2,4.076008,0.200000,0.400000,4.248981,-1.000000
no_membrane,510,3,3.776005,0.200000,0.400000,3.962097,-1.000000
no_membrane,510,4,3.476001,0.200000,0.400000,3.677306,-1.000000
no_membrane,510,5,3.175996,0.200000,0.400000,3.395136,-1.000000
no_membrane,510,6,4.676001,0.260000,0.400000,4.842786,-1.000000
no_membrane,510,7,4.376005,0.260000,0.400000,4.553792,-1.000000
no_membrane,510,8,4.076008,0.260000,0.400000,4.266315,-1.000000
no_membrane,510,9,3.776005,0.260000,0.400000,3.980680,-1.000000
no_membrane,510,10,3.476001,0.260000,0.400000,3.697321,-1.000000
no_membrane,510,11,3.175996,0.260000,0.400000,3.416804,-1.000000
no_membrane,510,12,4.676001,0.320000,0.400000,4.858743,-1.000000
no_membrane,510,13,4.376005,0.320000,0.400000,4.570757,-1.000000
no_membrane,510,14,4.076008,0.320000,0.400000,4.284419,-1.000000
no_membrane,510,15,3.776005,0.320000,0.400000,4.000076,-1.000000
no_membrane,510,16,3.476001,0.320000,0.400000,3.718196,-1.000000
no_membrane,510,17,3.175996,0.320000,0.400000,3.439382,-1.000000
no_membrane,510,18,4.676001,0.380000,0.400000,4.875385,-1.000000
no_membrane,510,19,4.376005,0.380000,0.400000,4.588444,-1.000000
no_membrane,510,20,4.076008,0.380000,0.400000,4.303283,-1.000000
no_membrane,510,21,3.776005,0.380000,0.400000,4.020275,-1.000000
no_membrane,510,22,3.476001,0.380000,0.400000,3.739917,-1.000000
no_membrane,510,23,3.175996,0.380000,0.400000,3.462853,-1.000000
no_membrane,520,0,4.835999,0.200000,0.400000,4.982658,-1.000000
no_membrane,520,1,4.536003,0.200000,0.400000,4.692049,-1.000000
no_membrane,520,2,4.236006,0.200000,0.400000,4.402698,-1.000000
no_membrane,520,3,3.936005,0.200000,0.400000,4.114868,-1.000000
no_membrane,520,4,3.636001,0.200000,0.400000,3.828904,-1.000000
no_membrane,520,5,3.335996,0.200000,0.400000,3.545260,-1.000000
no_membrane,520,6,4.835999,0.260000,0.400000,4.997447,-1.000000
no_membrane,520,7,4.536003,0.260000,0.400000,4.707751,-1.000000
no_membrane,520,8,4.236006,0.260000,0.400000,4.419428,-1.000000
no_membrane,520,9,3.936005,0.260000,0.400000,4.132763,-1.000000
no_membrane,520,10,3.636001,0.260000,0.400000,3.848130,-1.000000
no_membrane,520,11,3.335996,0.260000,0.400000,3.566016,-1.000000
no_membrane,520,12,4.835999,0.320000,0.400000,5.012911,-1.000000
no_membrane,520,13,4.536003,0.320000,0.400000,4.724164,-1.000000
no_membrane,520,14,4.236006,0.320000,0.400000,4.436908,-1.000000
no_membrane,520,15,3.936005,0.320000,0.400000,4.151450,-1.000000
no_membrane,520,16,3.636001,0.320000,0.400000,3.868191,-1.000000
no_membrane,520,17,3.335996,0.320000,0.400000,3.587655,-1.000000
no_membrane,520,18,4.835999,0.380000,0.400000,5.029044,-1.000000
no_membrane,520,19,4.536003,0.380000,0.400000,4.741279,-1.000000
no_membrane,520,20,4.236006,0.380000,0.400000,4.455126,-1.000000
no_membrane,520,21,3.936005,0.380000,0.400000,4.170915,-1.000000
no_membrane,520,22,3.636001,0.380000,0.400000,3.889075,-1.000000
no_membrane,520,23,3.335996,0.380000,0.400000,3.610162,-1.000000
no_membrane,530,0,4.995996,0.200000,0.400000,5.138091,-1.000000
no_membrane,530,1,4.696001,0.200000,0.400000,4.846899,-1.000000
no_membrane,530,2,4.396004,0.200000,0.400000,4.556847,-1.000000
no_membrane,530,3,4.096004,0.200000,0.400000,4.268167,-1.000000
no_membrane,530,4,3.796001,0.200000,0.400000,3.981159,-1.000000
no_membrane,530,5,3.495996,0.200000,0.400000,3.696213,-1.000000
no_membrane,530,6,4.995996,0.260000,0.400000,5.152434,-1.000000
no_membrane,530,7,4.696001,0.260000,0.400000,4.862101,-1.000000
no_membrane,530,8,4.396004,0.260000,0.400000,4.573014,-1.000000
no_membrane,530,9,4.096004,0.260000,0.400000,4.285422,-1.000000
no_membrane,530,10,3.796001,0.260000,0.400000,3.999653,-1.000000
no_membrane,530,11,3.495996,0.260000,0.400000,3.716126,-1.000000
no_membrane,530,12,4.995996,0.320000,0.400000,5.167435,-1.000000
no_membrane,530,13,4.696001,0.320000,0.400000,4.877994,-1.000000
no_membrane,530,14,4.396004,0.320000,0.400000,4.589908,-1.000000
no_membrane,530,15,4.096004,0.320000,0.400000,4.303446,-1.000000
no_membrane,530,16,3.796001,0.320000,0.400000,4.018958,-1.000000
no_membrane,530,17,3.495996,0.320000,0.400000,3.736896,-1.000000
no_membrane,530,18,4.995996,0.380000,0.400000,5.183086,-1.000000
no_membrane,530,19,4.696001,0.380000,0.400000,4.894571,-1.000000
no_membrane,530,20,4.396004,0.380000,0.400000,4.607522,-1.000000
no_membrane,530,21,4.096004,0.380000,0.400000,4.322227,-1.000000
no_membrane,530,22,3.796001,0.380000,0.400000,4.039063,-1.000000
no_membrane,530,23,3.495996,0.380000,0.400000,3.758509,-1.000000
no_membrane,540,0,5.155994,0.200000,0.400000,5.293796,-1.000000
no_membrane,540,1,4.855999,0.200000,0.400000,5.002072,-1.000000
no_membrane,540,2,4.556002,0.200000,0.400000,4.711386,-1.000000
no_membrane,540,3,4.256001,0.200000,0.400000,4.421939,-1.000000
no_membrane,540,4,3.956002,0.200000,0.400000,4.133999,-1.000000
no_membrane,540,5,3.655997,0.200000,0.400000,3.847897,-1.000000
no_membrane,540,6,5.155994,0.260000,0.400000,5.307719,-1.000000
no_membrane,540,7,4.855999,0.260000,0.400000,5.016804,-1.000000
no_membrane,540,8,4.556002,0.260000,0.400000,4.727024,-1.000000
no_membrane,540,9,4.256001,0.260000,0.400000,4.438598,-1.000000
no_membrane,540,10,3.956002,0.260000,0.400000,4.151813,-1.000000
no_membrane,540,11,3.655997,0.260000,0.400000,3.867029,-1.000000
no_membrane,540,12,5.155994,0.320000,0.400000,5.322281,-1.000000
no_membrane,540,13,4.855999,0.320000,0.400000,5.032209,-1.000000
no_membrane,540,14,4.556002,0.320000,0.400000,4.743370,-1.000000
no_membrane,540,15,4.256001,0.320000,0.400000,4.456001,-1.000000
no_membrane,540,16,3.956002,0.320000,0.400000,4.170413,-1.000000
no_membrane,540,17,3.655997,0.320000,0.400000,3.886993,-1.000000
no_membrane,540,18,5.155994,0.380000,0.400000,5.337479,-1.000000
no_membrane,540,19,4.855999,0.380000,0.400000,5.048280,-1.000000
no_membrane,540,20,4.556002,0.380000,0.400000,4.760416,-1.000000
no_membrane,540,21,4.256001,0.380000,0.400000,4.474142,-1.000000
no_membrane,540,22,3.956002,0.380000,0.400000,4.189791,-1.000000
no_membrane,540,23,3.655997,0.380000,0.400000,3.907776,-1.000000
no_membrane,550,0,5.315992,0.200000,0.400000,5.449750,-1.000000
no_membrane,550,1,5.015997,0.200000,0.400000,5.157541,-1.000000
no_membrane,550,2,4.716000,0.200000,0.400000,4.866278,-1.000000
no_membrane,550,3,4.415999,0.200000,0.400000,4.576139,-1.000000
no_membrane,550,4,4.116000,0.200000,0.400000,4.287360,-1.000000
no_membrane,550,5,3.815997,0.200000,0.400000,4.000229,-1.000000
no_membrane,550,6,5.315992,0.260000,0.400000,5.463275,-1.000000
no_membrane,550,7,5.015997,0.260000,0.400000,5.171830,-1.000000
no_membrane,550,8,4.716000,0.260000,0.400000,4.881420,-1.000000
no_membrane,550,9,4.415999,0.260000,0.400000,4.592238,-1.000000
no_membrane,550,10,4.116000,0.260000,0.400000,4.304539,-1.000000
no_membrane,550,11,3.815997,0.260000,0.400000,4.018636,-1.000000
no_membrane,550,12,5.315992,0.320000,0.400000,5.477424,-1.000000
no_membrane,550,13,5.015997,0.320000,0.400000,5.186774,-1.000000
no_membrane,550,14,4.716000,0.320000,0.400000,4.897250,-1.000000
no_membrane,550,15,4.415999,0.320000,0.400000,4.609062,-1.000000
no_membrane,550,16,4.116000,0.320000,0.400000,4.322483,-1.000000
no_membrane,550,17,3.815997,0.320000,0.400000,4.037850,-1.000000
no_membrane,550,18,5.315992,0.380000,0.400000,5.492192,-1.000000
no_membrane,550,19,5.015997,0.380000,0.400000,5.202367,-1.000000
no_membrane,550,20,4.716000,0.380000,0.400000,4.913762,-1.000000
no_membrane,550,21,4.415999,0.380000,0.400000,4.626603,-1.000000
no_membrane,550,22,4.116000,0.380000,0.400000,4.341182,-1.000000
no_membrane,550,23,3.815997,0.380000,0.400000,4.057861,-1.000000
no_membrane,560,0,5.475990,0.200000,0.400000,5.605932,-1.000000
no_membrane,560,1,5.175995,0.200000,0.400000,5.313278,-1.000000
no_membrane,560,2,4.875998,0.200000,0.400000,5.021490,-1.000000
no_membrane,560,3,4.575997,0.200000,0.400000,4.730724,-1.000000
no_membrane,560,4,4.275998,0.200000,0.400000,4.441189,-1.000000
no_membrane,560,5,3.975997,0.200000,0.400000,4.153138,-1.000000
no_membrane,560,6,5.475990,0.260000,0.400000,5.619081,-1.000000
no_membrane,560,7,5.175995,0.260000,0.400000,5.327149,-1.000000
no_membrane,560,8,4.875998,0.260000,0.400000,5.036165,-1.000000
no_membrane,560,9,4.575997,0.260000,0.400000,4.746299,-1.000000
no_membrane,560,10,4.275998,0.260000,0.400000,4.457775,-1.000000
no_membrane,560,11,3.975997,0.260000,0.400000,4.170870,-1.000000
no_membrane,560,12,5.475990,0.320000,0.400000,5.632839,-1.000000
no_membrane,560,13,5.175995,0.320000,0.400000,5.341659,-1.000000
no_membrane,560,14,4.875998,0.320000,0.400000,5.051510,-1.000000
no_membrane,560,15,4.575997,0.320000,0.400000,4.762578,-1.000000
no_membrane,560,16,4.275998,0.320000,0.400000,4.475104,-1.000000
no_membrane,560,17,3.975997,0.320000,0.400000,4.189386,-1.000000
no_membrane,560,18,5.475990,0.380000,0.400000,5.647200,-1.000000
no_membrane,560,19,5.175995,0.380000,0.400000,5.356802,-1.000000
no_membrane,560,20,4.875998,0.380000,0.400000,5.067520,-1.000000
no_membrane,560,21,4.575997,0.380000,0.400000,4.779556,-1.000000
no_membrane,560,22,4.275998,0.380000,0.400000,4.493168,-1.000000
no_membrane,560,23,3.975997,0.380000,0.400000,4.208676,-1.000000
no_membrane,570,0,5.635988,0.200000,0.400000,5.762323,-1.000000
no_membrane,570,1,5.335993,0.200000,0.400000,5.469261,-1.000000
no_membrane,570,2,5.035996,0.200000,0.400000,5.176993,-1.000000
no_membrane,570,3,4.735995,0.200000,0.400000,4.885658,-1.000000
no_membrane,570,4,4.435996,0.200000,0.400000,4.595439,-1.000000
no_membrane,570,5,4.135996,0.200000,0.400000,4.306561,-1.000000
no_membrane,570,6,5.635988,0.260000,0.400000,5.775116,-1.000000
no_membrane,570,7,5.335993,0.260000,0.400000,5.482738,-1.000000
no_membrane,570,8,5.035996,0.260000,0.400000,5.191229,-1.000000
no_membrane,570,9,4.735995,0.260000,0.400000,4.900740,-1.000000
no_membrane,570,10,4.435996,0.260000,0.400000,4.611471,-1.000000
no_membrane,570,11,4.135996,0.260000,0.400000,4.323663,-1.000000
no_membrane,570,12,5.635988,0.320000,0.400000,5.788503,-1.000000
no_membrane,570,13,5.335993,0.320000,0.400000,5.496837,-1.000000
no_membrane,570,14,5.035996,0.320000,0.400000,5.206117,-1.000000
no_membrane,570,15,4.735995,0.320000,0.400000,4.916508,-1.000000
no_membrane,570,16,4.435996,0.320000,0.400000,4.628224,-1.000000
no_membrane,570,17,4.135996,0.320000,0.400000,4.341527,-1.000000
no_membrane,570,18,5.635988,0.380000,0.400000,5.802479,-1.000000
no_membrane,570,19,5.335993,0.380000,0.400000,5.511553,-1.000000
no_membrane,570,20,5.035996,0.380000,0.400000,5.221653,-1.000000
no_membrane,570,21,4.735995,0.380000,0.400000,4.932956,-1.000000
no_membrane,570,22,4.435996,0.380000,0.400000,4.645693,-1.000000
no_membrane,570,23,4.135996,0.380000,0.400000,4.360145,-1.000000
no_membrane,580,0,5.795986,0.200000,0.400000,5.918907,-1.000000
no_membrane,580,1,5.495991,0.200000,0.400000,5.625470,-1.000000
no_membrane,580,2,5.195994,0.200000,0.400000,5.332762,-1.000000
no_membrane,580,3,4.895993,0.200000,0.400000,5.040908,-1.000000
no_membrane,580,4,4.595994,0.200000,0.400000,4.750070,-1.000000
no_membrane,580,5,4.295994,0.200000,0.400000,4.460444,-1.000000
no_membrane,580,6,5.795986,0.260000,0.400000,5.931362,-1.000000
no_membrane,580,7,5.495991,0.260000,0.400000,5.638574,-1.000000
no_membrane,580,8,5.195994,0.260000,0.400000,5.346583,-1.000000
no_membrane,580,9,4.895993,0.260000,0.400000,5.055527,-1.000000
no_membrane,580,10,4.595994,0.260000,0.400000,4.765581,-1.000000
no_membrane,580,11,4.295994,0.260000,0.400000,4.476959,-1.000000
no_membrane,580,12,5.795986,0.320000,0.400000,5.944397,-1.000000
no_membrane,580,13,5.495991,0.320000,0.400000,5.652284,-1.000000
no_membrane,580,14,5.195994,0.320000,0.400000,5.361040,-1.000000
no_membrane,580,15,4.895993,0.320000,0.400000,5.070814,-1.000000
no_membrane,580,16,4.595994,0.320000,0.400000,4.781795,-1.000000
no_membrane,580,17,4.295994,0.320000,0.400000,4.494215,-1.000000
no_membrane,580,18,5.795986,0.380000,0.400000,5.958008,-1.000000
no_membrane,580,19,5.495991,0.380000,0.400000,5.666596,-1.000000
no_membrane,580,20,5.195994,0.380000,0.400000,5.376128,-1.000000
no_membrane,580,21,4.895993,0.380000,0.400000,5.086762,-1.000000
no_membrane,580,22,4.595994,0.380000,0.400000,4.798704,-1.000000
no_membrane,580,23,4.295994,0.380000,0.400000,4.512201,-1.000000
no_membrane,590,0,5.955984,0.200000,0.400000,6.075668,-1.000000
no_membrane,590,1,5.655989,0.200000,0.400000,5.781886,-1.000000
no_membrane,590,2,5.355992,0.200000,0.400000,5.488775,-1.000000
no_membrane,590,3,5.055991,0.200000,0.400000,5.196445,-1.000000
no_membrane,590,4,4.755992,0.200000,0.400000,4.905044,-1.000000
no_membrane,590,5,4.455992,0.200000,0.400000,4.614744,-1.000000
no_membrane,590,6,5.955984,0.260000,0.400000,6.087803,-1.000000
no_membrane,590,7,5.655989,0.260000,0.400000,5.794636,-1.000000
no_membrane,590,8,5.355992,0.260000,0.400000,5.502204,-1.000000
no_membrane,590,9,5.055991,0.260000,0.400000,5.210628,-1.000000
no_membrane,590,10,4.755992,0.260000,0.400000,4.920067,-1.000000
no_membrane,590,11,4.455992,0.260000,0.400000,4.630709,-1.000000
no_membrane,590,12,5.955984,0.320000,0.400000,6.100504,-1.000000
no_membrane,590,13,5.655989,0.320000,0.400000,5.807978,-1.000000
no_membrane,590,14,5.355992,0.320000,0.400000,5.516253,-1.000000
no_membrane,590,15,5.055991,0.320000,0.400000,5.225461,-1.000000
no_membrane,590,16,4.755992,0.320000,0.400000,4.935773,-1.000000
no_membrane,590,17,4.455992,0.320000,0.400000,4.647393,-1.000000
no_membrane,590,18,5.955984,0.380000,0.400000,6.113767,-1.000000
no_membrane,590,19,5.655989,0.380000,0.400000,5.821908,-1.000000
no_membrane,590,20,5.355992,0.380000,0.400000,5.530918,-1.000000
no_membrane,590,21,5.055991,0.380000,0.400000,5.240940,-1.000000
no_membrane,590,22,4.755992,0.380000,0.400000,4.952157,-1.000000
no_membrane,590,23,4.455992,0.380000,0.400000,4.664790,-1.000000
no_membrane,600,0,6.115982,0.200000,0.400000,6.232594,-1.000000
no_membrane,600,1,5.815987,0.200000,0.400000,5.938493,-1.000000
no_membrane,600,2,5.515990,0.200000,0.400000,5.645010,-1.000000
no_membrane,600,3,5.215989,0.200000,0.400000,5.352246,-1.000000
no_membrane,600,4,4.915990,0.200000,0.400000,5.060332,-1.000000
no_membrane,600,5,4.615990,0.200000,0.400000,4.769419,-1.000000
no_membrane,600,6,6.115982,0.260000,0.400000,6.244424,-1.000000
no_membrane,600,7,5.815987,0.260000,0.400000,5.950908,-1.000000
no_membrane,600,8,5.515990,0.260000,0.400000,5.658069,-1.000000
no_membrane,600,9,5.215989,0.260000,0.400000,5.366017,-1.000000
no_membrane,600,10,4.915990,0.260000,0.400000,5.074895,-1.000000
no_membrane,600,11,4.615990,0.260000,0.400000,4.784868,-1.000000
no_membrane,600,12,6.115982,0.320000,0.400000,6.256807,-1.000000
no_membrane,600,13,5.815987,0.320000,0.400000,5.963900,-1.000000
no_membrane,600,14,5.515990,0.320000,0.400000,5.671732,-1.000000
no_membrane,600,15,5.215989,0.320000,0.400000,5.380422,-1.000000
no_membrane,600,16,4.915990,0.320000,0.400000,5.090123,-1.000000
no_membrane,600,17,4.615990,0.320000,0.400000,4.801017,-1.000000
no_membrane,600,18,6.115982,0.380000,0.400000,6.269740,-1.000000
no_membrane,600,19,5.815987,0.380000,0.400000,5.977466,-1.000000
no_membrane,600,20,5.515990,0.380000,0.400000,5.685996,-1.000000
no_membrane,600,21,5.215989,0.380000,0.400000,5.395456,-1.000000
no_membrane,600,22,4.915990,0.380000,0.400000,5.106012,-1.000000
no_membrane,600,23,4.615990,0.380000,0.400000,4.817859,-1.000000
no_membrane,610,0,6.275980,0.200000,0.400000,6.389673,-1.000000
no_membrane,610,1,5.975985,0.200000,0.400000,6.095276,-1.000000
no_membrane,610,2,5.675988,0.200000,0.400000,5.801451,-1.000000
no_membrane,610,3,5.375987,0.200000,0.400000,5.508288,-1.000000
no_membrane,610,4,5.075988,0.200000,0.400000,5.215904,-1.000000
no_membrane,610,5,4.775988,0.200000,0.400000,4.924435,-1.000000
no_membrane,610,6,6.275980,0.260000,0.400000,6.401213,-1.000000
no_membrane,610,7,5.975985,0.260000,0.400000,6.107372,-1.000000
no_membrane,610,8,5.675988,0.260000,0.400000,5.814158,-1.000000
no_membrane,610,9,5.375987,0.260000,0.400000,5.521670,-1.000000
no_membrane,610,10,5.075988,0.260000,0.400000,5.230034,-1.000000
no_membrane,610,11,4.775988,0.260000,0.400000,4.939398,-1.000000
no_membrane,610,12,6.275980,0.320000,0.400000,6.413293,-1.000000
no_membrane,610,13,5.975985,0.320000,0.400000,6.120032,-1.000000
no_membrane,610,14,5.675988,0.320000,0.400000,5.827456,-1.000000
no_membrane,610,15,5.375987,0.320000,0.400000,5.535669,-1.000000
no_membrane,610,16,5.075988,0.320000,0.400000,5.244812,-1.000000
no_membrane,610,17,4.775988,0.320000,0.400000,4.955044,-1.000000
no_membrane,610,18,6.275980,0.380000,0.400000,6.425910,-1.000000
no_membrane,610,19,5.975985,0.380000,0.400000,6.133253,-1.000000
no_membrane,610,20,5.675988,0.380000,0.400000,5.841339,-1.000000
no_membrane,610,21,5.375987,0.380000,0.400000,5.550282,-1.000000
no_membrane,610,22,5.075988,0.380000,0.400000,5.260233,-1.000000
no_membrane,610,23,4.775988,0.380000,0.400000,4.971364,-1.000000
no_membrane,620,0,6.435978,0.200000,0.400000,6.546893,-1.000000
no_membrane,620,1,6.135983,0.200000,0.400000,6.252222,-1.000000
no_membrane,620,2,5.835986,0.200000,0.400000,5.958081,-1.000000
no_membrane,620,3,5.535985,0.200000,0.400000,5.664550,-1.000000
no_membrane,620,4,5.235986,0.200000,0.400000,5.371736,-1.000000
no_membrane,620,5,4.935986,0.200000,0.400000,5.079759,-1.000000
no_membrane,620,6,6.435978,0.260000,0.400000,6.558156,-1.000000
no_membrane,620,7,6.135983,0.260000,0.400000,6.264015,-1.000000
no_membrane,620,8,5.835986,0.260000,0.400000,5.970455,-1.000000
no_membrane,620,9,5.535985,0.260000,0.400000,5.677564,-1.000000
no_membrane,620,10,5.235986,0.260000,0.400000,5.385457,-1.000000
no_membrane,620,11,4.935986,0.260000,0.400000,5.094267,-1.000000
no_membrane,620,12,6.435978,0.320000,0.400000,6.569948,-1.000000
no_membrane,620,13,6.135983,0.320000,0.400000,6.276359,-1.000000
no_membrane,620,14,5.835986,0.320000,0.400000,5.983405,-1.000000
no_membrane,620,15,5.535985,0.320000,0.400000,5.691180,-1.000000
no_membrane,620,16,5.235986,0.320000,0.400000,5.399810,-1.000000
no_membrane,620,17,4.935986,0.320000,0.400000,5.109437,-1.000000
no_membrane,620,18,6.435978,0.380000,0.400000,6.582265,-1.000000
no_membrane,620,19,6.135983,0.380000,0.400000,6.289251,-1.000000
no_membrane,620,20,5.835986,0.380000,0.400000,5.996927,-1.000000
no_membrane,620,21,5.535985,0.380000,0.400000,5.705395,-1.000000
no_membrane,620,22,5.235986,0.380000,0.400000,5.414790,-1.000000
no_membrane,620,23,4.935986,0.380000,0.400000,5.125266,-1.000000
no_membrane,630,0,6.595976,0.200000,0.400000,6.704245,-1.000000
no_membrane,630,1,6.295980,0.200000,0.400000,6.409319,-1.000000
no_membrane,630,2,5.995984,0.200000,0.400000,6.114885,-1.000000
no_membrane,630,3,5.695983,0.200000,0.400000,5.821015,-1.000000
no_membrane,630,4,5.395984,0.200000,0.400000,5.527806,-1.000000
no_membrane,630,5,5.095984,0.200000,0.400000,5.235365,-1.000000
no_membrane,630,6,6.595976,0.260000,0.400000,6.715244,-1.000000
no_membrane,630,7,6.295980,0.260000,0.400000,6.420823,-1.000000
no_membrane,630,8,5.995984,0.260000,0.400000,6.126942,-1.000000
no_membrane,630,9,5.695983,0.260000,0.400000,5.833680,-1.000000
no_membrane,630,10,5.395984,0.260000,0.400000,5.541141,-1.000000
no_membrane,630,11,5.095984,0.260000,0.400000,5.249443,-1.000000
no_membrane,630,12,6.595976,0.320000,0.400000,6.726760,-1.000000
no_membrane,630,13,6.295980,0.320000,0.400000,6.432867,-1.000000
no_membrane,630,14,5.995984,0.320000,0.400000,6.139562,-1.000000
no_membrane,630,15,5.695983,0.320000,0.400000,5.846932,-1.000000
no_membrane,630,16,5.395984,0.320000,0.400000,5.555091,-1.000000
no_membrane,630,17,5.095984,0.320000,0.400000,5.264166,-1.000000
no_membrane,630,18,6.595976,0.380000,0.400000,6.738791,-1.000000
no_membrane,630,19,6.295980,0.380000,0.400000,6.445446,-1.000000
no_membrane,630,20,5.995984,0.380000,0.400000,6.152741,-1.000000
no_membrane,630,21,5.695983,0.380000,0.400000,5.860770,-1.000000
no_membrane,630,22,5.395984,0.380000,0.400000,5.569654,-1.000000
no_membrane,630,23,5.095984,0.380000,0.400000,5.279531,-1.000000
no_membrane,640,0,6.755974,0.200000,0.400000,6.861719,-1.000000
no_membrane,640,1,6.455978,0.200000,0.400000,6.566556,-1.000000
no_membrane,640,2,6.155982,0.200000,0.400000,6.271851,-1.000000
no_membrane,640,3,5.855981,0.200000,0.400000,5.977668,-1.000000
no_membrane,640,4,5.555982,0.200000,0.400000,5.684094,-1.000000
no_membrane,640,5,5.255981,0.200000,0.400000,5.391228,-1.000000
no_membrane,640,6,6.755974,0.260000,0.400000,6.872466,-1.000000
no_membrane,640,7,6.455978,0.260000,0.400000,6.577785,-1.000000
no_membrane,640,8,6.155982,0.260000,0.400000,6.283607,-1.000000
no_membrane,640,9,5.855981,0.260000,0.400000,5.990001,-1.000000
no_membrane,640,10,5.555982,0.260000,0.400000,5.697063,-1.000000
no_membrane,640,11,5.255981,0.260000,0.400000,5.404900,-1.000000
no_membrane,640,12,6.755974,0.320000,0.400000,6.883718,-1.000000
no_membrane,640,13,6.455978,0.320000,0.400000,6.589541,-1.000000
no_membrane,640,14,6.155982,0.320000,0.400000,6.295912,-1.000000
no_membrane,640,15,5.855981,0.320000,0.400000,6.002909,-1.000000
no_membrane,640,16,5.555982,0.320000,0.400000,5.710633,-1.000000
no_membrane,640,17,5.255981,0.320000,0.400000,5.419201,-1.000000
no_membrane,640,18,6.755974,0.380000,0.400000,6.895475,-1.000000
no_membrane,640,19,6.455978,0.380000,0.400000,6.601822,-1.000000
no_membrane,640,20,6.155982,0.380000,0.400000,6.308764,-1.000000
no_membrane,640,21,5.855981,0.380000,0.400000,6.016387,-1.000000
no_membrane,640,22,5.555982,0.380000,0.400000,5.724800,-1.000000
no_membrane,640,23,5.255981,0.380000,0.400000,5.434127,-1.000000
wrong_orientation,0,0,-3.484000,0.200000,0.400000,3.684869,2.323211
wrong_orientation,0,1,-3.784000,0.200000,0.400000,3.969717,2.617400
wrong_orientation,0,2,-4.084000,0.200000,0.400000,4.256649,2.912775
wrong_orientation,0,3,-4.384000,0.200000,0.400000,4.545268,3.209008
wrong_orientation,0,4,-4.684000,0.200000,0.400000,4.835272,3.505882
wrong_orientation,0,5,-4.984000,0.200000,0.400000,5.126428,3.803246
wrong_orientation,0,6,-3.484000,0.260000,0.400000,3.704842,2.336422
wrong_orientation,0,7,-3.784000,0.260000,0.400000,3.988265,2.629133
wrong_orientation,0,8,-4.084000,0.260000,0.400000,4.273951,2.923323
wrong_orientation,0,9,-4.384000,0.260000,0.400000,4.561475,3.218585
wrong_orientation,0,10,-4.684000,0.260000,0.400000,4.850511,3.514650
wrong_orientation,0,11,-4.984000,0.260000,0.400000,5.140803,3.811330
wrong_orientation,0,12,-3.484000,0.320000,0.400000,3.725675,2.351089
wrong_orientation,0,13,-3.784000,0.320000,0.400000,4.007625,2.642176
wrong_orientation,0,14,-4.084000,0.320000,0.400000,4.292022,2.935059
wrong_orientation,0,15,-4.384000,0.320000,0.400000,4.578412,3.229249
wrong_orientation,0,16,-4.684000,0.320000,0.400000,4.866442,3.524417
wrong_orientation,0,17,-4.984000,0.320000,0.400000,5.155837,3.820339
wrong_orientation,0,18,-3.484000,0.380000,0.400000,3.747353,2.367188
wrong_orientation,0,19,-3.784000,0.380000,0.400000,4.027785,2.656511
wrong_orientation,0,20,-4.084000,0.380000,0.400000,4.310853,2.947970
wrong_orientation,0,21,-4.384000,0.380000,0.400000,4.596070,3.240988
wrong_orientation,0,22,-4.684000,0.380000,0.400000,4.883058,3.535177
wrong_orientation,0,23,-4.984000,0.380000,0.400000,5.171524,3.830267
wrong_orientation,10,0,-3.324000,0.200000,0.400000,3.533974,2.166962
wrong_orientation,10,1,-3.624000,0.200000,0.400000,3.817509,2.460325
wrong_orientation,10,2,-3.924001,0.200000,0.400000,4.103387,2.755119
wrong_orientation,10,3,-4.224002,0.200000,0.400000,4.391150,3.050928
wrong_orientation,10,4,-4.524002,0.200000,0.400000,4.680448,3.347482
wrong_orientation,10,5,-4.824002,0.200000,0.400000,4.971016,3.644600
wrong_orientation,10,6,-3.324000,0.260000,0.400000,3.554796,2.181119
wrong_orientation,10,7,-3.624000,0.260000,0.400000,3.836792,2.472803
wrong_orientation,10,8,-3.924001,0.260000,0.400000,4.121333,2.766267
wrong_orientation,10,9,-4.224002,0.260000,0.400000,4.407924,3.060999
wrong_orientation,10,10,-4.524002,0.260000,0.400000,4.696189,3.356663
wrong_orientation,10,11,-4.824002,0.260000,0.400000,4.985840,3.653035
wrong_orientation,10,12,-3.324000,0.320000,0.400000,3.576503,2.196824
wrong_orientation,10,13,-3.624000,0.320000,0.400000,3.856912,2.486666
wrong_orientation,10,14,-3.924001,0.320000,0.400000,4.140070,2.778667
wrong_orientation,10,15,-4.224002,0.320000,0.400000,4.425449,3.072210
wrong_orientation,10,16,-4.524002,0.320000,0.400000,4.712642,3.366889
wrong_orientation,10,17,-4.824002,0.320000,0.400000,5.001339,3.662434
wrong_orientation,10,18,-3.324000,0.380000,0.400000,3.599080,2.214044
wrong_orientation,10,19,-3.624000,0.380000,0.400000,3.877857,2.501892
wrong_orientation,10,20,-3.924001,0.380000,0.400000,4.159589,2.792301
wrong_orientation,10,21,-4.224002,0.380000,0.400000,4.443714,3.084547
wrong_orientation,10,22,-4.524002,0.380000,0.400000,4.729799,3.378150
wrong_orientation,10,23,-4.824002,0.380000,0.400000,5.017509,3.672789
wrong_orientation,20,0,-3.163999,0.200000,0.400000,3.383917,2.011302
wrong_orientation,20,1,-3.463999,0.200000,0.400000,3.665964,2.303651
wrong_orientation,20,2,-3.764001,0.200000,0.400000,3.950658,2.597747
wrong_orientation,20,3,-4.064004,0.200000,0.400000,4.237468,2.893058
wrong_orientation,20,4,-4.364004,0.200000,0.400000,4.525984,3.189241
wrong_orientation,20,5,-4.664004,0.200000,0.400000,4.815905,3.486078
wrong_orientation,20,6,-3.163999,0.260000,0.400000,3.405656,2.026547
wrong_orientation,20,7,-3.463999,0.260000,0.400000,3.686040,2.316973
wrong_orientation,20,8,-3.764001,0.260000,0.400000,3.969295,2.609568
wrong_orientation,20,9,-4.064004,0.260000,0.400000,4.254848,2.903677
wrong_orientation,20,10,-4.364004,0.260000,0.400000,4.542261,3.198877
wrong_orientation,20,11,-4.664004,0.260000,0.400000,4.831204,3.494895
wrong_orientation,20,12,-3.163999,0.320000,0.400000,3.428307,2.043440
wrong_orientation,20,13,-3.463999,0.320000,0.400000,3.706979,2.331763
wrong_orientation,20,14,-3.764001,0.320000,0.400000,3.988747,2.622709
wrong_orientation,20,15,-4.064004,0.320000,0.400000,4.273000,2.915493
wrong_orientation,20,16,-4.364004,0.320000,0.400000,4.559269,3.209606
wrong_orientation,20,17,-4.664004,0.320000,0.400000,4.847199,3.504718
wrong_orientation,20,18,-3.163999,0.380000,0.400000,3.451853,2.061941
wrong_orientation,20,19,-3.463999,0.380000,0.400000,3.728765,2.347994
wrong_orientation,20,20,-3.764001,0.380000,0.400000,4.009003,2.637149
wrong_orientation,20,21,-4.064004,0.380000,0.400000,4.291915,2.928490
wrong_orientation,20,22,-4.364004,0.380000,0.400000,4.577000,3.221417
wrong_orientation,20,23,-4.664004,0.380000,0.400000,4.863881,3.515538
wrong_orientation,30,0,-3.003999,0.200000,0.400000,3.234812,1.856381
wrong_orientation,30,1,-3.303999,0.200000,0.400000,3.515168,2.147469
wrong_orientation,30,2,-3.604000,0.200000,0.400000,3.798528,2.440718
wrong_orientation,30,3,-3.904005,0.200000,0.400000,4.084269,2.735435
wrong_orientation,30,4,-4.204006,0.200000,0.400000,4.371918,3.031186
wrong_orientation,30,5,-4.504006,0.200000,0.400000,4.661124,3.327697
wrong_orientation,30,6,-3.003999,0.260000,0.400000,3.257547,1.872887
wrong_orientation,30,7,-3.303999,0.260000,0.400000,3.536101,2.161753
wrong_orientation,30,8,-3.604000,0.260000,0.400000,3.817908,2.453295
wrong_orientation,30,9,-3.904005,0.260000,0.400000,4.102299,2.746663
wrong_orientation,30,10,-4.204006,0.260000,0.400000,4.388766,3.041322
wrong_orientation,30,11,-4.504006,0.260000,0.400000,4.676930,3.336933
wrong_orientation,30,12,-3.003999,0.320000,0.400000,3.281221,1.891153
wrong_orientation,30,13,-3.303999,0.320000,0.400000,3.557922,2.177598
wrong_orientation,30,14,-3.604000,0.320000,0.400000,3.838127,2.467268
wrong_orientation,30,15,-3.904005,0.320000,0.400000,4.121123,2.759151
wrong_orientation,30,16,-4.204006,0.320000,0.400000,4.406367,3.052605
wrong_orientation,30,17,-4.504006,0.320000,0.400000,4.693450,3.347219
wrong_orientation,30,18,-3.003999,0.380000,0.400000,3.305815,1.911129
wrong_orientation,30,19,-3.303999,0.380000,0.400000,3.580616,2.194969
wrong_orientation,30,20,-3.604000,0.380000,0.400000,3.859173,2.482613
wrong_orientation,30,21,-3.904005,0.380000,0.400000,4.140731,2.772881
wrong_orientation,30,22,-4.204006,0.380000,0.400000,4.424711,3.065021
wrong_orientation,30,23,-4.504006,0.380000,0.400000,4.710677,3.358546
wrong_orientation,40,0,-2.843999,0.200000,0.400000,3.086799,1.702399
wrong_orientation,40,1,-3.143999,0.200000,0.400000,3.365223,1.991892
wrong_orientation,40,2,-3.444000,0.200000,0.400000,3.647072,2.284100
wrong_orientation,40,3,-3.744005,0.200000,0.400000,3.931612,2.578103
wrong_orientation,40,4,-4.044008,0.200000,0.400000,4.218294,2.873345
wrong_orientation,40,5,-4.344008,0.200000,0.400000,4.506707,3.169478
wrong_orientation,40,6,-2.843999,0.260000,0.400000,3.110615,1.720383
wrong_orientation,40,7,-3.143999,0.260000,0.400000,3.387082,2.007284
wrong_orientation,40,8,-3.444000,0.260000,0.400000,3.667252,2.297536
wrong_orientation,40,9,-3.744005,0.260000,0.400000,3.950338,2.590013
wrong_orientation,40,10,-4.044008,0.260000,0.400000,4.235753,2.884036
wrong_orientation,40,11,-4.344008,0.260000,0.400000,4.523053,3.179174
wrong_orientation,40,12,-2.843999,0.320000,0.400000,3.135399,1.740251
wrong_orientation,40,13,-3.143999,0.320000,0.400000,3.409857,2.024338
wrong_orientation,40,14,-3.444000,0.320000,0.400000,3.688297,2.312450
wrong_orientation,40,15,-3.744005,0.320000,0.400000,3.969883,2.603252
wrong_orientation,40,16,-4.044008,0.320000,0.400000,4.253987,2.895932
wrong_orientation,40,17,-4.344008,0.320000,0.400000,4.540133,3.189969
wrong_orientation,40,18,-2.843999,0.380000,0.400000,3.161128,1.761939
wrong_orientation,40,19,-3.143999,0.380000,0.400000,3.433530,2.043013
wrong_orientation,40,20,-3.444000,0.380000,0.400000,3.710194,2.328815
wrong_orientation,40,21,-3.744005,0.380000,0.400000,3.990235,2.617800
wrong_orientation,40,22,-4.044008,0.380000,0.400000,4.272985,2.909016
wrong_orientation,40,23,-4.344008,0.380000,0.400000,4.557939,3.201852
wrong_orientation,50,0,-2.683998,0.200000,0.400000,2.940042,1.549637
wrong_orientation,50,1,-2.983998,0.200000,0.400000,3.216247,1.837076
wrong_orientation,50,2,-3.284000,0.200000,0.400000,3.496377,2.127987
wrong_orientation,50,3,-3.584004,0.200000,0.400000,3.779562,2.421120
wrong_orientation,50,4,-3.884008,0.200000,0.400000,4.065159,2.715754
wrong_orientation,50,5,-4.184011,0.200000,0.400000,4.352694,3.011447
wrong_orientation,50,6,-2.683998,0.260000,0.400000,2.965037,1.569373
wrong_orientation,50,7,-2.983998,0.260000,0.400000,3.239112,1.853754
wrong_orientation,50,8,-3.284000,0.260000,0.400000,3.517421,2.142401
wrong_orientation,50,9,-3.584004,0.260000,0.400000,3.799038,2.433799
wrong_orientation,50,10,-3.884008,0.260000,0.400000,4.083273,2.727064
wrong_orientation,50,11,-4.184011,0.260000,0.400000,4.369616,3.021650
wrong_orientation,50,12,-2.683998,0.320000,0.400000,2.991028,1.591127
wrong_orientation,50,13,-2.983998,0.320000,0.400000,3.262920,1.872207
wrong_orientation,50,14,-3.284000,0.320000,0.400000,3.539358,2.158388
wrong_orientation,50,15,-3.584004,0.320000,0.400000,3.819357,2.447884
wrong_orientation,50,16,-3.884008,0.320000,0.400000,4.102185,2.739641
wrong_orientation,50,17,-4.184011,0.320000,0.400000,4.387293,3.033006
wrong_orientation,50,18,-2.683998,0.380000,0.400000,3.017987,1.614819
wrong_orientation,50,19,-2.983998,0.380000,0.400000,3.287651,1.892383
wrong_orientation,50,20,-3.284000,0.380000,0.400000,3.562170,2.175912
wrong_orientation,50,21,-3.584004,0.380000,0.400000,3.840506,2.463349
wrong_orientation,50,22,-3.884008,0.380000,0.400000,4.121883,2.753468
wrong_orientation,50,23,-4.184011,0.380000,0.400000,4.405717,3.045501
wrong_orientation,60,0,-2.523998,0.200000,0.400000,2.794739,1.398495
wrong_orientation,60,1,-2.823998,0.200000,0.400000,3.068382,1.683230
wrong_orientation,60,2,-3.123999,0.200000,0.400000,3.346546,1.972496
wrong_orientation,60,3,-3.424004,0.200000,0.400000,3.628196,2.264560
wrong_orientation,60,4,-3.724008,0.200000,0.400000,3.912574,2.558463
wrong_orientation,60,5,-4.024013,0.200000,0.400000,4.199128,2.853635
wrong_orientation,60,6,-2.523998,0.260000,0.400000,2.821022,1.420333
wrong_orientation,60,7,-2.823998,0.260000,0.400000,3.092340,1.701416
wrong_orientation,60,8,-3.123999,0.260000,0.400000,3.368527,1.988038
wrong_orientation,60,9,-3.424004,0.260000,0.400000,3.648480,2.278111
wrong_orientation,60,10,-3.724008,0.260000,0.400000,3.931391,2.570464
wrong_orientation,60,11,-4.024013,0.260000,0.400000,4.216667,2.864401
wrong_orientation,60,12,-2.523998,0.320000,0.400000,2.848327,1.444334
wrong_orientation,60,13,-2.823998,0.320000,0.400000,3.117269,1.721503
wrong_orientation,60,14,-3.123999,0.320000,0.400000,3.391426,2.005256
wrong_orientation,60,15,-3.424004,0.320000,0.400000,3.669633,2.293152
wrong_orientation,60,16,-3.724008,0.320000,0.400000,3.951030,2.583804
wrong_orientation,60,17,-4.024013,0.320000,0.400000,4.234982,2.876377
wrong_orientation,60,18,-2.523998,0.380000,0.400000,2.876624,1.470393
wrong_orientation,60,19,-2.823998,0.380000,0.400000,3.143146,1.743424
wrong_orientation,60,20,-3.123999,0.380000,0.400000,3.415226,2.024106
wrong_orientation,60,21,-3.424004,0.380000,0.400000,3.691640,2.309654
wrong_orientation,60,22,-3.724008,0.380000,0.400000,3.971478,2.598460
wrong_orientation,60,23,-4.024013,0.380000,0.400000,4.254066,2.889550
wrong_orientation,70,0,-2.363998,0.200000,0.400000,2.651129,1.249561
wrong_orientation,70,1,-2.663998,0.200000,0.400000,2.921795,1.530645
wrong_orientation,70,2,-2.963999,0.200000,0.400000,3.197701,1.817788
wrong_orientation,70,3,-3.264004,0.200000,0.400000,3.477603,2.108517
wrong_orientation,70,4,-3.564008,0.200000,0.400000,3.760605,2.401529
wrong_orientation,70,5,-3.864012,0.200000,0.400000,4.046059,2.696079
wrong_orientation,70,6,-2.363998,0.260000,0.400000,2.678822,1.273954
wrong_orientation,70,7,-2.663998,0.260000,0.400000,2.946945,1.550623
wrong_orientation,70,8,-2.963999,0.260000,0.400000,3.220697,1.834641
wrong_orientation,70,9,-3.264004,0.260000,0.400000,3.498760,2.123064
wrong_orientation,70,10,-3.564008,0.260000,0.400000,3.780179,2.414311
wrong_orientation,70,11,-3.864012,0.260000,0.400000,4.064258,2.707471
wrong_orientation,70,12,-2.363998,0.320000,0.400000,2.707561,1.300659
wrong_orientation,70,13,-2.663998,0.320000,0.400000,2.973093,1.572637
wrong_orientation,70,14,-2.963999,0.320000,0.400000,3.244640,1.853284
wrong_orientation,70,15,-3.264004,0.320000,0.400000,3.520813,2.139195
wrong_orientation,70,16,-3.564008,0.320000,0.400000,3.800599,2.428508
wrong_orientation,70,17,-3.864012,0.320000,0.400000,4.083258,2.720139
wrong_orientation,70,18,-2.363998,0.380000,0.400000,2.737314,1.329537
wrong_orientation,70,19,-2.663998,0.380000,0.400000,3.000214,1.596603
wrong_orientation,70,20,-2.963999,0.380000,0.400000,3.269509,1.873665
wrong_orientation,70,21,-3.264004,0.380000,0.400000,3.543744,2.156875
wrong_orientation,70,22,-3.564008,0.380000,0.400000,3.821852,2.444096
wrong_orientation,70,23,-3.864012,0.380000,0.400000,4.103047,2.734065
wrong_orientation,80,0,-2.203997,0.200000,0.400000,2.509503,1.103729
wrong_orientation,80,1,-2.503997,0.200000,0.400000,2.776689,1.379742
wrong_orientation,80,2,-2.803999,0.200000,0.400000,3.049985,1.664081
wrong_orientation,80,3,-3.104003,0.200000,0.400000,3.327888,1.953115
wrong_orientation,80,4,-3.404007,0.200000,0.400000,3.609330,2.245028
wrong_orientation,80,5,-3.704012,0.200000,0.400000,3.893547,2.538829
wrong_orientation,80,6,-2.203997,0.260000,0.400000,2.538741,1.131270
wrong_orientation,80,7,-2.503997,0.260000,0.400000,2.803142,1.401872
wrong_orientation,80,8,-2.803999,0.260000,0.400000,3.074087,1.682475
wrong_orientation,80,9,-3.104003,0.260000,0.400000,3.349991,1.968810
wrong_orientation,80,10,-3.404007,0.260000,0.400000,3.629720,2.258696
wrong_orientation,80,11,-3.704012,0.260000,0.400000,3.912455,2.550923
wrong_orientation,80,12,-2.203997,0.320000,0.400000,2.569047,1.161261
wrong_orientation,80,13,-2.503997,0.320000,0.400000,2.830619,1.426184
wrong_orientation,80,14,-2.803999,0.320000,0.400000,3.099163,1.702785
wrong_orientation,80,15,-3.104003,0.320000,0.400000,3.373016,1.986194
wrong_orientation,80,16,-3.404007,0.320000,0.400000,3.650982,2.273865
wrong_orientation,80,17,-3.704012,0.320000,0.400000,3.932189,2.564364
wrong_orientation,80,18,-2.203997,0.380000,0.400000,2.600385,1.193517
wrong_orientation,80,19,-2.503997,0.380000,0.400000,2.859091,1.452569
wrong_orientation,80,20,-2.803999,0.380000,0.400000,3.125189,1.724944
wrong_orientation,80,21,-3.104003,0.380000,0.400000,3.396945,2.005224
wrong_orientation,80,22,-3.404007,0.380000,0.400000,3.673100,2.290506
wrong_orientation,80,23,-3.704012,0.380000,0.400000,3.952734,2.579131
wrong_orientation,90,0,-2.043997,0.200000,0.400000,2.370216,0.962409
wrong_orientation,90,1,-2.343997,0.200000,0.400000,2.633310,1.231139
wrong_orientation,90,2,-2.643998,0.200000,0.400000,2.903572,1.511681
wrong_orientation,90,3,-2.944003,0.200000,0.400000,3.179175,1.798518
wrong_orientation,90,4,-3.244007,0.200000,0.400000,3.458841,2.089057
wrong_orientation,90,5,-3.544012,0.200000,0.400000,3.741660,2.381945
wrong_orientation,90,6,-2.043997,0.260000,0.400000,2.401150,0.993874
wrong_orientation,90,7,-2.343997,0.260000,0.400000,2.661188,1.255890
wrong_orientation,90,8,-2.643998,0.260000,0.400000,2.928878,1.531906
wrong_orientation,90,9,-2.944003,0.260000,0.400000,3.202305,1.815551
wrong_orientation,90,10,-3.244007,0.260000,0.400000,3.480112,2.103739
wrong_orientation,90,11,-3.544012,0.260000,0.400000,3.761332,2.394831
wrong_orientation,90,12,-2.043997,0.320000,0.400000,2.433172,1.027882
wrong_orientation,90,13,-2.343997,0.320000,0.400000,2.690116,1.282971
wrong_orientation,90,14,-2.643998,0.320000,0.400000,2.955187,1.554185
wrong_orientation,90,15,-2.944003,0.320000,0.400000,3.226384,1.834388
wrong_orientation,90,16,-3.244007,0.320000,0.400000,3.502282,2.120017
wrong_orientation,90,17,-3.544012,0.320000,0.400000,3.781854,2.409143
wrong_orientation,90,18,-2.043997,0.380000,0.400000,2.466237,1.064188
wrong_orientation,90,19,-2.343997,0.380000,0.400000,2.720059,1.312238
wrong_orientation,90,20,-2.643998,0.380000,0.400000,2.982470,1.578431
wrong_orientation,90,21,-2.944003,0.380000,0.400000,3.251393,1.854976
wrong_orientation,90,22,-3.244007,0.380000,0.400000,3.525334,2.137856
wrong_orientation,90,23,-3.544012,0.380000,0.400000,3.803212,2.424856
wrong_orientation,100,0,-1.883997,0.200000,0.400000,2.233706,0.827916
wrong_orientation,100,1,-2.183997,0.200000,0.400000,2.491955,1.085780
wrong_orientation,100,2,-2.483998,0.200000,0.400000,2.758667,1.361026
wrong_orientation,100,3,-2.784003,0.200000,0.400000,3.031612,1.644956
wrong_orientation,100,4,-3.084007,0.200000,0.400000,3.309244,1.933745
wrong_orientation,100,5,-3.384012,0.200000,0.400000,3.590478,2.225504
wrong_orientation,100,6,-1.883997,0.260000,0.400000,2.266505,0.864292
wrong_orientation,100,7,-2.183997,0.260000,0.400000,2.521397,1.113765
wrong_orientation,100,8,-2.483998,0.260000,0.400000,2.785291,1.383455
wrong_orientation,100,9,-2.784003,0.260000,0.400000,3.055859,1.663561
wrong_orientation,100,10,-3.084007,0.260000,0.400000,3.331471,1.949597
wrong_orientation,100,11,-3.384012,0.260000,0.400000,3.610974,2.239291
wrong_orientation,100,12,-1.883997,0.320000,0.400000,2.300401,0.903192
wrong_orientation,100,13,-2.183997,0.320000,0.400000,2.551909,1.144215
wrong_orientation,100,14,-2.483998,0.320000,0.400000,2.812943,1.408085
wrong_orientation,100,15,-2.784003,0.320000,0.400000,3.081083,1.684100
wrong_orientation,100,16,-3.084007,0.320000,0.400000,3.354623,1.967151
wrong_orientation,100,17,-3.384012,0.320000,0.400000,3.632345,2.254591
wrong_orientation,100,18,-1.883997,0.380000,0.400000,2.335347,0.944305
wrong_orientation,100,19,-2.183997,0.380000,0.400000,2.583455,1.176938
wrong_orientation,100,20,-2.483998,0.380000,0.400000,2.841592,1.434803
wrong_orientation,100,21,-2.784003,0.380000,0.400000,3.107261,1.706501
wrong_orientation,100,22,-3.084007,0.380000,0.400000,3.378683,1.986363
wrong_orientation,100,23,-3.384012,0.380000,0.400000,3.654577,2.271373
wrong_orientation,110,0,-1.723996,0.200000,0.400000,2.100515,0.704173
wrong_orientation,110,1,-2.023996,0.200000,0.400000,2.352990,0.945162
wrong_orientation,110,2,-2.323998,0.200000,0.400000,2.615524,1.212768
wrong_orientation,110,3,-2.624002,0.200000,0.400000,2.885375,1.492747
wrong_orientation,110,4,-2.924006,0.200000,0.400000,3.160667,1.779264
wrong_orientation,110,5,-3.224011,0.200000,0.400000,3.440094,2.069608
wrong_orientation,110,6,-1.723996,0.260000,0.400000,2.135360,0.746291
wrong_orientation,110,7,-2.023996,0.260000,0.400000,2.384148,0.977183
wrong_orientation,110,8,-2.323998,0.260000,0.400000,2.643589,1.237886
wrong_orientation,110,9,-2.624002,0.260000,0.400000,2.910840,1.513224
wrong_orientation,110,10,-2.924006,0.260000,0.400000,3.183931,1.796479
wrong_orientation,110,11,-3.224011,0.260000,0.400000,3.461481,2.084427
wrong_orientation,110,12,-1.723996,0.320000,0.400000,2.171304,0.788717
wrong_orientation,110,13,-2.023996,0.320000,0.400000,2.416394,1.011752
wrong_orientation,110,14,-2.323998,0.320000,0.400000,2.672708,1.265353
wrong_orientation,110,15,-2.624002,0.320000,0.400000,2.937310,1.535774
wrong_orientation,110,16,-2.924006,0.320000,0.400000,3.208148,1.815514
wrong_orientation,110,17,-3.224011,0.320000,0.400000,3.483769,2.100854
wrong_orientation,110,18,-1.723996,0.380000,0.400000,2.208294,0.831144
wrong_orientation,110,19,-2.023996,0.380000,0.400000,2.449686,1.048617
wrong_orientation,110,20,-2.323998,0.380000,0.400000,2.702844,1.295018
wrong_orientation,110,21,-2.624002,0.380000,0.400000,2.964758,1.560307
wrong_orientation,110,22,-2.924006,0.380000,0.400000,3.233298,1.836314
wrong_orientation,110,23,-3.224011,0.380000,0.400000,3.506943,2.118855
wrong_orientation,120,0,-1.563996,0.200000,0.400000,1.971315,0.590727
wrong_orientation,120,1,-1.863996,0.200000,0.400000,2.216863,0.811755
wrong_orientation,120,2,-2.163997,0.200000,0.400000,2.474446,1.067905
wrong_orientation,120,3,-2.464002,0.200000,0.400000,2.740676,1.342350
wrong_orientation,120,4,-2.764006,0.200000,0.400000,3.013259,1.625851
wrong_orientation,120,5,-3.064011,0.200000,0.400000,3.290617,1.914390
wrong_orientation,120,6,-1.563996,0.260000,0.400000,2.008403,0.633153
wrong_orientation,120,7,-1.863996,0.260000,0.400000,2.249907,0.848824
wrong_orientation,120,8,-2.163997,0.260000,0.400000,2.504094,1.096347
wrong_orientation,120,9,-2.464002,0.260000,0.400000,2.767473,1.365086
wrong_orientation,120,10,-2.764006,0.260000,0.400000,3.037652,1.644673
wrong_orientation,120,11,-3.064011,0.260000,0.400000,3.312969,1.930400
wrong_orientation,120,12,-1.563996,0.320000,0.400000,2.046578,0.675580
wrong_orientation,120,13,-1.863996,0.320000,0.400000,2.284049,0.888401
wrong_orientation,120,14,-2.163997,0.320000,0.400000,2.534815,1.127267
wrong_orientation,120,15,-2.464002,0.320000,0.400000,2.795301,1.390042
wrong_orientation,120,16,-2.764006,0.320000,0.400000,3.063026,1.665444
wrong_orientation,120,17,-3.064011,0.320000,0.400000,3.336250,1.948127
wrong_orientation,120,18,-1.563996,0.380000,0.400000,2.085781,0.718006
wrong_orientation,120,19,-1.863996,0.380000,0.400000,2.319242,0.930138
wrong_orientation,120,20,-2.163997,0.380000,0.400000,2.566571,1.160468
wrong_orientation,120,21,-2.464002,0.380000,0.400000,2.824129,1.417099
wrong_orientation,120,22,-2.764006,0.380000,0.400000,3.089358,1.688093
wrong_orientation,120,23,-3.064011,0.380000,0.400000,3.360441,1.967525
wrong_orientation,130,0,-1.403996,0.200000,0.400000,1.846945,0.477590
wrong_orientation,130,1,-1.703996,0.200000,0.400000,2.084131,0.689754
wrong_orientation,130,2,-2.003997,0.200000,0.400000,2.335809,0.928027
wrong_orientation,130,3,-2.304002,0.200000,0.400000,2.597773,1.194453
wrong_orientation,130,4,-2.604006,0.200000,0.400000,2.867202,1.473840
wrong_orientation,130,5,-2.904011,0.200000,0.400000,3.142177,1.760028
wrong_orientation,130,6,-1.403996,0.260000,0.400000,1.886479,0.520016
wrong_orientation,130,7,-1.703996,0.260000,0.400000,2.119246,0.732148
wrong_orientation,130,8,-2.003997,0.260000,0.400000,2.367193,0.960620
wrong_orientation,130,9,-2.304002,0.260000,0.400000,2.626028,1.219948
wrong_orientation,130,10,-2.604006,0.260000,0.400000,2.892827,1.494577
wrong_orientation,130,11,-2.904011,0.260000,0.400000,3.165577,1.777429
wrong_orientation,130,12,-1.403996,0.320000,0.400000,1.927071,0.562443
wrong_orientation,130,13,-1.703996,0.320000,0.400000,2.155458,0.774575
wrong_orientation,130,14,-2.003997,0.320000,0.400000,2.399668,0.995764
wrong_orientation,130,15,-2.304002,0.320000,0.400000,2.655339,1.247809
wrong_orientation,130,16,-2.604006,0.320000,0.400000,2.919460,1.517404
wrong_orientation,130,17,-2.904011,0.320000,0.400000,3.189934,1.796666
wrong_orientation,130,18,-1.403996,0.380000,0.400000,1.968655,0.604869
wrong_orientation,130,19,-1.703996,0.380000,0.400000,2.192715,0.817001
wrong_orientation,130,20,-2.003997,0.380000,0.400000,2.433188,1.033199
wrong_orientation,130,21,-2.304002,0.380000,0.400000,2.685670,1.277882
wrong_orientation,130,22,-2.604006,0.380000,0.400000,2.947074,1.542229
wrong_orientation,130,23,-2.904011,0.380000,0.400000,3.215226,1.817681
wrong_orientation,140,0,-1.243995,0.200000,0.400000,1.728446,0.364453
wrong_orientation,140,1,-1.543995,0.200000,0.400000,1.955485,0.576585
wrong_orientation,140,2,-1.843997,0.200000,0.400000,2.200074,0.795770
wrong_orientation,140,3,-2.144001,0.200000,0.400000,2.456978,1.050110
wrong_orientation,140,4,-2.444005,0.200000,0.400000,2.722713,1.323712
wrong_orientation,140,5,-2.744010,0.200000,0.400000,2.994928,1.606769
wrong_orientation,140,6,-1.243995,0.260000,0.400000,1.770628,0.406879
wrong_orientation,140,7,-1.543995,0.260000,0.400000,1.992868,0.619011
wrong_orientation,140,8,-1.843997,0.260000,0.400000,2.233366,0.833549
wrong_orientation,140,9,-2.144001,0.260000,0.400000,2.486834,1.079021
wrong_orientation,140,10,-2.444005,0.260000,0.400000,2.749684,1.346763
wrong_orientation,140,11,-2.744010,0.260000,0.400000,3.019469,1.625811
wrong_orientation,140,12,-1.243995,0.320000,0.400000,1.813815,0.449305
wrong_orientation,140,13,-1.543995,0.320000,0.400000,2.031335,0.661437
wrong_orientation,140,14,-1.843997,0.320000,0.400000,2.267757,0.873819
wrong_orientation,140,15,-2.144001,0.320000,0.400000,2.517765,1.110424
wrong_orientation,140,16,-2.444005,0.320000,0.400000,2.777690,1.372052
wrong_orientation,140,17,-2.744010,0.320000,0.400000,3.044995,1.646820
wrong_orientation,140,18,-1.243995,0.380000,0.400000,1.857936,0.491732
wrong_orientation,140,19,-1.543995,0.380000,0.400000,2.070826,0.703864
wrong_orientation,140,20,-1.843997,0.380000,0.400000,2.303199,0.915997
wrong_orientation,140,21,-2.144001,0.380000,0.400000,2.549734,1.144114
wrong_orientation,140,22,-2.444005,0.380000,0.400000,2.806700,1.399457
wrong_orientation,140,23,-2.744010,0.380000,0.400000,3.071481,1.669722
wrong_orientation,150,0,-1.083995,0.200000,0.400000,1.617110,0.251315
wrong_orientation,150,1,-1.383995,0.200000,0.400000,1.831787,0.463447
wrong_orientation,150,2,-1.683996,0.200000,0.400000,2.067811,0.675580
wrong_orientation,150,3,-1.984001,0.200000,0.400000,2.318676,0.911012
wrong_orientation,150,4,-2.284005,0.200000,0.400000,2.580054,1.176191
wrong_orientation,150,5,-2.584010,0.200000,0.400000,2.849054,1.454963
wrong_orientation,150,6,-1.083995,0.260000,0.400000,1.662121,0.293742
wrong_orientation,150,7,-1.383995,0.260000,0.400000,1.871642,0.505874
wrong_orientation,150,8,-1.683996,0.260000,0.400000,2.103199,0.718007
wrong_orientation,150,9,-1.984001,0.260000,0.400000,2.350290,0.944192
wrong_orientation,150,10,-2.284005,0.260000,0.400000,2.608501,1.202074
wrong_orientation,150,11,-2.584010,0.260000,0.400000,2.874840,1.475965
wrong_orientation,150,12,-1.083995,0.320000,0.400000,1.708053,0.336168
wrong_orientation,150,13,-1.383995,0.320000,0.400000,1.912549,0.548300
wrong_orientation,150,14,-1.683996,0.320000,0.400000,2.139683,0.760433
wrong_orientation,150,15,-1.984001,0.320000,0.400000,2.382994,0.979925
wrong_orientation,150,16,-2.284005,0.320000,0.400000,2.638007,1.230340
wrong_orientation,150,17,-2.584010,0.320000,0.400000,2.901639,1.499075
wrong_orientation,150,18,-1.083995,0.380000,0.400000,1.754835,0.378594
wrong_orientation,150,19,-1.383995,0.380000,0.400000,1.954442,0.590726
wrong_orientation,150,20,-1.683996,0.380000,0.400000,2.177210,0.802859
wrong_orientation,150,21,-1.984001,0.380000,0.400000,2.416746,1.017944
wrong_orientation,150,22,-2.284005,0.380000,0.400000,2.668535,1.260830
wrong_orientation,150,23,-2.584010,0.380000,0.400000,2.929421,1.524199
wrong_orientation,160,0,-0.967780,0.243786,0.400000,1.575945,0.200100
wrong_orientation,160,1,-1.223995,0.200000,0.400000,1.714107,0.350310
wrong_orientation,160,2,-1.523996,0.200000,0.400000,1.939733,0.562443
wrong_orientation,160,3,-1.824001,0.200000,0.400000,2.183341,0.779972
wrong_orientation,160,4,-2.124005,0.200000,0.400000,2.439548,1.032394
wrong_orientation,160,5,-2.424010,0.200000,0.400000,2.704778,1.305115
wrong_orientation,160,6,-0.937780,0.273785,0.400000,1.581759,0.200100
wrong_orientation,160,7,-1.223995,0.260000,0.400000,1.756634,0.392736
wrong_orientation,160,8,-1.523996,0.260000,0.400000,1.977414,0.604869
wrong_orientation,160,9,-1.824001,0.260000,0.400000,2.216885,0.818481
wrong_orientation,160,10,-2.124005,0.260000,0.400000,2.469615,1.061788
wrong_orientation,160,11,-2.424010,0.260000,0.400000,2.731926,1.328488
wrong_orientation,160,12,-0.923995,0.320000,0.400000,1.611262,0.223031
wrong_orientation,160,13,-1.223995,0.320000,0.400000,1.800156,0.435163
wrong_orientation,160,14,-1.523996,0.320000,0.400000,2.016176,0.647296
wrong_orientation,160,15,-1.824001,0.320000,0.400000,2.251528,0.859457
wrong_orientation,160,16,-2.124005,0.320000,0.400000,2.500759,1.093686
wrong_orientation,160,17,-2.424010,0.320000,0.400000,2.760113,1.354118
wrong_orientation,160,18,-0.923995,0.380000,0.400000,1.660773,0.265457
wrong_orientation,160,19,-1.223995,0.380000,0.400000,1.844604,0.477589
wrong_orientation,160,20,-1.523996,0.380000,0.400000,2.055958,0.689722
wrong_orientation,160,21,-1.824001,0.380000,0.400000,2.287221,0.901857
wrong_orientation,160,22,-2.124005,0.380000,0.400000,2.532942,1.127876
wrong_orientation,160,23,-2.424010,0.380000,0.400000,2.789305,1.381880
wrong_orientation,170,0,-0.887780,0.323785,0.400000,1.593914,0.200100
wrong_orientation,170,1,-1.063994,0.200000,0.400000,1.603772,0.237173
wrong_orientation,170,2,-1.363996,0.200000,0.400000,1.816724,0.449306
wrong_orientation,170,3,-1.664001,0.200000,0.400000,2.051560,0.661441
wrong_orientation,170,4,-1.964005,0.200000,0.400000,2.301589,0.894120
wrong_orientation,170,5,-2.264009,0.200000,0.400000,2.562370,1.157988
wrong_orientation,170,6,-0.857780,0.353785,0.400000,1.602661,0.200100
wrong_orientation,170,7,-1.063994,0.260000,0.400000,1.649146,0.279599
wrong_orientation,170,8,-1.363996,0.260000,0.400000,1.856902,0.491732
wrong_orientation,170,9,-1.664001,0.260000,0.400000,2.087223,0.703867
wrong_orientation,170,10,-1.964005,0.260000,0.400000,2.333434,0.927904
wrong_orientation,170,11,-2.264009,0.260000,0.400000,2.591011,1.184268
wrong_orientation,170,12,-0.827780,0.383785,0.400000,1.612477,0.200100
wrong_orientation,170,13,-1.063994,0.320000,0.400000,1.695430,0.322025
wrong_orientation,170,14,-1.363996,0.320000,0.400000,1.898126,0.534158
wrong_orientation,170,15,-1.664001,0.320000,0.400000,2.123981,0.746294
wrong_orientation,170,16,-1.964005,0.320000,0.400000,2.366371,0.964241
wrong_orientation,170,17,-2.264009,0.320000,0.400000,2.620713,1.212950
wrong_orientation,170,18,-0.797781,0.413785,0.400000,1.623343,0.200100
wrong_orientation,170,19,-1.063994,0.380000,0.400000,1.742551,0.364452
wrong_orientation,170,20,-1.363996,0.380000,0.400000,1.940331,0.576585
wrong_orientation,170,21,-1.664001,0.380000,0.400000,2.161781,0.788720
wrong_orientation,170,22,-1.964005,0.380000,0.400000,2.400357,1.002854
wrong_orientation,170,23,-2.264009,0.380000,0.400000,2.651441,1.243866
wrong_orientation,180,0,-0.807780,0.403785,0.400000,1.619605,0.200100
wrong_orientation,180,1,-0.957780,0.253786,0.400000,1.577758,0.200100
wrong_orientation,180,2,-1.203995,0.200000,0.400000,1.699884,0.336168
wrong_orientation,180,3,-1.504000,0.200000,0.400000,1.924062,0.548304
wrong_orientation,180,4,-1.804004,0.200000,0.400000,2.166664,0.764370
wrong_orientation,180,5,-2.104009,0.200000,0.400000,2.422159,1.014764
wrong_orientation,180,6,-0.777780,0.433785,0.400000,1.631160,0.200100
wrong_orientation,180,7,-0.927780,0.283786,0.400000,1.583945,0.200100
wrong_orientation,180,8,-1.203995,0.260000,0.400000,1.742758,0.378595
wrong_orientation,180,9,-1.504000,0.260000,0.400000,1.962044,0.590730
wrong_orientation,180,10,-1.804004,0.260000,0.400000,2.200462,0.803627
wrong_orientation,180,11,-2.104009,0.260000,0.400000,2.452438,1.044654
wrong_orientation,180,12,-0.747780,0.463785,0.400000,1.643728,0.200100
wrong_orientation,180,13,-0.903995,0.320000,0.400000,1.599877,0.208888
wrong_orientation,180,14,-1.203995,0.320000,0.400000,1.786618,0.421021
wrong_orientation,180,15,-1.504000,0.320000,0.400000,2.001104,0.633156
wrong_orientation,180,16,-1.804004,0.320000,0.400000,2.235359,0.845291
wrong_orientation,180,17,-2.104009,0.320000,0.400000,2.483798,1.077060
wrong_orientation,180,18,-0.717780,0.493785,0.400000,1.657288,0.200100
wrong_orientation,180,19,-0.903995,0.380000,0.400000,1.649729,0.251315
wrong_orientation,180,20,-1.203995,0.380000,0.400000,1.831394,0.463448
wrong_orientation,180,21,-1.504000,0.380000,0.400000,2.041180,0.675583
wrong_orientation,180,22,-1.804004,0.380000,0.400000,2.271306,0.887718
wrong_orientation,180,23,-2.104009,0.380000,0.400000,2.516198,1.111761
wrong_orientation,190,0,-0.727780,0.483785,0.400000,1.652659,0.200099
wrong_orientation,190,1,-0.877780,0.333786,0.400000,1.596710,0.200100
wrong_orientation,190,2,-1.043995,0.200000,0.400000,1.590574,0.223031
wrong_orientation,190,3,-1.344000,0.200000,0.400000,1.801759,0.435166
wrong_orientation,190,4,-1.644004,0.200000,0.400000,2.035374,0.647301
wrong_orientation,190,5,-1.944009,0.200000,0.400000,2.284550,0.877358
wrong_orientation,190,6,-0.697780,0.513785,0.400000,1.666866,0.200099
wrong_orientation,190,7,-0.847780,0.363786,0.400000,1.605815,0.200100
wrong_orientation,190,8,-1.043995,0.260000,0.400000,1.636315,0.265457
wrong_orientation,190,9,-1.344000,0.260000,0.400000,1.842264,0.477593
wrong_orientation,190,10,-1.644004,0.260000,0.400000,2.071316,0.689728
wrong_orientation,190,11,-1.944009,0.260000,0.400000,2.316629,0.911763
wrong_orientation,190,12,-0.667780,0.543785,0.400000,1.682024,0.200100
wrong_orientation,190,13,-0.817780,0.393786,0.400000,1.615983,0.200100
wrong_orientation,190,14,-1.043995,0.320000,0.400000,1.682951,0.307884
wrong_orientation,190,15,-1.344000,0.320000,0.400000,1.883809,0.520019
wrong_orientation,190,16,-1.644004,0.320000,0.400000,2.108352,0.732154
wrong_orientation,190,17,-1.944009,0.320000,0.400000,2.349802,0.948719
wrong_orientation,190,18,-0.637780,0.573785,0.400000,1.698106,0.200100
wrong_orientation,190,19,-0.787780,0.423786,0.400000,1.627195,0.200100
wrong_orientation,190,20,-1.043995,0.380000,0.400000,1.730412,0.350310
wrong_orientation,190,21,-1.344000,0.380000,0.400000,1.926327,0.562446
wrong_orientation,190,22,-1.644004,0.380000,0.400000,2.146427,0.774580
wrong_orientation,190,23,-1.944009,0.380000,0.400000,2.384024,0.987939
wrong_orientation,200,0,-0.647780,0.563785,0.400000,1.692644,0.200099
wrong_orientation,200,1,-0.797780,0.413786,0.400000,1.623343,0.200100
wrong_orientation,200,2,-0.947780,0.263785,0.400000,1.579697,0.200100
wrong_orientation,200,3,-1.184000,0.200000,0.400000,1.685780,0.322029
wrong_orientation,200,4,-1.484004,0.200000,0.400000,1.908472,0.534164
wrong_orientation,200,5,-1.784008,0.200000,0.400000,2.150043,0.748978
wrong_orientation,200,6,-0.617780,0.593785,0.400000,1.709328,0.200099
wrong_orientation,200,7,-0.767780,0.443785,0.400000,1.635238,0.200100
wrong_orientation,200,8,-0.917781,0.293785,0.400000,1.586254,0.200100
wrong_orientation,200,9,-1.184000,0.260000,0.400000,1.729004,0.364455
wrong_orientation,200,10,-1.484004,0.260000,0.400000,1.946758,0.576590
wrong_orientation,200,11,-1.784008,0.260000,0.400000,2.184098,0.789002
wrong_orientation,200,12,-0.587780,0.623785,0.400000,1.726894,0.200100
wrong_orientation,200,13,-0.737780,0.473786,0.400000,1.648139,0.200100
wrong_orientation,200,14,-0.887781,0.323785,0.400000,1.593914,0.200100
wrong_orientation,200,15,-1.184000,0.320000,0.400000,1.773205,0.406882
wrong_orientation,200,16,-1.484004,0.320000,0.400000,1.986118,0.619017
wrong_orientation,200,17,-1.784008,0.320000,0.400000,2.219253,0.831152
wrong_orientation,200,18,-0.557780,0.653786,0.400000,1.745315,0.200100
wrong_orientation,200,19,-0.707780,0.503785,0.400000,1.662024,0.200100
wrong_orientation,200,20,-0.883995,0.380000,0.400000,1.638856,0.237173
wrong_orientation,200,21,-1.184000,0.380000,0.400000,1.818311,0.449308
wrong_orientation,200,22,-1.484004,0.380000,0.400000,2.026491,0.661443
wrong_orientation,200,23,-1.784008,0.380000,0.400000,2.255457,0.873578
wrong_orientation,210,0,-0.567780,0.643785,0.400000,1.739081,0.200099
wrong_orientation,210,1,-0.717780,0.493785,0.400000,1.657288,0.200099
wrong_orientation,210,2,-0.867780,0.343785,0.400000,1.599625,0.200100
wrong_orientation,210,3,-1.023999,0.200000,0.400000,1.577522,0.208892
wrong_orientation,210,4,-1.324003,0.200000,0.400000,1.786892,0.421027
wrong_orientation,210,5,-1.624008,0.200000,0.400000,2.019258,0.633162
wrong_orientation,210,6,-0.537780,0.673785,0.400000,1.758057,0.200100
wrong_orientation,210,7,-0.687780,0.523785,0.400000,1.671814,0.200099
wrong_orientation,210,8,-0.837780,0.373785,0.400000,1.609087,0.200100
wrong_orientation,210,9,-1.023999,0.260000,0.400000,1.623630,0.251318
wrong_orientation,210,10,-1.324003,0.260000,0.400000,1.827727,0.463453
wrong_orientation,210,11,-1.624008,0.260000,0.400000,2.055481,0.675588
wrong_orientation,210,12,-0.507780,0.703786,0.400000,1.777843,0.200100
wrong_orientation,210,13,-0.657780,0.553786,0.400000,1.687283,0.200100
wrong_orientation,210,14,-0.807780,0.403785,0.400000,1.619606,0.200100
wrong_orientation,210,15,-1.023999,0.320000,0.400000,1.670621,0.293745
wrong_orientation,210,16,-1.324003,0.320000,0.400000,1.869595,0.505879
wrong_orientation,210,17,-1.624008,0.320000,0.400000,2.092798,0.718015
wrong_orientation,210,18,-0.477780,0.733786,0.400000,1.798412,0.200100
wrong_orientation,210,19,-0.627780,0.583786,0.400000,1.703668,0.200100
wrong_orientation,210,20,-0.777781,0.433785,0.400000,1.631160,0.200100
wrong_orientation,210,21,-1.023999,0.380000,0.400000,1.718422,0.336171
wrong_orientation,210,22,-1.324003,0.380000,0.400000,1.912429,0.548306
wrong_orientation,210,23,-1.624008,0.380000,0.400000,2.131150,0.760441
wrong_orientation,220,0,-0.487779,0.723786,0.400000,1.791470,0.200099
wrong_orientation,220,1,-0.637779,0.573786,0.400000,1.698106,0.200099
wrong_orientation,220,2,-0.787780,0.423785,0.400000,1.627194,0.200100
wrong_orientation,220,3,-0.937782,0.273783,0.400000,1.581758,0.200100
wrong_orientation,220,4,-1.164003,0.200000,0.400000,1.671796,0.307889
wrong_orientation,220,5,-1.464008,0.200000,0.400000,1.892966,0.520025
wrong_orientation,220,6,-0.457780,0.753786,0.400000,1.812547,0.200100
wrong_orientation,220,7,-0.607779,0.603786,0.400000,1.715087,0.200099
wrong_orientation,220,8,-0.757780,0.453785,0.400000,1.639427,0.200100
wrong_orientation,220,9,-0.907783,0.303783,0.400000,1.588685,0.200100
wrong_orientation,220,10,-1.164003,0.260000,0.400000,1.715372,0.350316
wrong_orientation,220,11,-1.464008,0.260000,0.400000,1.931558,0.562451
wrong_orientation,220,12,-0.427780,0.783786,0.400000,1.834363,0.200100
wrong_orientation,220,13,-0.577780,0.633786,0.400000,1.732941,0.200100
wrong_orientation,220,14,-0.727780,0.483785,0.400000,1.652659,0.200100
wrong_orientation,220,15,-0.877783,0.333783,0.400000,1.596709,0.200100
wrong_orientation,220,16,-1.164003,0.320000,0.400000,1.759915,0.392742
wrong_orientation,220,17,-1.464008,0.320000,0.400000,1.971223,0.604877
wrong_orientation,220,18,-0.397780,0.813786,0.400000,1.856892,0.200100
wrong_orientation,220,19,-0.547780,0.663786,0.400000,1.751641,0.200100
wrong_orientation,220,20,-0.697780,0.513785,0.400000,1.666866,0.200100
wrong_orientation,220,21,-0.863999,0.380000,0.400000,1.628157,0.223034
wrong_orientation,220,22,-1.164003,0.380000,0.400000,1.805354,0.435168
wrong_orientation,220,23,-1.464008,0.380000,0.400000,2.011894,0.647304
wrong_orientation,230,0,-0.407780,0.803786,0.400000,1.849304,0.200100
wrong_orientation,230,1,-0.557779,0.653786,0.400000,1.745315,0.200099
wrong_orientation,230,2,-0.707780,0.503785,0.400000,1.662023,0.200099
wrong_orientation,230,3,-0.857782,0.353783,0.400000,1.602660,0.200100
wrong_orientation,230,4,-1.007784,0.203782,0.400000,1.569942,0.200100
wrong_orientation,230,5,-1.304007,0.200000,0.400000,1.772127,0.406887
wrong_orientation,230,6,-0.377780,0.833786,0.400000,1.872295,0.200100
wrong_orientation,230,7,-0.527779,0.683786,0.400000,1.764564,0.200100
wrong_orientation,230,8,-0.677780,0.533785,0.400000,1.676867,0.200099
wrong_orientation,230,9,-0.827782,0.383783,0.400000,1.612476,0.200100
wrong_orientation,230,10,-1.004003,0.260000,0.400000,1.611093,0.237178
wrong_orientation,230,11,-1.304007,0.260000,0.400000,1.813294,0.449314
wrong_orientation,230,12,-0.347780,0.863786,0.400000,1.895956,0.200100
wrong_orientation,230,13,-0.497780,0.713786,0.400000,1.784614,0.200100
wrong_orientation,230,14,-0.647780,0.563785,0.400000,1.692644,0.200100
wrong_orientation,230,15,-0.797783,0.413783,0.400000,1.623342,0.200100
wrong_orientation,230,16,-1.004003,0.320000,0.400000,1.658439,0.279605
wrong_orientation,230,17,-1.304007,0.320000,0.400000,1.855488,0.491740
wrong_orientation,230,18,-0.317780,0.893786,0.400000,1.920263,0.200100
wrong_orientation,230,19,-0.467780,0.743786,0.400000,1.805438,0.200100
wrong_orientation,230,20,-0.617780,0.593785,0.400000,1.709329,0.200100
wrong_orientation,230,21,-0.767783,0.443783,0.400000,1.635237,0.200100
wrong_orientation,230,22,-1.004003,0.380000,0.400000,1.706582,0.322031
wrong_orientation,230,23,-1.304007,0.380000,0.400000,1.898640,0.534167
wrong_orientation,240,0,-0.327780,0.883786,0.400000,1.912090,0.200100
wrong_orientation,240,1,-0.477779,0.733786,0.400000,1.798412,0.200100
wrong_orientation,240,2,-0.627780,0.583785,0.400000,1.703668,0.200099
wrong_orientation,240,3,-0.777782,0.433783,0.400000,1.631159,0.200100
wrong_orientation,240,4,-0.927784,0.283782,0.400000,1.583944,0.200100
wrong_orientation,240,5,-1.144007,0.200000,0.400000,1.657936,0.293750
wrong_orientation,240,6,-0.297780,0.913786,0.400000,1.936814,0.200100
wrong_orientation,240,7,-0.447779,0.763786,0.400000,1.819738,0.200100
wrong_orientation,240,8,-0.597780,0.613785,0.400000,1.720943,0.200099
wrong_orientation,240,9,-0.747782,0.463783,0.400000,1.643727,0.200100
wrong_orientation,240,10,-0.897784,0.313782,0.400000,1.591238,0.200100
wrong_orientation,240,11,-1.144007,0.260000,0.400000,1.701867,0.336176
wrong_orientation,240,12,-0.267780,0.943786,0.400000,1.962144,0.200100
wrong_orientation,240,13,-0.417780,0.793786,0.400000,1.841795,0.200100
wrong_orientation,240,14,-0.567780,0.643785,0.400000,1.739081,0.200100
wrong_orientation,240,15,-0.717782,0.493783,0.400000,1.657287,0.200100
wrong_orientation,240,16,-0.867784,0.343782,0.400000,1.599625,0.200100
wrong_orientation,240,17,-1.144007,0.320000,0.400000,1.746755,0.378603
wrong_orientation,240,18,-0.237309,0.973772,0.400000,1.987987,0.200526
wrong_orientation,240,19,-0.387780,0.823786,0.400000,1.864556,0.200100
wrong_orientation,240,20,-0.537780,0.673785,0.400000,1.758057,0.200100
wrong_orientation,240,21,-0.687782,0.523783,0.400000,1.671813,0.200100
wrong_orientation,240,22,-0.844003,0.380000,0.400000,1.617634,0.208894
wrong_orientation,240,23,-1.144007,0.380000,0.400000,1.792527,0.421029
wrong_orientation,250,0,-0.247780,0.963786,0.400000,1.979356,0.200123
wrong_orientation,250,1,-0.397779,0.813786,0.400000,1.856892,0.200100
wrong_orientation,250,2,-0.547780,0.663785,0.400000,1.751640,0.200099
wrong_orientation,250,3,-0.697782,0.513783,0.400000,1.666865,0.200099
wrong_orientation,250,4,-0.847784,0.363782,0.400000,1.605814,0.200100
wrong_orientation,250,5,-0.997786,0.213780,0.400000,1.571254,0.200100
wrong_orientation,250,6,-0.211403,0.992168,0.400000,2.003354,0.200491
wrong_orientation,250,7,-0.367780,0.843786,0.400000,1.880109,0.200100
wrong_orientation,250,8,-0.517780,0.693785,0.400000,1.771159,0.200100
wrong_orientation,250,9,-0.667782,0.543783,0.400000,1.682022,0.200099
wrong_orientation,250,10,-0.817784,0.393781,0.400000,1.615982,0.200100
wrong_orientation,250,11,-0.984007,0.260000,0.400000,1.598709,0.223039
wrong_orientation,250,12,-0.161640,1.013503,0.400000,2.019980,0.200558
wrong_orientation,250,13,-0.337780,0.873786,0.400000,1.903988,0.200100
wrong_orientation,250,14,-0.487780,0.723786,0.400000,1.791470,0.200100
wrong_orientation,250,15,-0.637782,0.573783,0.400000,1.698105,0.200100
wrong_orientation,250,16,-0.787784,0.423781,0.400000,1.627193,0.200100
wrong_orientation,250,17,-0.984007,0.320000,0.400000,1.646411,0.265466
wrong_orientation,250,18,-0.103056,1.020282,0.400000,2.022908,0.200229
wrong_orientation,250,19,-0.307780,0.903786,0.400000,1.928505,0.200100
wrong_orientation,250,20,-0.457780,0.753786,0.400000,1.812547,0.200100
wrong_orientation,250,21,-0.607782,0.603783,0.400000,1.715086,0.200100
wrong_orientation,250,22,-0.757784,0.453781,0.400000,1.639426,0.200100
wrong_orientation,250,23,-0.984007,0.380000,0.400000,1.694895,0.307892
wrong_orientation,260,0,-0.123056,1.020061,0.400000,2.023805,0.200468
wrong_orientation,260,1,-0.317779,0.893786,0.400000,1.920263,0.200100
wrong_orientation,260,2,-0.467780,0.743786,0.400000,1.805438,0.200100
wrong_orientation,260,3,-0.617782,0.593783,0.400000,1.709327,0.200099
wrong_orientation,260,4,-0.767784,0.443781,0.400000,1.635236,0.200099
wrong_orientation,260,5,-0.917786,0.293780,0.400000,1.586252,0.200100
wrong_orientation,260,6,-0.063144,1.020438,0.400000,2.021424,0.205374
wrong_orientation,260,7,-0.287780,0.923786,0.400000,1.945192,0.200100
wrong_orientation,260,8,-0.437780,0.773786,0.400000,1.827010,0.200100
wrong_orientation,260,9,-0.587782,0.623783,0.400000,1.726893,0.200099
wrong_orientation,260,10,-0.737784,0.473781,0.400000,1.648137,0.200100
wrong_orientation,260,11,-0.887786,0.323780,0.400000,1.593912,0.200100
wrong_orientation,260,12,-0.003078,1.020410,0.400000,2.020412,0.226315
wrong_orientation,260,13,-0.257780,0.953786,0.400000,1.970719,0.200100
wrong_orientation,260,14,-0.407780,0.803786,0.400000,1.849304,0.200100
wrong_orientation,260,15,-0.557782,0.653783,0.400000,1.745314,0.200100
wrong_orientation,260,16,-0.707784,0.503781,0.400000,1.662022,0.200100
wrong_orientation,260,17,-0.857786,0.353780,0.400000,1.602659,0.200100
wrong_orientation,260,18,0.056944,1.020282,0.400000,2.021084,0.259654
wrong_orientation,260,19,-0.225052,0.983181,0.400000,1.995910,0.200454
wrong_orientation,260,20,-0.377780,0.833786,0.400000,1.872295,0.200100
wrong_orientation,260,21,-0.527782,0.683783,0.400000,1.764562,0.200100
wrong_orientation,260,22,-0.677784,0.533781,0.400000,1.676865,0.200100
wrong_orientation,260,23,-0.827786,0.383780,0.400000,1.612475,0.200100
wrong_orientation,270,0,0.036937,1.020325,0.400000,2.020663,0.247425
wrong_orientation,270,1,-0.237308,0.973773,0.400000,1.987987,0.200525
wrong_orientation,270,2,-0.387780,0.823786,0.400000,1.864555,0.200100
wrong_orientation,270,3,-0.537782,0.673783,0.400000,1.758056,0.200099
wrong_orientation,270,4,-0.687784,0.523781,0.400000,1.671812,0.200099
wrong_orientation,270,5,-0.837786,0.373779,0.400000,1.609085,0.200100
wrong_orientation,270,6,0.096856,1.020438,0.400000,2.022758,0.286842
wrong_orientation,270,7,-0.196149,1.000458,0.400000,2.010051,0.200524
wrong_orientation,270,8,-0.357780,0.853786,0.400000,1.887996,0.200100
wrong_orientation,270,9,-0.507782,0.703783,0.400000,1.777841,0.200099
wrong_orientation,270,10,-0.657784,0.553781,0.400000,1.687281,0.200099
wrong_orientation,270,11,-0.807786,0.403779,0.400000,1.619603,0.200100
wrong_orientation,270,12,0.156922,1.020410,0.400000,2.026495,0.332475
wrong_orientation,270,13,-0.142781,1.017708,0.400000,2.022753,0.200542
wrong_orientation,270,14,-0.327780,0.883786,0.400000,1.912090,0.200100
wrong_orientation,270,15,-0.477782,0.733784,0.400000,1.798411,0.200100
wrong_orientation,270,16,-0.627784,0.583782,0.400000,1.703666,0.200100
wrong_orientation,270,17,-0.777786,0.433779,0.400000,1.631157,0.200100
wrong_orientation,270,18,0.216944,1.020282,0.400000,2.031896,0.382032
wrong_orientation,270,19,-0.083077,1.020410,0.400000,2.022117,0.201887
wrong_orientation,270,20,-0.297780,0.913786,0.400000,1.936814,0.200100
wrong_orientation,270,21,-0.447782,0.763784,0.400000,1.819736,0.200100
wrong_orientation,270,22,-0.597784,0.613782,0.400000,1.720941,0.200100
wrong_orientation,270,23,-0.747786,0.463779,0.400000,1.643726,0.200100
wrong_orientation,280,0,0.196937,1.020325,0.400000,2.029901,0.365165
wrong_orientation,280,1,-0.103054,1.020282,0.400000,2.022908,0.200230
wrong_orientation,280,2,-0.307780,0.903786,0.400000,1.928504,0.200100
wrong_orientation,280,3,-0.457782,0.753784,0.400000,1.812545,0.200100
wrong_orientation,280,4,-0.607783,0.603781,0.400000,1.715085,0.200099
wrong_orientation,280,5,-0.757786,0.453779,0.400000,1.639425,0.200099
wrong_orientation,280,6,0.256856,1.020438,0.400000,2.036699,0.416627
wrong_orientation,280,7,-0.043063,1.020325,0.400000,2.020784,0.210609
wrong_orientation,280,8,-0.277780,0.933786,0.400000,1.953635,0.200100
wrong_orientation,280,9,-0.427782,0.783784,0.400000,1.834361,0.200100
wrong_orientation,280,10,-0.577784,0.633782,0.400000,1.732938,0.200099
wrong_orientation,280,11,-0.727786,0.483779,0.400000,1.652656,0.200099
wrong_orientation,280,12,0.316922,1.020410,0.400000,2.045115,0.470171
wrong_orientation,280,13,0.016856,1.020438,0.400000,2.020508,0.236281
wrong_orientation,280,14,-0.247780,0.963786,0.400000,1.979356,0.200124
wrong_orientation,280,15,-0.397782,0.813784,0.400000,1.856890,0.200100
wrong_orientation,280,16,-0.547784,0.663782,0.400000,1.751638,0.200100
wrong_orientation,280,17,-0.697786,0.513779,0.400000,1.666863,0.200100
wrong_orientation,280,18,0.376944,1.020282,0.400000,2.055146,0.525049
wrong_orientation,280,19,0.076922,1.020410,0.400000,2.021874,0.272909
wrong_orientation,280,20,-0.211403,0.992168,0.400000,2.003354,0.200491
wrong_orientation,280,21,-0.367782,0.843784,0.400000,1.880107,0.200100
wrong_orientation,280,22,-0.517784,0.693782,0.400000,1.771157,0.200100
wrong_orientation,280,23,-0.667786,0.543779,0.400000,1.682021,0.200100
wrong_orientation,290,0,0.356937,1.020325,0.400000,2.051613,0.506627
wrong_orientation,290,1,0.056946,1.020282,0.400000,2.021084,0.259655
wrong_orientation,290,2,-0.225053,0.983181,0.400000,1.995910,0.200454
wrong_orientation,290,3,-0.377782,0.833784,0.400000,1.872293,0.200100
wrong_orientation,290,4,-0.527783,0.683782,0.400000,1.764561,0.200099
wrong_orientation,290,5,-0.677786,0.533779,0.400000,1.676864,0.200099
wrong_orientation,290,6,0.416856,1.020438,0.400000,2.062992,0.562208
wrong_orientation,290,7,0.116937,1.020325,0.400000,2.023706,0.301467
wrong_orientation,290,8,-0.179514,1.007663,0.400000,2.015672,0.200548
wrong_orientation,290,9,-0.347782,0.863784,0.400000,1.895954,0.200100
wrong_orientation,290,10,-0.497783,0.713782,0.400000,1.784611,0.200099
wrong_orientation,290,11,-0.647786,0.563779,0.400000,1.692641,0.200099
wrong_orientation,290,12,0.476922,1.020410,0.400000,2.075936,0.618694
wrong_orientation,290,13,0.176856,1.020438,0.400000,2.028163,0.348610
wrong_orientation,290,14,-0.123057,1.020061,0.400000,2.023805,0.200468
wrong_orientation,290,15,-0.317782,0.893784,0.400000,1.920261,0.200100
wrong_orientation,290,16,-0.467784,0.743782,0.400000,1.805435,0.200100
wrong_orientation,290,17,-0.617786,0.593779,0.400000,1.709325,0.200100
wrong_orientation,290,18,0.536944,1.020282,0.400000,2.090418,0.675726
wrong_orientation,290,19,0.236922,1.020410,0.400000,2.034254,0.399250
wrong_orientation,290,20,-0.063144,1.020438,0.400000,2.021424,0.205374
wrong_orientation,290,21,-0.287782,0.923784,0.400000,1.945190,0.200100
wrong_orientation,290,22,-0.437784,0.773782,0.400000,1.827008,0.200100
wrong_orientation,290,23,-0.587786,0.623780,0.400000,1.726891,0.200100
wrong_orientation,300,0,0.516937,1.020325,0.400000,2.085410,0.656656
wrong_orientation,300,1,0.216946,1.020282,0.400000,2.031896,0.382033
wrong_orientation,300,2,-0.083078,1.020410,0.400000,2.022117,0.201887
wrong_orientation,300,3,-0.297782,0.913784,0.400000,1.936812,0.200100
wrong_orientation,300,4,-0.447783,0.763782,0.400000,1.819735,0.200100
wrong_orientation,300,5,-0.597785,0.613779,0.400000,1.720939,0.200099
wrong_orientation,300,6,0.576856,1.020438,0.400000,2.101174,0.713987
wrong_orientation,300,7,0.276937,1.020325,0.400000,2.039217,0.434291
wrong_orientation,300,8,-0.023055,1.020282,0.400000,2.020413,0.217615
wrong_orientation,300,9,-0.267782,0.943784,0.400000,1.962142,0.200100
wrong_orientation,300,10,-0.417783,0.793782,0.400000,1.841792,0.200100
wrong_orientation,300,11,-0.567786,0.643780,0.400000,1.739078,0.200100
wrong_orientation,300,12,0.636922,1.020410,0.400000,2.118425,0.771818
wrong_orientation,300,13,0.336856,1.020438,0.400000,2.048326,0.488292
wrong_orientation,300,14,0.036936,1.020325,0.400000,2.020662,0.247425
wrong_orientation,300,15,-0.237311,0.973770,0.400000,1.987985,0.200525
wrong_orientation,300,16,-0.387784,0.823782,0.400000,1.864553,0.200100
wrong_orientation,300,17,-0.537786,0.673780,0.400000,1.758053,0.200100
wrong_orientation,300,18,0.696944,1.020282,0.400000,2.137117,0.829899
wrong_orientation,300,19,0.396922,1.020410,0.400000,2.059030,0.543619
wrong_orientation,300,20,0.096856,1.020438,0.400000,2.022758,0.286842
wrong_orientation,300,21,-0.196153,1.000456,0.400000,2.010050,0.200524
wrong_orientation,300,22,-0.357784,0.853782,0.400000,1.887993,0.200100
wrong_orientation,300,23,-0.507786,0.703780,0.400000,1.777839,0.200100
wrong_orientation,310,0,0.676937,1.020325,0.400000,2.130717,0.810508
wrong_orientation,310,1,0.376946,1.020282,0.400000,2.055146,0.525050
wrong_orientation,310,2,0.076922,1.020410,0.400000,2.021874,0.272909
wrong_orientation,310,3,-0.211406,0.992166,0.400000,2.003352,0.200491
wrong_orientation,310,4,-0.367784,0.843782,0.400000,1.880105,0.200100
wrong_orientation,310,5,-0.517785,0.693780,0.400000,1.771155,0.200099
wrong_orientation,310,6,0.736855,1.020438,0.400000,2.150610,0.868722
wrong_orientation,310,7,0.436937,1.020325,0.400000,2.067033,0.580977
wrong_orientation,310,8,0.136945,1.020282,0.400000,2.024918,0.316677
wrong_orientation,310,9,-0.161644,1.013502,0.400000,2.019980,0.200558
wrong_orientation,310,10,-0.337784,0.873782,0.400000,1.903984,0.200100
wrong_orientation,310,11,-0.487786,0.723780,0.400000,1.791466,0.200100
wrong_orientation,310,12,0.796921,1.020410,0.400000,2.171898,0.927267
wrong_orientation,310,13,0.496856,1.020438,0.400000,2.080633,0.637596
wrong_orientation,310,14,0.196936,1.020325,0.400000,2.029901,0.365164
wrong_orientation,310,15,-0.103060,1.020281,0.400000,2.022908,0.200229
wrong_orientation,310,16,-0.307784,0.903782,0.400000,1.928501,0.200100
wrong_orientation,310,17,-0.457786,0.753780,0.400000,1.812543,0.200100
wrong_orientation,310,18,0.856944,1.020282,0.400000,2.194514,0.985931
wrong_orientation,310,19,0.556922,1.020410,0.400000,2.095762,0.694869
wrong_orientation,310,20,0.256856,1.020438,0.400000,2.036699,0.416627
wrong_orientation,310,21,-0.043068,1.020325,0.400000,2.020784,0.210608
wrong_orientation,310,22,-0.277784,0.933782,0.400000,1.953632,0.200100
wrong_orientation,310,23,-0.427786,0.783780,0.400000,1.834359,0.200100
wrong_orientation,320,0,0.836936,1.020325,0.400000,2.186819,0.966358
wrong_orientation,320,1,0.536946,1.020282,0.400000,2.090418,0.675727
wrong_orientation,320,2,0.236922,1.020410,0.400000,2.034254,0.399250
wrong_orientation,320,3,-0.063149,1.020438,0.400000,2.021424,0.205373
wrong_orientation,320,4,-0.287783,0.923782,0.400000,1.945188,0.200100
wrong_orientation,320,5,-0.437785,0.773780,0.400000,1.827006,0.200100
wrong_orientation,320,6,0.896855,1.020438,0.400000,2.210547,1.025074
wrong_orientation,320,7,0.596937,1.020325,0.400000,2.106667,0.733253
wrong_orientation,320,8,0.296945,1.020282,0.400000,2.041988,0.452120
wrong_orientation,320,9,-0.003082,1.020410,0.400000,2.020412,0.226314
wrong_orientation,320,10,-0.257783,0.953782,0.400000,1.970715,0.200100
wrong_orientation,320,11,-0.407786,0.803780,0.400000,1.849300,0.200100
wrong_orientation,320,12,0.956921,1.020410,0.400000,2.235566,1.084040
wrong_orientation,320,13,0.656856,1.020438,0.400000,2.124530,0.791093
wrong_orientation,320,14,0.356936,1.020325,0.400000,2.051613,0.506627
wrong_orientation,320,15,0.056940,1.020281,0.400000,2.021084,0.259651
wrong_orientation,320,16,-0.225057,0.983177,0.400000,1.995907,0.200454
wrong_orientation,320,17,-0.377786,0.833780,0.400000,1.872290,0.200100
wrong_orientation,320,18,1.016943,1.020282,0.400000,2.261794,1.143061
wrong_orientation,320,19,0.716922,1.020410,0.400000,2.143836,0.849332
wrong_orientation,320,20,0.416856,1.020438,0.400000,2.062992,0.562208
wrong_orientation,320,21,0.116932,1.020325,0.400000,2.023706,0.301464
wrong_orientation,320,22,-0.179521,1.007660,0.400000,2.015670,0.200548
wrong_orientation,320,23,-0.347786,0.863780,0.400000,1.895951,0.200100
wrong_orientation,330,0,0.996936,1.020325,0.400000,2.252908,1.123376
wrong_orientation,330,1,0.696945,1.020282,0.400000,2.137117,0.829900
wrong_orientation,330,2,0.396922,1.020410,0.400000,2.059030,0.543619
wrong_orientation,330,3,0.096851,1.020438,0.400000,2.022758,0.286839
wrong_orientation,330,4,-0.196155,1.000455,0.400000,2.010049,0.200524
wrong_orientation,330,5,-0.357786,0.853780,0.400000,1.887991,0.200100
wrong_orientation,330,6,1.056855,1.020438,0.400000,2.280156,1.182403
wrong_orientation,330,7,0.756937,1.020325,0.400000,2.157467,0.888249
wrong_orientation,330,8,0.456945,1.020282,0.400000,2.071313,0.599784
wrong_orientation,330,9,0.156918,1.020410,0.400000,2.026494,0.332472
wrong_orientation,330,10,-0.142789,1.017706,0.400000,2.022753,0.200542
wrong_orientation,330,11,-0.327786,0.883780,0.400000,1.912085,0.200100
wrong_orientation,330,12,1.116921,1.020410,0.400000,2.308586,1.241638
wrong_orientation,330,13,0.816856,1.020438,0.400000,2.179317,0.946746
wrong_orientation,330,14,0.516936,1.020325,0.400000,2.085410,0.656655
wrong_orientation,330,15,0.216940,1.020281,0.400000,2.031896,0.382029
wrong_orientation,330,16,-0.083085,1.020410,0.400000,2.022117,0.201885
wrong_orientation,330,17,-0.297786,0.913780,0.400000,1.936809,0.200100
wrong_orientation,330,18,1.176944,1.020282,0.400000,2.338105,1.300891
wrong_orientation,330,19,0.876922,1.020410,0.400000,2.202510,1.005527
wrong_orientation,330,20,0.576856,1.020438,0.400000,2.101174,0.713987
wrong_orientation,330,21,0.276932,1.020325,0.400000,2.039217,0.434286
wrong_orientation,330,22,-0.023063,1.020281,0.400000,2.020413,0.217611
wrong_orientation,330,23,-0.267786,0.943780,0.400000,1.962139,0.200101
wrong_orientation,340,0,1.156936,1.020325,0.400000,2.328135,1.281132
wrong_orientation,340,1,0.856945,1.020282,0.400000,2.194514,0.985932
wrong_orientation,340,2,0.556922,1.020410,0.400000,2.095762,0.694869
wrong_orientation,340,3,0.256851,1.020438,0.400000,2.036699,0.416623
wrong_orientation,340,4,-0.043071,1.020325,0.400000,2.020784,0.210607
wrong_orientation,340,5,-0.277786,0.933780,0.400000,1.953630,0.200100
wrong_orientation,340,6,1.216855,1.020438,0.400000,2.358581,1.340364
wrong_orientation,340,7,0.916937,1.020325,0.400000,2.218667,1.044754
wrong_orientation,340,8,0.616945,1.020282,0.400000,2.112382,0.752509
wrong_orientation,340,9,0.316918,1.020410,0.400000,2.045114,0.470168
wrong_orientation,340,10,0.016848,1.020438,0.400000,2.020508,0.236276
wrong_orientation,340,11,-0.247786,0.963780,0.400000,1.979351,0.200123
wrong_orientation,340,12,1.276922,1.020410,0.400000,2.390101,1.399781
wrong_orientation,340,13,0.976855,1.020438,0.400000,2.244196,1.103643
wrong_orientation,340,14,0.676936,1.020325,0.400000,2.130717,0.810507
wrong_orientation,340,15,0.376940,1.020281,0.400000,2.055145,0.525046
wrong_orientation,340,16,0.076915,1.020410,0.400000,2.021873,0.272904
wrong_orientation,340,17,-0.211412,0.992163,0.400000,2.003349,0.200491
wrong_orientation,340,18,1.336944,1.020282,0.400000,2.422593,1.459194
wrong_orientation,340,19,1.036922,1.020410,0.400000,2.270961,1.162758
wrong_orientation,340,20,0.736855,1.020438,0.400000,2.150610,0.868722
wrong_orientation,340,21,0.436932,1.020325,0.400000,2.067033,0.580973
wrong_orientation,340,22,0.136937,1.020281,0.400000,2.024917,0.316671
wrong_orientation,340,23,-0.161651,1.013500,0.400000,2.019978,0.200558
wrong_orientation,350,0,1.316937,1.020325,0.400000,2.411646,1.439384
wrong_orientation,350,1,1.016945,1.020282,0.400000,2.261795,1.143062
wrong_orientation,350,2,0.716922,1.020410,0.400000,2.143836,0.849331
wrong_orientation,350,3,0.416851,1.020438,0.400000,2.062991,0.562204
wrong_orientation,350,4,0.116929,1.020325,0.400000,2.023706,0.301461
wrong_orientation,350,5,-0.179524,1.007659,0.400000,2.015669,0.200548
wrong_orientation,350,6,1.376856,1.020438,0.400000,2.444974,1.498759
wrong_orientation,350,7,1.076937,1.020325,0.400000,2.289433,1.202180
wrong_orientation,350,8,0.776944,1.020282,0.400000,2.164528,0.907743
wrong_orientation,350,9,0.476918,1.020410,0.400000,2.075935,0.618690
wrong_orientation,350,10,0.176848,1.020438,0.400000,2.028163,0.348603
wrong_orientation,350,11,-0.123068,1.020060,0.400000,2.023805,0.200468
wrong_orientation,350,12,1.436922,1.020410,0.400000,2.479274,1.558303
wrong_orientation,350,13,1.136855,1.020438,0.400000,2.318320,1.261320
wrong_orientation,350,14,0.836936,1.020325,0.400000,2.186818,0.966358
wrong_orientation,350,15,0.536940,1.020281,0.400000,2.090417,0.675722
wrong_orientation,350,16,0.236914,1.020410,0.400000,2.034252,0.399243
wrong_orientation,350,17,-0.063157,1.020438,0.400000,2.021425,0.205371
wrong_orientation,350,18,1.496944,1.020282,0.400000,2.514434,1.617830
wrong_orientation,350,19,1.196922,1.020410,0.400000,2.348335,1.320654
wrong_orientation,350,20,0.896855,1.020438,0.400000,2.210547,1.025074
wrong_orientation,350,21,0.596932,1.020325,0.400000,2.106666,0.733248
wrong_orientation,350,22,0.296937,1.020281,0.400000,2.041986,0.452113
wrong_orientation,350,23,-0.003090,1.020410,0.400000,2.020412,0.226310
wrong_orientation,360,0,1.476937,1.020325,0.400000,2.502610,1.597984
wrong_orientation,360,1,1.176945,1.020282,0.400000,2.338105,1.300892
wrong_orientation,360,2,0.876922,1.020410,0.400000,2.202509,1.005527
wrong_orientation,360,3,0.576851,1.020438,0.400000,2.101172,0.713983
wrong_orientation,360,4,0.276929,1.020325,0.400000,2.039217,0.434284
wrong_orientation,360,5,-0.023067,1.020281,0.400000,2.020413,0.217610
wrong_orientation,360,6,1.536856,1.020438,0.400000,2.538522,1.657462
wrong_orientation,360,7,1.236937,1.020325,0.400000,2.368908,1.360207
wrong_orientation,360,8,0.936944,1.020282,0.400000,2.226971,1.064389
wrong_orientation,360,9,0.636918,1.020410,0.400000,2.118424,0.771814
wrong_orientation,360,10,0.336848,1.020438,0.400000,2.048325,0.488284
wrong_orientation,360,11,0.036925,1.020326,0.400000,2.020663,0.247419
wrong_orientation,360,12,1.596922,1.020410,0.400000,2.575309,1.717100
wrong_orientation,360,13,1.296856,1.020438,0.400000,2.400834,1.419517
wrong_orientation,360,14,0.996936,1.020325,0.400000,2.252908,1.123375
wrong_orientation,360,15,0.696940,1.020281,0.400000,2.137115,0.829895
wrong_orientation,360,16,0.396915,1.020410,0.400000,2.059028,0.543612
wrong_orientation,360,17,0.096843,1.020438,0.400000,2.022757,0.286833
wrong_orientation,360,18,1.656945,1.020282,0.400000,2.612854,1.776712
wrong_orientation,360,19,1.356922,1.020410,0.400000,2.433782,1.479003
wrong_orientation,360,20,1.056855,1.020438,0.400000,2.280156,1.182403
wrong_orientation,360,21,0.756932,1.020325,0.400000,2.157466,0.888244
wrong_orientation,360,22,0.456937,1.020281,0.400000,2.071311,0.599777
wrong_orientation,360,23,0.156910,1.020410,0.400000,2.026494,0.332466
wrong_orientation,370,0,1.636937,1.020325,0.400000,2.600245,1.756838
wrong_orientation,370,1,1.336945,1.020282,0.400000,2.422594,1.459195
wrong_orientation,370,2,1.036921,1.020410,0.400000,2.270961,1.162757
wrong_orientation,370,3,0.736851,1.020438,0.400000,2.150609,0.868717
wrong_orientation,370,4,0.436929,1.020325,0.400000,2.067032,0.580970
wrong_orientation,370,5,0.136933,1.020281,0.400000,2.024916,0.316668
wrong_orientation,370,6,1.696856,1.020438,0.400000,2.638463,1.816392
wrong_orientation,370,7,1.396937,1.020325,0.400000,2.456246,1.518648
wrong_orientation,370,8,1.096944,1.020282,0.400000,2.298874,1.221906
wrong_orientation,370,9,0.796917,1.020410,0.400000,2.171896,0.927263
wrong_orientation,370,10,0.496848,1.020438,0.400000,2.080631,0.637588
wrong_orientation,370,11,0.196925,1.020326,0.400000,2.029900,0.365155
wrong_orientation,370,12,1.756923,1.020410,0.400000,2.677468,1.876101
wrong_orientation,370,13,1.456856,1.020438,0.400000,2.490903,1.578078
wrong_orientation,370,14,1.156936,1.020325,0.400000,2.328135,1.281132
wrong_orientation,370,15,0.856940,1.020281,0.400000,2.194512,0.985927
wrong_orientation,370,16,0.556914,1.020410,0.400000,2.095760,0.694862
wrong_orientation,370,17,0.256843,1.020438,0.400000,2.036698,0.416616
wrong_orientation,370,18,1.816945,1.020282,0.400000,2.717136,1.935777
wrong_orientation,370,19,1.516923,1.020410,0.400000,2.526482,1.637673
wrong_orientation,370,20,1.216855,1.020438,0.400000,2.358581,1.340364
wrong_orientation,370,21,0.916932,1.020325,0.400000,2.218666,1.044749
wrong_orientation,370,22,0.616937,1.020281,0.400000,2.112380,0.752501
wrong_orientation,370,23,0.316910,1.020410,0.400000,2.045113,0.470160
wrong_orientation,380,0,1.796938,1.020325,0.400000,2.703830,1.915883
wrong_orientation,380,1,1.496946,1.020282,0.400000,2.514435,1.617832
wrong_orientation,380,2,1.196922,1.020410,0.400000,2.348335,1.320654
wrong_orientation,380,3,0.896851,1.020438,0.400000,2.210545,1.025070
wrong_orientation,380,4,0.596929,1.020325,0.400000,2.106665,0.733246
wrong_orientation,380,5,0.296933,1.020281,0.400000,2.041986,0.452110
wrong_orientation,380,6,1.856857,1.020438,0.400000,2.744100,1.975495
wrong_orientation,380,7,1.556938,1.020325,0.400000,2.550640,1.677384
wrong_orientation,380,8,1.256944,1.020282,0.400000,2.379380,1.379994
wrong_orientation,380,9,0.956917,1.020410,0.400000,2.235564,1.084037
wrong_orientation,380,10,0.656848,1.020438,0.400000,2.124528,0.791085
wrong_orientation,380,11,0.356925,1.020326,0.400000,2.051612,0.506616
wrong_orientation,380,12,1.916923,1.020410,0.400000,2.785076,2.035258
wrong_orientation,380,13,1.616856,1.020438,0.400000,2.587739,1.736903
wrong_orientation,380,14,1.316936,1.020325,0.400000,2.411645,1.439383
wrong_orientation,380,15,1.016940,1.020281,0.400000,2.261792,1.143057
wrong_orientation,380,16,0.716914,1.020410,0.400000,2.143833,0.849324
wrong_orientation,380,17,0.416843,1.020438,0.400000,2.062990,0.562197
wrong_orientation,380,18,1.976945,1.020282,0.400000,2.826632,2.094985
wrong_orientation,380,19,1.676923,1.020410,0.400000,2.625667,1.796578
wrong_orientation,380,20,1.376856,1.020438,0.400000,2.444974,1.498759
wrong_orientation,380,21,1.076931,1.020325,0.400000,2.289431,1.202175
wrong_orientation,380,22,0.776936,1.020281,0.400000,2.164525,0.907735
wrong_orientation,380,23,0.476910,1.020410,0.400000,2.075933,0.618683
wrong_orientation,390,0,1.956938,1.020325,0.400000,2.812707,2.075075
wrong_orientation,390,1,1.656946,1.020282,0.400000,2.612854,1.776713
wrong_orientation,390,2,1.356922,1.020410,0.400000,2.433782,1.479003
wrong_orientation,390,3,1.056850,1.020438,0.400000,2.280154,1.182398
wrong_orientation,390,4,0.756929,1.020325,0.400000,2.157465,0.888241
wrong_orientation,390,5,0.456933,1.020281,0.400000,2.071310,0.599773
wrong_orientation,390,6,2.016857,1.020438,0.400000,2.854800,2.134732
wrong_orientation,390,7,1.716938,1.020325,0.400000,2.651337,1.836340
wrong_orientation,390,8,1.416945,1.020282,0.400000,2.467645,1.538477
wrong_orientation,390,9,1.116917,1.020410,0.400000,2.308584,1.241634
wrong_orientation,390,10,0.816847,1.020438,0.400000,2.179314,0.946738
wrong_orientation,390,11,0.516925,1.020326,0.400000,2.085408,0.656645
wrong_orientation,390,12,2.076923,1.020410,0.400000,2.897527,2.194538
wrong_orientation,390,13,1.776857,1.020438,0.400000,2.690611,1.895925
wrong_orientation,390,14,1.476936,1.020325,0.400000,2.502609,1.597983
wrong_orientation,390,15,1.176940,1.020281,0.400000,2.338103,1.300887
wrong_orientation,390,16,0.876914,1.020410,0.400000,2.202506,1.005519
wrong_orientation,390,17,0.576843,1.020438,0.400000,2.101170,0.713975
wrong_orientation,390,18,2.136946,1.020282,0.400000,2.940761,2.254306
wrong_orientation,390,19,1.836923,1.020410,0.400000,2.730631,1.955663
wrong_orientation,390,20,1.536856,1.020438,0.400000,2.538522,1.657462
wrong_orientation,390,21,1.236932,1.020325,0.400000,2.368906,1.360202
wrong_orientation,390,22,0.936936,1.020281,0.400000,2.226968,1.064382
wrong_orientation,390,23,0.636910,1.020410,0.400000,2.118421,0.771806
wrong_orientation,400,0,2.116938,1.020325,0.400000,2.926285,2.234382
wrong_orientation,400,1,1.816946,1.020282,0.400000,2.717137,1.935779
wrong_orientation,400,2,1.516922,1.020410,0.400000,2.526482,1.637672
wrong_orientation,400,3,1.216851,1.020438,0.400000,2.358579,1.340360
wrong_orientation,400,4,0.916928,1.020325,0.400000,2.218664,1.044746
wrong_orientation,400,5,0.616933,1.020281,0.400000,2.112378,0.752498
wrong_orientation,400,6,2.176857,1.020438,0.400000,2.969996,2.294076
wrong_orientation,400,7,1.876938,1.020325,0.400000,2.757646,1.995463
wrong_orientation,400,8,1.576945,1.020282,0.400000,2.562868,1.697245
wrong_orientation,400,9,1.276918,1.020410,0.400000,2.390099,1.399777
wrong_orientation,400,10,0.976847,1.020438,0.400000,2.244192,1.103635
wrong_orientation,400,11,0.676925,1.020326,0.400000,2.130714,0.810496
wrong_orientation,400,12,2.236923,1.020410,0.400000,3.014280,2.353916
wrong_orientation,400,13,1.936857,1.020438,0.400000,2.798854,2.055099
wrong_orientation,400,14,1.636937,1.020325,0.400000,2.600245,1.756837
wrong_orientation,400,15,1.336940,1.020281,0.400000,2.422591,1.459190
wrong_orientation,400,16,1.036914,1.020410,0.400000,2.270957,1.162750
wrong_orientation,400,17,0.736843,1.020438,0.400000,2.150606,0.868710
wrong_orientation,400,18,2.296946,1.020282,0.400000,3.059003,2.413716
wrong_orientation,400,19,1.996924,1.020410,0.400000,2.840732,2.114885
wrong_orientation,400,20,1.696856,1.020438,0.400000,2.638463,1.816392
wrong_orientation,400,21,1.396932,1.020325,0.400000,2.456244,1.518643
wrong_orientation,400,22,1.096936,1.020281,0.400000,2.298871,1.221898
wrong_orientation,400,23,0.796910,1.020410,0.400000,2.171893,0.927255
wrong_orientation,410,0,2.276939,1.020325,0.400000,3.044037,2.393782
wrong_orientation,410,1,1.976947,1.020282,0.400000,2.826633,2.094987
wrong_orientation,410,2,1.676923,1.020410,0.400000,2.625667,1.796578
wrong_orientation,410,3,1.376851,1.020438,0.400000,2.444972,1.498754
wrong_orientation,410,4,1.076928,1.020325,0.400000,2.289430,1.202172
wrong_orientation,410,5,0.776933,1.020281,0.400000,2.164523,0.907732
wrong_orientation,410,6,2.336858,1.020438,0.400000,3.089186,2.453505
wrong_orientation,410,7,2.036938,1.020325,0.400000,2.868942,2.154716
wrong_orientation,410,8,1.736945,1.020282,0.400000,2.664304,1.856225
wrong_orientation,410,9,1.436918,1.020410,0.400000,2.479272,1.558299
wrong_orientation,410,10,1.136847,1.020438,0.400000,2.318316,1.261312
wrong_orientation,410,11,0.836924,1.020326,0.400000,2.186815,0.966346
wrong_orientation,410,12,2.396924,1.020410,0.400000,3.134852,2.513373
wrong_orientation,410,13,2.096857,1.020438,0.400000,2.911869,2.214393
wrong_orientation,410,14,1.796937,1.020325,0.400000,2.703830,1.915882
wrong_orientation,410,15,1.496941,1.020281,0.400000,2.514432,1.617827
wrong_orientation,410,16,1.196914,1.020410,0.400000,2.348331,1.320646
wrong_orientation,410,17,0.896843,1.020438,0.400000,2.210542,1.025062
wrong_orientation,410,18,2.456946,1.020282,0.400000,3.180900,2.573200
wrong_orientation,410,19,2.156924,1.020410,0.400000,2.955398,2.274217
wrong_orientation,410,20,1.856857,1.020438,0.400000,2.744100,1.975495
wrong_orientation,410,21,1.556932,1.020325,0.400000,2.550638,1.677379
wrong_orientation,410,22,1.256937,1.020281,0.400000,2.379375,1.379986
wrong_orientation,410,23,0.956909,1.020410,0.400000,2.235560,1.084029
wrong_orientation,420,0,2.436939,1.020325,0.400000,3.165499,2.553257
wrong_orientation,420,1,2.136947,1.020282,0.400000,2.940762,2.254307
wrong_orientation,420,2,1.836923,1.020410,0.400000,2.730630,1.955662
wrong_orientation,420,3,1.536851,1.020438,0.400000,2.538519,1.657457
wrong_orientation,420,4,1.236929,1.020325,0.400000,2.368904,1.360199
wrong_orientation,420,5,0.936932,1.020281,0.400000,2.226966,1.064378
wrong_orientation,420,6,2.496858,1.020438,0.400000,3.211926,2.613004
wrong_orientation,420,7,2.196939,1.020325,0.400000,2.984669,2.314072
wrong_orientation,420,8,1.896946,1.020282,0.400000,2.771271,2.015366
wrong_orientation,420,9,1.596918,1.020410,0.400000,2.575307,1.717096
wrong_orientation,420,10,1.296848,1.020438,0.400000,2.400830,1.419509
wrong_orientation,420,11,0.996924,1.020326,0.400000,2.252903,1.123364
wrong_orientation,420,12,2.556924,1.020410,0.400000,3.258821,2.672895
wrong_orientation,420,13,2.256858,1.020438,0.400000,3.029121,2.373781
wrong_orientation,420,14,1.956937,1.020325,0.400000,2.812706,2.075074
wrong_orientation,420,15,1.656941,1.020281,0.400000,2.612851,1.776708
wrong_orientation,420,16,1.356914,1.020410,0.400000,2.433777,1.478995
wrong_orientation,420,17,1.056842,1.020438,0.400000,2.280150,1.182390
wrong_orientation,420,18,2.616947,1.020282,0.400000,3.306047,2.732743
wrong_orientation,420,19,2.316924,1.020410,0.400000,3.074117,2.433636
wrong_orientation,420,20,2.016857,1.020438,0.400000,2.854800,2.134732
wrong_orientation,420,21,1.716933,1.020325,0.400000,2.651334,1.836335
wrong_orientation,420,22,1.416937,1.020281,0.400000,2.467640,1.538469
wrong_orientation,420,23,1.116909,1.020410,0.400000,2.308580,1.241626
wrong_orientation,430,0,2.596939,1.020325,0.400000,3.290259,2.712793
wrong_orientation,430,1,2.296947,1.020282,0.400000,3.059004,2.413717
wrong_orientation,430,2,1.996923,1.020410,0.400000,2.840732,2.114885
wrong_orientation,430,3,1.696852,1.020438,0.400000,2.638461,1.816387
wrong_orientation,430,4,1.396929,1.020325,0.400000,2.456242,1.518640
wrong_orientation,430,5,1.096933,1.020281,0.400000,2.298869,1.221894
wrong_orientation,430,6,2.656858,1.020438,0.400000,3.337823,2.772560
wrong_orientation,430,7,2.356939,1.020325,0.400000,3.104331,2.473511
wrong_orientation,430,8,2.056946,1.020282,0.400000,2.883152,2.174634
wrong_orientation,430,9,1.756919,1.020410,0.400000,2.677465,1.876097
wrong_orientation,430,10,1.456848,1.020438,0.400000,2.490898,1.578070
wrong_orientation,430,11,1.156924,1.020326,0.400000,2.328130,1.281120
wrong_orientation,430,12,2.716924,1.020410,0.400000,3.385814,2.832471
wrong_orientation,430,13,2.416858,1.020438,0.400000,3.150138,2.533247
wrong_orientation,430,14,2.116938,1.020325,0.400000,2.926284,2.234381
wrong_orientation,430,15,1.816941,1.020281,0.400000,2.717133,1.935774
wrong_orientation,430,16,1.516915,1.020410,0.400000,2.526477,1.637665
wrong_orientation,430,17,1.216843,1.020438,0.400000,2.358575,1.340352
wrong_orientation,430,18,2.776947,1.020282,0.400000,3.434090,2.892338
wrong_orientation,430,19,2.476924,1.020410,0.400000,3.196437,2.593127
wrong_orientation,430,20,2.176857,1.020438,0.400000,2.969996,2.294076
wrong_orientation,430,21,1.876933,1.020325,0.400000,2.757643,1.995458
wrong_orientation,430,22,1.576937,1.020281,0.400000,2.562863,1.697237
wrong_orientation,430,23,1.276910,1.020410,0.400000,2.390095,1.399769
wrong_orientation,440,0,2.756940,1.020325,0.400000,3.417957,2.872381
wrong_orientation,440,1,2.456948,1.020282,0.400000,3.180901,2.573200
wrong_orientation,440,2,2.156924,1.020410,0.400000,2.955398,2.274217
wrong_orientation,440,3,1.856852,1.020438,0.400000,2.744097,1.975491
wrong_orientation,440,4,1.556929,1.020325,0.400000,2.550636,1.677376
wrong_orientation,440,5,1.256933,1.020281,0.400000,2.379373,1.379982
wrong_orientation,440,6,2.816859,1.020438,0.400000,3.466534,2.932165
wrong_orientation,440,7,2.516939,1.020325,0.400000,3.227491,2.633018
wrong_orientation,440,8,2.216946,1.020282,0.400000,2.999398,2.334001
wrong_orientation,440,9,1.916919,1.020410,0.400000,2.785074,2.035254
wrong_orientation,440,10,1.616848,1.020438,0.400000,2.587734,1.736894
wrong_orientation,440,11,1.316925,1.020326,0.400000,2.411640,1.439372
wrong_orientation,440,12,2.876925,1.020410,0.400000,3.515502,2.992092
wrong_orientation,440,13,2.576858,1.020438,0.400000,3.274503,2.692776
wrong_orientation,440,14,2.276938,1.020325,0.400000,3.044037,2.393781
wrong_orientation,440,15,1.976942,1.020281,0.400000,2.826630,2.094982
wrong_orientation,440,16,1.676915,1.020410,0.400000,2.625662,1.796571
wrong_orientation,440,17,1.376843,1.020438,0.400000,2.444967,1.498746
wrong_orientation,440,18,2.936947,1.020282,0.400000,3.564716,3.051975
wrong_orientation,440,19,2.636925,1.020410,0.400000,3.321962,2.752677
wrong_orientation,440,20,2.336858,1.020438,0.400000,3.089186,2.453505
wrong_orientation,440,21,2.036933,1.020325,0.400000,2.868939,2.154711
wrong_orientation,440,22,1.736938,1.020281,0.400000,2.664299,1.856217
wrong_orientation,440,23,1.436910,1.020410,0.400000,2.479267,1.558291
wrong_orientation,450,0,2.916940,1.020325,0.400000,3.548275,3.032013
wrong_orientation,450,1,2.616948,1.020282,0.400000,3.306048,2.732744
wrong_orientation,450,2,2.316924,1.020410,0.400000,3.074117,2.433636
wrong_orientation,450,3,2.016852,1.020438,0.400000,2.854796,2.134728
wrong_orientation,450,4,1.716930,1.020325,0.400000,2.651332,1.836332
wrong_orientation,450,5,1.416933,1.020281,0.400000,2.467638,1.538466
wrong_orientation,450,6,2.976859,1.020438,0.400000,3.597757,3.091811
wrong_orientation,450,7,2.676940,1.020325,0.400000,3.353762,2.792582
wrong_orientation,450,8,2.376947,1.020282,0.400000,3.119521,2.493450
wrong_orientation,450,9,2.076919,1.020410,0.400000,2.897525,2.194535
wrong_orientation,450,10,1.776849,1.020438,0.400000,2.690606,1.895917
wrong_orientation,450,11,1.476925,1.020326,0.400000,2.502603,1.597972
wrong_orientation,450,12,3.036925,1.020410,0.400000,3.647598,3.151752
wrong_orientation,450,13,2.736859,1.020438,0.400000,3.401847,2.852358
wrong_orientation,450,14,2.436938,1.020325,0.400000,3.165498,2.553256
wrong_orientation,450,15,2.136942,1.020281,0.400000,2.940758,2.254302
wrong_orientation,450,16,1.836915,1.020410,0.400000,2.730625,1.955655
wrong_orientation,450,17,1.536843,1.020438,0.400000,2.538515,1.657449
wrong_orientation,450,18,3.096948,1.020282,0.400000,3.697651,3.211648
wrong_orientation,450,19,2.796925,1.020410,0.400000,3.450340,2.912277
wrong_orientation,450,20,2.496858,1.020438,0.400000,3.211926,2.613004
wrong_orientation,450,21,2.196934,1.020325,0.400000,2.984666,2.314067
wrong_orientation,450,22,1.896938,1.020281,0.400000,2.771265,2.015358
wrong_orientation,450,23,1.596910,1.020410,0.400000,2.575301,1.717088
wrong_orientation,460,0,3.076940,1.020325,0.400000,3.680934,3.191682
wrong_orientation,460,1,2.776948,1.020282,0.400000,3.434091,2.892339
wrong_orientation,460,2,2.476924,1.020410,0.400000,3.196437,2.593127
wrong_orientation,460,3,2.176853,1.020438,0.400000,2.969993,2.294071
wrong_orientation,460,4,1.876930,1.020325,0.400000,2.757640,1.995455
wrong_orientation,460,5,1.576934,1.020281,0.400000,2.562861,1.697234
wrong_orientation,460,6,3.136859,1.020438,0.400000,3.731227,3.251492
wrong_orientation,460,7,2.836940,1.020325,0.400000,3.482806,2.952193
wrong_orientation,460,8,2.536947,1.020282,0.400000,3.243091,2.652965
wrong_orientation,460,9,2.236920,1.020410,0.400000,3.014277,2.353912
wrong_orientation,460,10,1.936849,1.020438,0.400000,2.798848,2.055091
wrong_orientation,460,11,1.636925,1.020326,0.400000,2.600238,1.756826
wrong_orientation,460,12,3.196925,1.020410,0.400000,3.781850,3.311445
wrong_orientation,460,13,2.896859,1.020438,0.400000,3.531849,3.011984
wrong_orientation,460,14,2.596939,1.020325,0.400000,3.290259,2.712793
wrong_orientation,460,15,2.296942,1.020281,0.400000,3.059000,2.413712
wrong_orientation,460,16,1.996916,1.020410,0.400000,2.840727,2.114877
wrong_orientation,460,17,1.696844,1.020438,0.400000,2.638455,1.816380
wrong_orientation,460,18,3.256948,1.020282,0.400000,3.832655,3.371351
wrong_orientation,460,19,2.956925,1.020410,0.400000,3.581266,3.071918
wrong_orientation,460,20,2.656858,1.020438,0.400000,3.337823,2.772560
wrong_orientation,460,21,2.356934,1.020325,0.400000,3.104328,2.473506
wrong_orientation,460,22,2.056938,1.020281,0.400000,2.883146,2.174626
wrong_orientation,460,23,1.756911,1.020410,0.400000,2.677460,1.876089
wrong_orientation,470,0,3.236941,1.020325,0.400000,3.815691,3.351382
wrong_orientation,470,1,2.936949,1.020282,0.400000,3.564717,3.051976
wrong_orientation,470,2,2.636925,1.020410,0.400000,3.321961,2.752677
wrong_orientation,470,3,2.336853,1.020438,0.400000,3.089183,2.453501
wrong_orientation,470,4,2.036930,1.020325,0.400000,2.868937,2.154708
wrong_orientation,470,5,1.736934,1.020281,0.400000,2.664296,1.856213
wrong_orientation,470,6,3.296860,1.020438,0.400000,3.866711,3.411203
wrong_orientation,470,7,2.996940,1.020325,0.400000,3.614327,3.111844
wrong_orientation,470,8,2.696947,1.020282,0.400000,3.369727,2.812535
wrong_orientation,470,9,2.396920,1.020410,0.400000,3.134850,2.513369
wrong_orientation,470,10,2.096849,1.020438,0.400000,2.911863,2.214385
wrong_orientation,470,11,1.796926,1.020326,0.400000,2.703823,1.915871
wrong_orientation,470,12,3.356926,1.020410,0.400000,3.918036,3.471165
wrong_orientation,470,13,3.056859,1.020438,0.400000,3.664227,3.171648
wrong_orientation,470,14,2.756939,1.020325,0.400000,3.417956,2.872381
wrong_orientation,470,15,2.456943,1.020281,0.400000,3.180897,2.573196
wrong_orientation,470,16,2.156916,1.020410,0.400000,2.955392,2.274209
wrong_orientation,470,17,1.856844,1.020438,0.400000,2.744092,1.975483
wrong_orientation,470,18,3.416948,1.020282,0.400000,3.969518,3.531082
wrong_orientation,470,19,3.116926,1.020410,0.400000,3.714469,3.231595
wrong_orientation,470,20,2.816859,1.020438,0.400000,3.466534,2.932165
wrong_orientation,470,21,2.516934,1.020325,0.400000,3.227487,2.633013
wrong_orientation,470,22,2.216938,1.020281,0.400000,2.999392,2.333993
wrong_orientation,470,23,1.916911,1.020410,0.400000,2.785068,2.035246
wrong_orientation,480,0,3.396941,1.020325,0.400000,3.952331,3.511110
wrong_orientation,480,1,3.096949,1.020282,0.400000,3.697652,3.211649
wrong_orientation,480,2,2.796925,1.020410,0.400000,3.450340,2.912277
wrong_orientation,480,3,2.496853,1.020438,0.400000,3.211922,2.612999
wrong_orientation,480,4,2.196931,1.020325,0.400000,2.984664,2.314064
wrong_orientation,480,5,1.896934,1.020281,0.400000,2.771262,2.015355
wrong_orientation,480,6,3.456860,1.020438,0.400000,4.004004,3.570939
wrong_orientation,480,7,3.156941,1.020325,0.400000,3.748064,3.271529
wrong_orientation,480,8,2.856948,1.020282,0.400000,3.499098,2.972152
wrong_orientation,480,9,2.556920,1.020410,0.400000,3.258818,2.672891
wrong_orientation,480,10,2.256850,1.020438,0.400000,3.029115,2.373773
wrong_orientation,480,11,1.956926,1.020326,0.400000,2.812699,2.075063
wrong_orientation,480,12,3.516926,1.020410,0.400000,4.055962,3.630911
wrong_orientation,480,13,3.216860,1.020438,0.400000,3.798731,3.331344
wrong_orientation,480,14,2.916939,1.020325,0.400000,3.548274,3.032012
wrong_orientation,480,15,2.616943,1.020281,0.400000,3.306044,2.732739
wrong_orientation,480,16,2.316916,1.020410,0.400000,3.074111,2.433628
wrong_orientation,480,17,2.016844,1.020438,0.400000,2.854791,2.134720
wrong_orientation,480,18,3.576949,1.020282,0.400000,4.108053,3.690837
wrong_orientation,480,19,3.276926,1.020410,0.400000,3.849715,3.391302
wrong_orientation,480,20,2.976859,1.020438,0.400000,3.597757,3.091811
wrong_orientation,480,21,2.676935,1.020325,0.400000,3.353758,2.792577
wrong_orientation,480,22,2.376939,1.020281,0.400000,3.119515,2.493442
wrong_orientation,480,23,2.076911,1.020410,0.400000,2.897519,2.194526
wrong_orientation,490,0,3.556941,1.020325,0.400000,4.090665,3.670861
wrong_orientation,490,1,3.256949,1.020282,0.400000,3.832656,3.371353
wrong_orientation,490,2,2.956925,1.020410,0.400000,3.581266,3.071918
wrong_orientation,490,3,2.656854,1.020438,0.400000,3.337820,2.772556
wrong_orientation,490,4,2.356931,1.020325,0.400000,3.104326,2.473503
wrong_orientation,490,5,2.056934,1.020281,0.400000,2.883143,2.174622
wrong_orientation,490,6,3.616860,1.020438,0.400000,4.142927,3.730698
wrong_orientation,490,7,3.316941,1.020325,0.400000,3.883788,3.431243
wrong_orientation,490,8,3.016948,1.020282,0.400000,3.630911,3.131807
wrong_orientation,490,9,2.716921,1.020410,0.400000,3.385811,2.832467
wrong_orientation,490,10,2.416850,1.020438,0.400000,3.150132,2.533239
wrong_orientation,490,11,2.116926,1.020326,0.400000,2.926276,2.234370
wrong_orientation,490,12,3.676926,1.020410,0.400000,4.195455,3.790678
wrong_orientation,490,13,3.376860,1.020438,0.400000,3.935143,3.491068
wrong_orientation,490,14,3.076940,1.020325,0.400000,3.680933,3.191681
wrong_orientation,490,15,2.776943,1.020281,0.400000,3.434087,2.892334
wrong_orientation,490,16,2.476917,1.020410,0.400000,3.196431,2.593119
wrong_orientation,490,17,2.176845,1.020438,0.400000,2.969987,2.294063
wrong_orientation,490,18,3.736949,1.020282,0.400000,4.248096,3.850611
wrong_orientation,490,19,3.436926,1.020410,0.400000,3.986793,3.551036
wrong_orientation,490,20,3.136859,1.020438,0.400000,3.731227,3.251492
wrong_orientation,490,21,2.836935,1.020325,0.400000,3.482803,2.952188
wrong_orientation,490,22,2.536939,1.020281,0.400000,3.243084,2.652957
wrong_orientation,490,23,2.236912,1.020410,0.400000,3.014271,2.353904
wrong_orientation,500,0,3.716942,1.020325,0.400000,4.230528,3.830633
wrong_orientation,500,1,3.416950,1.020282,0.400000,3.969519,3.531084
wrong_orientation,500,2,3.116925,1.020410,0.400000,3.714469,3.231595
wrong_orientation,500,3,2.816854,1.020438,0.400000,3.466531,2.932161
wrong_orientation,500,4,2.516931,1.020325,0.400000,3.227485,2.633010
wrong_orientation,500,5,2.216935,1.020281,0.400000,2.999389,2.333990
wrong_orientation,500,6,3.776860,1.020438,0.400000,4.283321,3.890477
wrong_orientation,500,7,3.476941,1.020325,0.400000,4.021297,3.590983
wrong_orientation,500,8,3.176948,1.020282,0.400000,3.764909,3.291496
wrong_orientation,500,9,2.876921,1.020410,0.400000,3.515499,2.992088
wrong_orientation,500,10,2.576850,1.020438,0.400000,3.274496,2.692768
wrong_orientation,500,11,2.276927,1.020326,0.400000,3.044029,2.393770
wrong_orientation,500,12,3.836927,1.020410,0.400000,4.336365,3.950464
wrong_orientation,500,13,3.536860,1.020438,0.400000,4.073273,3.650816
wrong_orientation,500,14,3.236940,1.020325,0.400000,3.815690,3.351382
wrong_orientation,500,15,2.936944,1.020281,0.400000,3.564712,3.051971
wrong_orientation,500,16,2.636917,1.020410,0.400000,3.321955,2.752670
wrong_orientation,500,17,2.336845,1.020438,0.400000,3.089177,2.453492
wrong_orientation,500,18,3.896949,1.020282,0.400000,4.389505,4.010404
wrong_orientation,500,19,3.596927,1.020410,0.400000,4.125523,3.710792
wrong_orientation,500,20,3.296860,1.020438,0.400000,3.866711,3.411203
wrong_orientation,500,21,2.996935,1.020325,0.400000,3.614324,3.111839
wrong_orientation,500,22,2.696939,1.020281,0.400000,3.369721,2.812527
wrong_orientation,500,23,2.396912,1.020410,0.400000,3.134843,2.513361
wrong_orientation,510,0,3.876942,1.020325,0.400000,4.371772,3.990424
wrong_orientation,510,1,3.576950,1.020282,0.400000,4.108054,3.690838
wrong_orientation,510,2,3.276926,1.020410,0.400000,3.849714,3.391302
wrong_orientation,510,3,2.976854,1.020438,0.400000,3.597754,3.091807
wrong_orientation,510,4,2.676932,1.020325,0.400000,3.353756,2.792574
wrong_orientation,510,5,2.376935,1.020281,0.400000,3.119512,2.493438
wrong_orientation,510,6,3.936861,1.020438,0.400000,4.425047,4.050274
wrong_orientation,510,7,3.636942,1.020325,0.400000,4.160416,3.750745
wrong_orientation,510,8,3.336949,1.020282,0.400000,3.900867,3.451214
wrong_orientation,510,9,3.036921,1.020410,0.400000,3.647595,3.151748
wrong_orientation,510,10,2.736851,1.020438,0.400000,3.401840,2.852350
wrong_orientation,510,11,2.436927,1.020326,0.400000,3.165490,2.553244
wrong_orientation,510,12,3.996927,1.020410,0.400000,4.478558,4.110266
wrong_orientation,510,13,3.696861,1.020438,0.400000,4.212950,3.810586
wrong_orientation,510,14,3.396940,1.020325,0.400000,3.952330,3.511109
wrong_orientation,510,15,3.096944,1.020281,0.400000,3.697648,3.211644
wrong_orientation,510,16,2.796917,1.020410,0.400000,3.450333,2.912269
wrong_orientation,510,17,2.496845,1.020438,0.400000,3.211916,2.612991
wrong_orientation,510,18,4.056949,1.020282,0.400000,4.532148,4.170211
wrong_orientation,510,19,3.756927,1.020410,0.400000,4.265742,3.870569
wrong_orientation,510,20,3.456860,1.020438,0.400000,4.004004,3.570939
wrong_orientation,510,21,3.156936,1.020325,0.400000,3.748060,3.271524
wrong_orientation,510,22,2.856940,1.020281,0.400000,3.499092,2.972144
wrong_orientation,510,23,2.556912,1.020410,0.400000,3.258812,2.672883
wrong_orientation,520,0,4.036942,1.020325,0.400000,4.514267,4.150229
wrong_orientation,520,1,3.736950,1.020282,0.400000,4.248098,3.850612
wrong_orientation,520,2,3.436926,1.020410,0.400000,3.986793,3.551035
wrong_orientation,520,3,3.136855,1.020438,0.400000,3.731223,3.251487
wrong_orientation,520,4,2.836932,1.020325,0.400000,3.482800,2.952185
wrong_orientation,520,5,2.536935,1.020281,0.400000,3.243081,2.652953
wrong_orientation,520,6,4.096859,1.020438,0.400000,4.567978,4.210084
wrong_orientation,520,7,3.796942,1.020325,0.400000,4.300986,3.910527
wrong_orientation,520,8,3.496949,1.020282,0.400000,4.038588,3.610957
wrong_orientation,520,9,3.196922,1.020410,0.400000,3.781847,3.311441
wrong_orientation,520,10,2.896851,1.020438,0.400000,3.531843,3.011976
wrong_orientation,520,11,2.596927,1.020326,0.400000,3.290250,2.712781
wrong_orientation,520,12,4.156925,1.020410,0.400000,4.621913,4.270082
wrong_orientation,520,13,3.856861,1.020438,0.400000,4.354026,3.970374
wrong_orientation,520,14,3.556941,1.020325,0.400000,4.090665,3.670861
wrong_orientation,520,15,3.256944,1.020281,0.400000,3.832652,3.371348
wrong_orientation,520,16,2.956918,1.020410,0.400000,3.581259,3.071910
wrong_orientation,520,17,2.656846,1.020438,0.400000,3.337813,2.772548
wrong_orientation,520,18,4.216947,1.020282,0.400000,4.675914,4.330032
wrong_orientation,520,19,3.916927,1.020410,0.400000,4.407310,4.030364
wrong_orientation,520,20,3.616860,1.020438,0.400000,4.142927,3.730698
wrong_orientation,520,21,3.316936,1.020325,0.400000,3.883784,3.431238
wrong_orientation,520,22,3.016940,1.020281,0.400000,3.630904,3.131799
wrong_orientation,520,23,2.716913,1.020410,0.400000,3.385804,2.832459
wrong_orientation,530,0,4.196939,1.020325,0.400000,4.657898,4.310048
wrong_orientation,530,1,3.896950,1.020282,0.400000,4.389506,4.010405
wrong_orientation,530,2,3.596926,1.020410,0.400000,4.125523,3.710792
wrong_orientation,530,3,3.296855,1.020438,0.400000,3.866707,3.411198
wrong_orientation,530,4,2.996932,1.020325,0.400000,3.614321,3.111835
wrong_orientation,530,5,2.696936,1.020281,0.400000,3.369718,2.812523
wrong_orientation,530,6,4.256857,1.020438,0.400000,4.712006,4.369907
wrong_orientation,530,7,3.956942,1.020325,0.400000,4.442871,4.070325
wrong_orientation,530,8,3.656949,1.020282,0.400000,4.177896,3.770722
wrong_orientation,530,9,3.356922,1.020410,0.400000,3.918033,3.471162
wrong_orientation,530,10,3.056851,1.020438,0.400000,3.664220,3.171640
wrong_orientation,530,11,2.756927,1.020326,0.400000,3.417948,2.872370
wrong_orientation,530,12,4.316923,1.020410,0.400000,4.766328,4.429910
wrong_orientation,530,13,4.016861,1.020438,0.400000,4.496370,4.130178
wrong_orientation,530,14,3.716941,1.020325,0.400000,4.230527,3.830633
wrong_orientation,530,15,3.416945,1.020281,0.400000,3.969515,3.531079
wrong_orientation,530,16,3.116918,1.020410,0.400000,3.714463,3.231587
wrong_orientation,530,17,2.816846,1.020438,0.400000,3.466524,2.932153
wrong_orientation,530,18,4.376945,1.020282,0.400000,4.820704,4.489865
wrong_orientation,530,19,4.076927,1.020410,0.400000,4.550097,4.190173
wrong_orientation,530,20,3.776860,1.020438,0.400000,4.283321,3.890477
wrong_orientation,530,21,3.476936,1.020325,0.400000,4.021293,3.590978
wrong_orientation,530,22,3.176940,1.020281,0.400000,3.764902,3.291488
wrong_orientation,530,23,2.876913,1.020410,0.400000,3.515492,2.992080
wrong_orientation,540,0,4.356937,1.020325,0.400000,4.802564,4.469880
wrong_orientation,540,1,4.056950,1.020282,0.400000,4.532150,4.170213
wrong_orientation,540,2,3.756927,1.020410,0.400000,4.265742,3.870569
wrong_orientation,540,3,3.456855,1.020438,0.400000,4.004000,3.570935
wrong_orientation,540,4,3.156933,1.020325,0.400000,3.748058,3.271521
wrong_orientation,540,5,2.856936,1.020281,0.400000,3.499088,2.972140
wrong_orientation,540,6,4.416855,1.020438,0.400000,4.857034,4.529743
wrong_orientation,540,7,4.116941,1.020325,0.400000,4.585948,4.230138
wrong_orientation,540,8,3.816950,1.020282,0.400000,4.318639,3.930506
wrong_orientation,540,9,3.516922,1.020410,0.400000,4.055958,3.630907
wrong_orientation,540,10,3.216851,1.020438,0.400000,3.798724,3.331336
wrong_orientation,540,11,2.916928,1.020326,0.400000,3.548265,3.032001
wrong_orientation,540,12,4.476921,1.020410,0.400000,4.911708,4.589750
wrong_orientation,540,13,4.176859,1.020438,0.400000,4.639862,4.289995
wrong_orientation,540,14,3.876941,1.020325,0.400000,4.371771,3.990423
wrong_orientation,540,15,3.576945,1.020281,0.400000,4.108049,3.690833
wrong_orientation,540,16,3.276918,1.020410,0.400000,3.849707,3.391294
wrong_orientation,540,17,2.976846,1.020438,0.400000,3.597747,3.091799
wrong_orientation,540,18,4.536942,1.020282,0.400000,4.966426,4.649709
wrong_orientation,540,19,4.236925,1.020410,0.400000,4.693995,4.349995
wrong_orientation,540,20,3.936861,1.020438,0.400000,4.425047,4.050274
wrong_orientation,540,21,3.636937,1.020325,0.400000,4.160411,3.750740
wrong_orientation,540,22,3.336941,1.020281,0.400000,3.900860,3.451206
wrong_orientation,540,23,3.036913,1.020410,0.400000,3.647588,3.151740
wrong_orientation,550,0,4.516935,1.020325,0.400000,4.948173,4.629723
wrong_orientation,550,1,4.216948,1.020282,0.400000,4.675916,4.330033
wrong_orientation,550,2,3.916927,1.020410,0.400000,4.407309,4.030363
wrong_orientation,550,3,3.616856,1.020438,0.400000,4.142923,3.730694
wrong_orientation,550,4,3.316933,1.020325,0.400000,3.883781,3.431235
wrong_orientation,550,5,3.016936,1.020281,0.400000,3.630901,3.131796
wrong_orientation,550,6,4.576853,1.020438,0.400000,5.002975,4.689590
wrong_orientation,550,7,4.276939,1.020325,0.400000,4.730108,4.389963
wrong_orientation,550,8,3.976950,1.020282,0.400000,4.460680,4.090307
wrong_orientation,550,9,3.676923,1.020410,0.400000,4.195452,3.790674
wrong_orientation,550,10,3.376852,1.020438,0.400000,3.935136,3.491060
wrong_orientation,550,11,3.076928,1.020326,0.400000,3.680924,3.191670
wrong_orientation,550,12,4.636919,1.020410,0.400000,5.057971,4.749600
wrong_orientation,550,13,4.336857,1.020438,0.400000,4.784401,4.449824
wrong_orientation,550,14,4.036941,1.020325,0.400000,4.514267,4.150229
wrong_orientation,550,15,3.736945,1.020281,0.400000,4.248093,3.850607
wrong_orientation,550,16,3.436918,1.020410,0.400000,3.986786,3.551028
wrong_orientation,550,17,3.136847,1.020438,0.400000,3.731216,3.251479
wrong_orientation,550,18,4.696940,1.020282,0.400000,5.113002,4.809564
wrong_orientation,550,19,4.396923,1.020410,0.400000,4.838903,4.509829
wrong_orientation,550,20,4.096859,1.020438,0.400000,4.567978,4.210084
wrong_orientation,550,21,3.796937,1.020325,0.400000,4.300982,3.910522
wrong_orientation,550,22,3.496941,1.020281,0.400000,4.038580,3.610949
wrong_orientation,550,23,3.196913,1.020410,0.400000,3.781840,3.311433
wrong_orientation,560,0,4.676933,1.020325,0.400000,5.094646,4.789576
wrong_orientation,560,1,4.376946,1.020282,0.400000,4.820704,4.489866
wrong_orientation,560,2,4.076926,1.020410,0.400000,4.550097,4.190172
wrong_orientation,560,3,3.776856,1.020438,0.400000,4.283318,3.890473
wrong_orientation,560,4,3.476933,1.020325,0.400000,4.021291,3.590975
wrong_orientation,560,5,3.176937,1.020281,0.400000,3.764899,3.291485
wrong_orientation,560,6,4.736851,1.020438,0.400000,5.149750,4.849447
wrong_orientation,560,7,4.436937,1.020325,0.400000,4.875256,4.549800
wrong_orientation,560,8,4.136948,1.020282,0.400000,4.603898,4.250121
wrong_orientation,560,9,3.836923,1.020410,0.400000,4.336362,3.950460
wrong_orientation,560,10,3.536852,1.020438,0.400000,4.073266,3.650808
wrong_orientation,560,11,3.236928,1.020326,0.400000,3.815681,3.351370
wrong_orientation,560,12,4.796917,1.020410,0.400000,5.205042,4.909461
wrong_orientation,560,13,4.496855,1.020438,0.400000,4.929896,4.609666
wrong_orientation,560,14,4.196939,1.020325,0.400000,4.657897,4.310048
wrong_orientation,560,15,3.896945,1.020281,0.400000,4.389501,4.010400
wrong_orientation,560,16,3.596919,1.020410,0.400000,4.125516,3.710784
wrong_orientation,560,17,3.296847,1.020438,0.400000,3.866700,3.411190
wrong_orientation,560,18,4.856938,1.020282,0.400000,5.260360,4.969428
wrong_orientation,560,19,4.556921,1.020410,0.400000,4.984735,4.669674
wrong_orientation,560,20,4.256857,1.020438,0.400000,4.712006,4.369907
wrong_orientation,560,21,3.956937,1.020325,0.400000,4.442867,4.070320
wrong_orientation,560,22,3.656941,1.020281,0.400000,4.177889,3.770714
wrong_orientation,560,23,3.356914,1.020410,0.400000,3.918026,3.471153
wrong_orientation,570,0,4.836931,1.020325,0.400000,5.241910,4.949439
wrong_orientation,570,1,4.536944,1.020282,0.400000,4.966427,4.649711
wrong_orientation,570,2,4.236924,1.020410,0.400000,4.693995,4.349994
wrong_orientation,570,3,3.936856,1.020438,0.400000,4.425043,4.050269
wrong_orientation,570,4,3.636934,1.020325,0.400000,4.160408,3.750737
wrong_orientation,570,5,3.336937,1.020281,0.400000,3.900857,3.451203
wrong_orientation,570,6,4.896849,1.020438,0.400000,5.297292,5.009313
wrong_orientation,570,7,4.596935,1.020325,0.400000,5.021307,4.709649
wrong_orientation,570,8,4.296946,1.020282,0.400000,4.748188,4.409947
wrong_orientation,570,9,3.996923,1.020410,0.400000,4.478555,4.110262
wrong_orientation,570,10,3.696852,1.020438,0.400000,4.212943,3.810578
wrong_orientation,570,11,3.396929,1.020326,0.400000,3.952321,3.511098
wrong_orientation,570,12,4.956915,1.020410,0.400000,5.352855,5.069330
wrong_orientation,570,13,4.656853,1.020438,0.400000,5.076263,4.769517
wrong_orientation,570,14,4.356937,1.020325,0.400000,4.802563,4.469879
wrong_orientation,570,15,4.056945,1.020281,0.400000,4.532145,4.170208
wrong_orientation,570,16,3.756919,1.020410,0.400000,4.265735,3.870561
wrong_orientation,570,17,3.456847,1.020438,0.400000,4.003993,3.570927
wrong_orientation,570,18,5.016936,1.020282,0.400000,5.408437,5.129300
wrong_orientation,570,19,4.716918,1.020410,0.400000,5.131411,4.829530
wrong_orientation,570,20,4.416855,1.020438,0.400000,4.857034,4.529743
wrong_orientation,570,21,4.116936,1.020325,0.400000,4.585943,4.230133
wrong_orientation,570,22,3.816942,1.020281,0.400000,4.318632,3.930498
wrong_orientation,570,23,3.516914,1.020410,0.400000,4.055951,3.630899
wrong_orientation,580,0,4.996929,1.020325,0.400000,5.389899,5.109310
wrong_orientation,580,1,4.696942,1.020282,0.400000,5.113003,4.809565
wrong_orientation,580,2,4.396922,1.020410,0.400000,4.838903,4.509828
wrong_orientation,580,3,4.096855,1.020438,0.400000,4.567975,4.210080
wrong_orientation,580,4,3.796934,1.020325,0.400000,4.300979,3.910518
wrong_orientation,580,5,3.496937,1.020281,0.400000,4.038577,3.610945
wrong_orientation,580,6,5.056847,1.020438,0.400000,5.445537,5.169187
wrong_orientation,580,7,4.756933,1.020325,0.400000,5.168183,4.869506
wrong_orientation,580,8,4.456944,1.020282,0.400000,4.893454,4.569786
wrong_orientation,580,9,4.156921,1.020410,0.400000,4.621910,4.270078
wrong_orientation,580,10,3.856853,1.020438,0.400000,4.354019,3.970366
wrong_orientation,580,11,3.556929,1.020326,0.400000,4.090655,3.670849
wrong_orientation,580,12,5.116913,1.020410,0.400000,5.501350,5.229207
wrong_orientation,580,13,4.816851,1.020438,0.400000,5.223430,4.929379
wrong_orientation,580,14,4.516935,1.020325,0.400000,4.948173,4.629722
wrong_orientation,580,15,4.216943,1.020281,0.400000,4.675911,4.330028
wrong_orientation,580,16,3.916919,1.020410,0.400000,4.407302,4.030355
wrong_orientation,580,17,3.616848,1.020438,0.400000,4.142916,3.730686
wrong_orientation,580,18,5.176934,1.020282,0.400000,5.557174,5.289179
wrong_orientation,580,19,4.876916,1.020410,0.400000,5.278861,4.989395
wrong_orientation,580,20,4.576853,1.020438,0.400000,5.002975,4.689590
wrong_orientation,580,21,4.276934,1.020325,0.400000,4.730103,4.389957
wrong_orientation,580,22,3.976942,1.020281,0.400000,4.460673,4.090299
wrong_orientation,580,23,3.676914,1.020410,0.400000,4.195445,3.790666
wrong_orientation,590,0,5.156927,1.020325,0.400000,5.538557,5.269188
wrong_orientation,590,1,4.856940,1.020282,0.400000,5.260361,4.969429
wrong_orientation,590,2,4.556920,1.020410,0.400000,4.984735,4.669674
wrong_orientation,590,3,4.256853,1.020438,0.400000,4.712002,4.369903
wrong_orientation,590,4,3.956934,1.020325,0.400000,4.442864,4.070317
wrong_orientation,590,5,3.656938,1.020281,0.400000,4.177886,3.770710
wrong_orientation,590,6,5.216845,1.020438,0.400000,5.594429,5.329068
wrong_orientation,590,7,4.916931,1.020325,0.400000,5.315818,5.029374
wrong_orientation,590,8,4.616942,1.020282,0.400000,5.039612,4.729636
wrong_orientation,590,9,4.316919,1.020410,0.400000,4.766325,4.429906
wrong_orientation,590,10,4.016853,1.020438,0.400000,4.496363,4.130170
wrong_orientation,590,11,3.716929,1.020326,0.400000,4.230518,3.830621
wrong_orientation,590,12,5.276911,1.020410,0.400000,5.650473,5.389091
wrong_orientation,590,13,4.976849,1.020438,0.400000,5.371330,5.089249
wrong_orientation,590,14,4.676933,1.020325,0.400000,5.094646,4.789575
wrong_orientation,590,15,4.376941,1.020281,0.400000,4.820700,4.489861
wrong_orientation,590,16,4.076919,1.020410,0.400000,4.550090,4.190165
wrong_orientation,590,17,3.776848,1.020438,0.400000,4.283310,3.890465
wrong_orientation,590,18,5.336932,1.020282,0.400000,5.706521,5.449066
wrong_orientation,590,19,5.036914,1.020410,0.400000,5.427022,5.149268
wrong_orientation,590,20,4.736851,1.020438,0.400000,5.149750,4.849447
wrong_orientation,590,21,4.436932,1.020325,0.400000,4.875251,4.549795
wrong_orientation,590,22,4.136940,1.020281,0.400000,4.603891,4.250113
wrong_orientation,590,23,3.836915,1.020410,0.400000,4.336354,3.950452
wrong_orientation,600,0,5.316925,1.020325,0.400000,5.687829,5.429074
wrong_orientation,600,1,5.016938,1.020282,0.400000,5.408438,5.129301
wrong_orientation,600,2,4.716918,1.020410,0.400000,5.131410,4.829529
wrong_orientation,600,3,4.416851,1.020438,0.400000,4.857030,4.529739
wrong_orientation,600,4,4.116933,1.020325,0.400000,4.585940,4.230130
wrong_orientation,600,5,3.816938,1.020281,0.400000,4.318628,3.930494
wrong_orientation,600,6,5.376843,1.020438,0.400000,5.743919,5.488956
wrong_orientation,600,7,5.076929,1.020325,0.400000,5.464148,5.189249
wrong_orientation,600,8,4.776940,1.020282,0.400000,5.186588,4.889495
wrong_orientation,600,9,4.476917,1.020410,0.400000,4.911705,4.589746
wrong_orientation,600,10,4.176851,1.020438,0.400000,4.639854,4.289987
wrong_orientation,600,11,3.876930,1.020326,0.400000,4.371762,3.990412
wrong_orientation,600,12,5.436909,1.020410,0.400000,5.800175,5.548981
wrong_orientation,600,13,5.136847,1.020438,0.400000,5.519906,5.249126
wrong_orientation,600,14,4.836931,1.020325,0.400000,5.241909,4.949438
wrong_orientation,600,15,4.536939,1.020281,0.400000,4.966422,4.649705
wrong_orientation,600,16,4.236917,1.020410,0.400000,4.693987,4.349987
wrong_orientation,600,17,3.936848,1.020438,0.400000,4.425036,4.050261
wrong_orientation,600,18,5.496930,1.020282,0.400000,5.856431,5.608959
wrong_orientation,600,19,5.196912,1.020410,0.400000,5.575837,5.309148
wrong_orientation,600,20,4.896849,1.020438,0.400000,5.297292,5.009313
wrong_orientation,600,21,4.596930,1.020325,0.400000,5.021302,4.709643
wrong_orientation,600,22,4.296938,1.020281,0.400000,4.748180,4.409940
wrong_orientation,600,23,3.996915,1.020410,0.400000,4.478547,4.110254
wrong_orientation,610,0,5.476923,1.020325,0.400000,5.837671,5.588966
wrong_orientation,610,1,5.176936,1.020282,0.400000,5.557176,5.289181
wrong_orientation,610,2,4.876916,1.020410,0.400000,5.278860,4.989394
wrong_orientation,610,3,4.576849,1.020438,0.400000,5.002971,4.689586
wrong_orientation,610,4,4.276931,1.020325,0.400000,4.730101,4.389955
wrong_orientation,610,5,3.976938,1.020281,0.400000,4.460670,4.090295
wrong_orientation,610,6,5.536841,1.020438,0.400000,5.893961,5.648850
wrong_orientation,610,7,5.236927,1.020325,0.400000,5.613120,5.349131
wrong_orientation,610,8,4.936938,1.020282,0.400000,5.334313,5.049363
wrong_orientation,610,9,4.636915,1.020410,0.400000,5.057968,4.749597
wrong_orientation,610,10,4.336849,1.020438,0.400000,4.784394,4.449816
wrong_orientation,610,11,4.036930,1.020326,0.400000,4.514257,4.150218
wrong_orientation,610,12,5.596907,1.020410,0.400000,5.950413,5.708878
wrong_orientation,610,13,5.296844,1.020438,0.400000,5.669103,5.409011
wrong_orientation,610,14,4.996929,1.020325,0.400000,5.389899,5.109309
wrong_orientation,610,15,4.696937,1.020281,0.400000,5.112998,4.809560
wrong_orientation,610,16,4.396914,1.020410,0.400000,4.838896,4.509820
wrong_orientation,610,17,4.096847,1.020438,0.400000,4.567967,4.210072
wrong_orientation,610,18,5.656928,1.020282,0.400000,6.006860,5.768858
wrong_orientation,610,19,5.356910,1.020410,0.400000,5.725255,5.469036
wrong_orientation,610,20,5.056847,1.020438,0.400000,5.445537,5.169187
wrong_orientation,610,21,4.756927,1.020325,0.400000,5.168179,4.869501
wrong_orientation,610,22,4.456936,1.020281,0.400000,4.893446,4.569778
wrong_orientation,610,23,4.156913,1.020410,0.400000,4.621902,4.270070
wrong_orientation,620,0,5.636921,1.020325,0.400000,5.988037,5.748865
wrong_orientation,620,1,5.336934,1.020282,0.400000,5.706522,5.449068
wrong_orientation,620,2,5.036914,1.020410,0.400000,5.427021,5.149267
wrong_orientation,620,3,4.736847,1.020438,0.400000,5.149746,4.849442
wrong_orientation,620,4,4.436929,1.020325,0.400000,4.875249,4.549792
wrong_orientation,620,5,4.136937,1.020281,0.400000,4.603888,4.250109
wrong_orientation,620,6,5.696839,1.020438,0.400000,6.044513,5.808750
wrong_orientation,620,7,5.396924,1.020325,0.400000,5.762682,5.509020
wrong_orientation,620,8,5.096936,1.020282,0.400000,5.482727,5.209239
wrong_orientation,620,9,4.796913,1.020410,0.400000,5.205039,4.909457
wrong_orientation,620,10,4.496847,1.020438,0.400000,4.929888,4.609658
wrong_orientation,620,11,4.196928,1.020326,0.400000,4.657887,4.310036
wrong_orientation,620,12,5.756905,1.020410,0.400000,6.101148,5.868780
wrong_orientation,620,13,5.456842,1.020438,0.400000,5.818874,5.568903
wrong_orientation,620,14,5.156927,1.020325,0.400000,5.538556,5.269188
wrong_orientation,620,15,4.856935,1.020281,0.400000,5.260356,4.969424
wrong_orientation,620,16,4.556912,1.020410,0.400000,4.984727,4.669666
wrong_orientation,620,17,4.256845,1.020438,0.400000,4.711995,4.369895
wrong_orientation,620,18,5.816926,1.020282,0.400000,6.157773,5.928762
wrong_orientation,620,19,5.516908,1.020410,0.400000,5.875230,5.628929
wrong_orientation,620,20,5.216845,1.020438,0.400000,5.594429,5.329068
wrong_orientation,620,21,4.916925,1.020325,0.400000,5.315813,5.029368
wrong_orientation,620,22,4.616934,1.020281,0.400000,5.039605,4.729628
wrong_orientation,620,23,4.316911,1.020410,0.400000,4.766317,4.429898
wrong_orientation,630,0,5.796919,1.020325,0.400000,6.138891,5.908768
wrong_orientation,630,1,5.496932,1.020282,0.400000,5.856432,5.608961
wrong_orientation,630,2,5.196912,1.020410,0.400000,5.575836,5.309147
wrong_orientation,630,3,4.896845,1.020438,0.400000,5.297288,5.009308
wrong_orientation,630,4,4.596927,1.020325,0.400000,5.021299,4.709641
wrong_orientation,630,5,4.296935,1.020281,0.400000,4.748177,4.409936
wrong_orientation,630,6,5.856837,1.020438,0.400000,6.195539,5.968656
wrong_orientation,630,7,5.556922,1.020325,0.400000,5.912791,5.668915
wrong_orientation,630,8,5.256934,1.020282,0.400000,5.631775,5.369123
wrong_orientation,630,9,4.956911,1.020410,0.400000,5.352852,5.069326
wrong_orientation,630,10,4.656845,1.020438,0.400000,5.076255,4.769509
wrong_orientation,630,11,4.356925,1.020326,0.400000,4.802553,4.469868
wrong_orientation,630,12,5.916903,1.020410,0.400000,6.252343,6.028687
wrong_orientation,630,13,5.616840,1.020438,0.400000,5.969176,5.728800
wrong_orientation,630,14,5.316925,1.020325,0.400000,5.687829,5.429074
wrong_orientation,630,15,5.016932,1.020281,0.400000,5.408433,5.129296
wrong_orientation,630,16,4.716910,1.020410,0.400000,5.131403,4.829522
wrong_orientation,630,17,4.416843,1.020438,0.400000,4.857023,4.529731
wrong_orientation,630,18,5.976924,1.020282,0.400000,6.309133,6.088671
wrong_orientation,630,19,5.676906,1.020410,0.400000,6.025722,5.788828
wrong_orientation,630,20,5.376843,1.020438,0.400000,5.743919,5.488956
wrong_orientation,630,21,5.076923,1.020325,0.400000,5.464144,5.189243
wrong_orientation,630,22,4.776932,1.020281,0.400000,5.186581,4.889487
wrong_orientation,630,23,4.476909,1.020410,0.400000,4.911697,4.589738
wrong_orientation,640,0,5.956917,1.020325,0.400000,6.290196,6.068676
wrong_orientation,640,1,5.656929,1.020282,0.400000,6.006862,5.768859
wrong_orientation,640,2,5.356910,1.020410,0.400000,5.725255,5.469035
wrong_orientation,640,3,5.056843,1.020438,0.400000,5.445533,5.169182
wrong_orientation,640,4,4.756925,1.020325,0.400000,5.168176,4.869498
wrong_orientation,640,5,4.456933,1.020281,0.400000,4.893443,4.569775
wrong_orientation,640,6,6.016835,1.020438,0.400000,6.347005,6.128566
wrong_orientation,640,7,5.716920,1.020325,0.400000,6.063406,5.828816
wrong_orientation,640,8,5.416932,1.020282,0.400000,5.781409,5.529012
wrong_orientation,640,9,5.116909,1.020410,0.400000,5.501347,5.229203
wrong_orientation,640,10,4.816843,1.020438,0.400000,5.223423,4.929371
wrong_orientation,640,11,4.516923,1.020326,0.400000,4.948163,4.629711
wrong_orientation,640,12,6.076900,1.020410,0.400000,6.403965,6.188599
wrong_orientation,640,13,5.776838,1.020438,0.400000,6.119970,5.888703
wrong_orientation,640,14,5.476923,1.020325,0.400000,5.837670,5.588966
wrong_orientation,640,15,5.176930,1.020281,0.400000,5.557170,5.289176
wrong_orientation,640,16,4.876908,1.020410,0.400000,5.278853,4.989387
wrong_orientation,640,17,4.576841,1.020438,0.400000,5.002963,4.689578
wrong_orientation,640,18,6.136922,1.020282,0.400000,6.460909,6.248585
wrong_orientation,640,19,5.836904,1.020410,0.400000,6.176691,5.948733
wrong_orientation,640,20,5.536841,1.020438,0.400000,5.893961,5.648850
wrong_orientation,640,21,5.236921,1.020325,0.400000,5.613115,5.349126
wrong_orientation,640,22,4.936930,1.020281,0.400000,5.334306,5.049356
wrong_orientation,640,23,4.636907,1.020410,0.400000,5.057961,4.749588
guiding,0,0,-3.484000,0.200000,0.400000,3.684869,2.355550
guiding,0,1,-3.784000,0.200000,0.400000,3.969717,2.646146
guiding,0,2,-4.084000,0.200000,0.400000,4.256649,2.938633
guiding,0,3,-4.384000,0.200000,0.400000,4.545268,3.232497
guiding,0,4,-4.684000,0.200000,0.400000,4.835272,3.527394
guiding,0,5,-4.984000,0.200000,0.400000,5.126428,3.823086
guiding,0,6,-3.484000,0.260000,0.400000,3.704842,2.340470
guiding,0,7,-3.784000,0.260000,0.400000,3.988265,2.632731
guiding,0,8,-4.084000,0.260000,0.400000,4.273951,2.926559
guiding,0,9,-4.384000,0.260000,0.400000,4.561475,3.221525
guiding,0,10,-4.684000,0.260000,0.400000,4.850511,3.517342
guiding,0,11,-4.984000,0.260000,0.400000,5.140803,3.813813
guiding,0,12,-3.484000,0.320000,0.400000,3.725675,2.326840
guiding,0,13,-3.784000,0.320000,0.400000,4.007625,2.620622
guiding,0,14,-4.084000,0.320000,0.400000,4.292022,2.915670
guiding,0,15,-4.384000,0.320000,0.400000,4.578412,3.211636
guiding,0,16,-4.684000,0.320000,0.400000,4.866442,3.508287
guiding,0,17,-4.984000,0.320000,0.400000,5.155837,3.805464
guiding,0,18,-3.484000,0.380000,0.400000,3.747353,2.314686
guiding,0,19,-3.784000,0.380000,0.400000,4.027785,2.609836
guiding,0,20,-4.084000,0.380000,0.400000,4.310853,2.905980
guiding,0,21,-4.384000,0.380000,0.400000,4.596070,3.202842
guiding,0,22,-4.684000,0.380000,0.400000,4.883058,3.500238
guiding,0,23,-4.984000,0.380000,0.400000,5.171524,3.798044
guiding,10,0,-3.324000,0.200000,0.400000,3.533974,2.201596
guiding,10,1,-3.624000,0.200000,0.400000,3.817509,2.490883
guiding,10,2,-3.924001,0.200000,0.400000,4.103387,2.782442
guiding,10,3,-4.224002,0.200000,0.400000,4.391150,3.075624
guiding,10,4,-4.524002,0.200000,0.400000,4.680448,3.370006
guiding,10,5,-4.824002,0.200000,0.400000,4.971016,3.665299
guiding,10,6,-3.324000,0.260000,0.400000,3.554796,2.185455
guiding,10,7,-3.624000,0.260000,0.400000,3.836792,2.476628
guiding,10,8,-3.924001,0.260000,0.400000,4.121333,2.769687
guiding,10,9,-4.224002,0.260000,0.400000,4.407924,3.064090
guiding,10,10,-4.524002,0.260000,0.400000,4.696189,3.359483
guiding,10,11,-4.824002,0.260000,0.400000,4.985840,3.655626
guiding,10,12,-3.324000,0.320000,0.400000,3.576503,2.170852
guiding,10,13,-3.624000,0.320000,0.400000,3.856912,2.463751
guiding,10,14,-3.924001,0.320000,0.400000,4.140070,2.758179
guiding,10,15,-4.224002,0.320000,0.400000,4.425448,3.053692
guiding,10,16,-4.524002,0.320000,0.400000,4.712642,3.350001
guiding,10,17,-4.824002,0.320000,0.400000,5.001339,3.646914
guiding,10,18,-3.324000,0.380000,0.400000,3.599080,2.157819
guiding,10,19,-3.624000,0.380000,0.400000,3.877857,2.452276
guiding,10,20,-3.924001,0.380000,0.400000,4.159589,2.747933
guiding,10,21,-4.224002,0.380000,0.400000,4.443714,3.044441
guiding,10,22,-4.524002,0.380000,0.400000,4.729799,3.341570
guiding,10,23,-4.824002,0.380000,0.400000,5.017509,3.639172
guiding,20,0,-3.163999,0.200000,0.400000,3.383917,2.048570
guiding,20,1,-3.463999,0.200000,0.400000,3.665964,2.336260
guiding,20,2,-3.764001,0.200000,0.400000,3.950658,2.626708
guiding,20,3,-4.064004,0.200000,0.400000,4.237468,2.919091
guiding,20,4,-4.364004,0.200000,0.400000,4.525984,3.212875
guiding,20,5,-4.664004,0.200000,0.400000,4.815905,3.507712
guiding,20,6,-3.163999,0.260000,0.400000,3.405656,2.031213
guiding,20,7,-3.463999,0.260000,0.400000,3.686040,2.321055
guiding,20,8,-3.764001,0.260000,0.400000,3.969295,2.613193
guiding,20,9,-4.064004,0.260000,0.400000,4.254848,2.906935
guiding,20,10,-4.364004,0.260000,0.400000,4.542261,3.201835
guiding,20,11,-4.664004,0.260000,0.400000,4.831204,3.497603
guiding,20,12,-3.163999,0.320000,0.400000,3.428307,2.015492
guiding,20,13,-3.463999,0.320000,0.400000,3.706979,2.307311
guiding,20,14,-3.764001,0.320000,0.400000,3.988747,2.600993
guiding,20,15,-4.064004,0.320000,0.400000,4.273000,2.895973
guiding,20,16,-4.364004,0.320000,0.400000,4.559269,3.191886
guiding,20,17,-4.664004,0.320000,0.400000,4.847199,3.488497
guiding,20,18,-3.163999,0.380000,0.400000,3.451853,2.001448
guiding,20,19,-3.463999,0.380000,0.400000,3.728765,2.295053
guiding,20,20,-3.764001,0.380000,0.400000,4.009003,2.590125
guiding,20,21,-4.064004,0.380000,0.400000,4.291914,2.886216
guiding,20,22,-4.364004,0.380000,0.400000,4.577000,3.183036
guiding,20,23,-4.664004,0.380000,0.400000,4.863881,3.480402
guiding,30,0,-3.003999,0.200000,0.400000,3.234812,1.896695
guiding,30,1,-3.303999,0.200000,0.400000,3.515168,2.182413
guiding,30,2,-3.604000,0.200000,0.400000,3.798528,2.471519
guiding,30,3,-3.904005,0.200000,0.400000,4.084269,2.762952
guiding,30,4,-4.204006,0.200000,0.400000,4.371918,3.056041
guiding,30,5,-4.504006,0.200000,0.400000,4.661124,3.350353
guiding,30,6,-3.003999,0.260000,0.400000,3.257547,1.877934
guiding,30,7,-3.303999,0.260000,0.400000,3.536101,2.166128
guiding,30,8,-3.604000,0.260000,0.400000,3.817908,2.457151
guiding,30,9,-3.904005,0.260000,0.400000,4.102299,2.750107
guiding,30,10,-4.204006,0.260000,0.400000,4.388766,3.044433
guiding,30,11,-4.504006,0.260000,0.400000,4.676930,3.339768
guiding,30,12,-3.003999,0.320000,0.400000,3.281221,1.860920
guiding,30,13,-3.303999,0.320000,0.400000,3.557922,2.151394
guiding,30,14,-3.604000,0.320000,0.400000,3.838127,2.444172
guiding,30,15,-3.904005,0.320000,0.400000,4.121123,2.738517
guiding,30,16,-4.204006,0.320000,0.400000,4.406367,3.033967
guiding,30,17,-4.504006,0.320000,0.400000,4.693450,3.330231
guiding,30,18,-3.003999,0.380000,0.400000,3.305815,1.845700
guiding,30,19,-3.303999,0.380000,0.400000,3.580616,2.138242
guiding,30,20,-3.604000,0.380000,0.400000,3.859173,2.432604
guiding,30,21,-3.904005,0.380000,0.400000,4.140731,2.728197
guiding,30,22,-4.204006,0.380000,0.400000,4.424711,3.024656
guiding,30,23,-4.504006,0.380000,0.400000,4.710677,3.321750
guiding,40,0,-2.843999,0.200000,0.400000,3.086799,1.746272
guiding,40,1,-3.143999,0.200000,0.400000,3.365223,2.029517
guiding,40,2,-3.444000,0.200000,0.400000,3.647072,2.316985
guiding,40,3,-3.744005,0.200000,0.400000,3.931612,2.607281
guiding,40,4,-4.044008,0.200000,0.400000,4.218294,2.899554
guiding,40,5,-4.344008,0.200000,0.400000,4.506707,3.193257
guiding,40,6,-2.843999,0.260000,0.400000,3.110615,1.725877
guiding,40,7,-3.143999,0.260000,0.400000,3.387082,2.011995
guiding,40,8,-3.444000,0.260000,0.400000,3.667252,2.301652
guiding,40,9,-3.744005,0.260000,0.400000,3.950338,2.593666
guiding,40,10,-4.044008,0.260000,0.400000,4.235753,2.887317
guiding,40,11,-4.344008,0.260000,0.400000,4.523053,3.182150
guiding,40,12,-2.843999,0.320000,0.400000,3.135399,1.707348
guiding,40,13,-3.143999,0.320000,0.400000,3.409857,1.996123
guiding,40,14,-3.444000,0.320000,0.400000,3.688297,2.287791
guiding,40,15,-3.744005,0.320000,0.400000,3.969883,2.581373
guiding,40,16,-4.044008,0.320000,0.400000,4.253987,2.876279
guiding,40,17,-4.344008,0.320000,0.400000,4.540133,3.172138
guiding,40,18,-2.843999,0.380000,0.400000,3.161128,1.690746
guiding,40,19,-3.143999,0.380000,0.400000,3.433530,1.981942
guiding,40,20,-3.444000,0.380000,0.400000,3.710193,2.275428
guiding,40,21,-3.744005,0.380000,0.400000,3.990234,2.570422
guiding,40,22,-4.044008,0.380000,0.400000,4.272985,2.866456
guiding,40,23,-4.344008,0.380000,0.400000,4.557939,3.163234
guiding,50,0,-2.683998,0.200000,0.400000,2.940042,1.597710
guiding,50,1,-2.983998,0.200000,0.400000,3.216247,1.877805
guiding,50,2,-3.284000,0.200000,0.400000,3.496377,2.163245
guiding,50,3,-3.584004,0.200000,0.400000,3.779562,2.452168
guiding,50,4,-3.884008,0.200000,0.400000,4.065159,2.743469
guiding,50,5,-4.184011,0.200000,0.400000,4.352694,3.036464
guiding,50,6,-2.683998,0.260000,0.400000,2.965037,1.575393
guiding,50,7,-2.983998,0.260000,0.400000,3.239112,1.858854
guiding,50,8,-3.284000,0.260000,0.400000,3.517421,2.146815
guiding,50,9,-3.584004,0.260000,0.400000,3.799038,2.437686
guiding,50,10,-3.884008,0.260000,0.400000,4.083273,2.730533
guiding,50,11,-4.184011,0.260000,0.400000,4.369616,3.024781
guiding,50,12,-2.683998,0.320000,0.400000,2.991028,1.555072
guiding,50,13,-2.983998,0.320000,0.400000,3.262920,1.841663
guiding,50,14,-3.284000,0.320000,0.400000,3.539358,2.131948
guiding,50,15,-3.584004,0.320000,0.400000,3.819357,2.424602
guiding,50,16,-3.884008,0.320000,0.400000,4.102185,2.718859
guiding,50,17,-4.184011,0.320000,0.400000,4.387293,3.014247
guiding,50,18,-2.683998,0.380000,0.400000,3.017987,1.536826
guiding,50,19,-2.983998,0.380000,0.400000,3.287651,1.826282
guiding,50,20,-3.284000,0.380000,0.400000,3.562170,2.118675
guiding,50,21,-3.584004,0.380000,0.400000,3.840506,2.412941
guiding,50,22,-3.884008,0.380000,0.400000,4.121883,2.708464
guiding,50,23,-4.184011,0.380000,0.400000,4.405717,3.004874
guiding,60,0,-2.523998,0.200000,0.400000,2.794739,1.451583
guiding,60,1,-2.823998,0.200000,0.400000,3.068381,1.727589
guiding,60,2,-3.123999,0.200000,0.400000,3.346546,2.010483
guiding,60,3,-3.424004,0.200000,0.400000,3.628196,2.297724
guiding,60,4,-3.724008,0.200000,0.400000,3.912574,2.587863
guiding,60,5,-4.024013,0.200000,0.400000,4.199128,2.880024
guiding,60,6,-2.523998,0.260000,0.400000,2.821022,1.426982
guiding,60,7,-2.823998,0.260000,0.400000,3.092340,1.706971
guiding,60,8,-3.123999,0.260000,0.400000,3.368527,1.992794
guiding,60,9,-3.424004,0.260000,0.400000,3.648480,2.282263
guiding,60,10,-3.724008,0.260000,0.400000,3.931391,2.574144
guiding,60,11,-4.024013,0.260000,0.400000,4.216667,2.867703
guiding,60,12,-2.523998,0.320000,0.400000,2.848327,1.404515
guiding,60,13,-2.823998,0.320000,0.400000,3.117269,1.688234
guiding,60,14,-3.123999,0.320000,0.400000,3.391426,1.976768
guiding,60,15,-3.424004,0.320000,0.400000,3.669633,2.268283
guiding,60,16,-3.724008,0.320000,0.400000,3.951030,2.561758
guiding,60,17,-4.024013,0.320000,0.400000,4.234982,2.856590
guiding,60,18,-2.523998,0.380000,0.400000,2.876624,1.384286
guiding,60,19,-2.823998,0.380000,0.400000,3.143146,1.671443
guiding,60,20,-3.123999,0.380000,0.400000,3.415226,1.962447
guiding,60,21,-3.424004,0.380000,0.400000,3.691640,2.255813
guiding,60,22,-3.724008,0.380000,0.400000,3.971478,2.550723
guiding,60,23,-4.024013,0.380000,0.400000,4.254066,2.846699
guiding,70,0,-2.363998,0.200000,0.400000,2.651129,1.308704
guiding,70,1,-2.663998,0.200000,0.400000,2.921795,1.579297
guiding,70,2,-2.963999,0.200000,0.400000,3.197701,1.858940
guiding,70,3,-3.264004,0.200000,0.400000,3.477603,2.144096
guiding,70,4,-3.564008,0.200000,0.400000,3.760605,2.432826
guiding,70,5,-3.864012,0.200000,0.400000,4.046059,2.723995
guiding,70,6,-2.363998,0.260000,0.400000,2.678822,1.281363
guiding,70,7,-2.663998,0.260000,0.400000,2.946945,1.556716
guiding,70,8,-2.963999,0.260000,0.400000,3.220697,1.839794
guiding,70,9,-3.264004,0.260000,0.400000,3.498760,2.127518
guiding,70,10,-3.564008,0.260000,0.400000,3.780179,2.418228
guiding,70,11,-3.864012,0.260000,0.400000,4.064258,2.710965
guiding,70,12,-2.363998,0.320000,0.400000,2.707561,1.256295
guiding,70,13,-2.663998,0.320000,0.400000,2.973093,1.536147
guiding,70,14,-2.963999,0.320000,0.400000,3.244640,1.822423
guiding,70,15,-3.264004,0.320000,0.400000,3.520813,2.112515
guiding,70,16,-3.564008,0.320000,0.400000,3.800599,2.405039
guiding,70,17,-3.864012,0.320000,0.400000,4.083258,2.699207
guiding,70,18,-2.363998,0.380000,0.400000,2.737314,1.233637
guiding,70,19,-2.663998,0.380000,0.400000,3.000214,1.517674
guiding,70,20,-2.963999,0.380000,0.400000,3.269509,1.806879
guiding,70,21,-3.264004,0.380000,0.400000,3.543744,2.099120
guiding,70,22,-3.564008,0.380000,0.400000,3.821852,2.393282
guiding,70,23,-3.864012,0.380000,0.400000,4.103047,2.688736
guiding,80,0,-2.203997,0.200000,0.400000,2.509503,1.170265
guiding,80,1,-2.503997,0.200000,0.400000,2.776689,1.433524
guiding,80,2,-2.803999,0.200000,0.400000,3.049985,1.708938
guiding,80,3,-3.104003,0.200000,0.400000,3.327888,1.991472
guiding,80,4,-3.404007,0.200000,0.400000,3.609330,2.278476
guiding,80,5,-3.704012,0.200000,0.400000,3.893547,2.568454
guiding,80,6,-2.203997,0.260000,0.400000,2.538741,1.139607
guiding,80,7,-2.503997,0.260000,0.400000,2.803142,1.408608
guiding,80,8,-2.803999,0.260000,0.400000,3.074087,1.688092
guiding,80,9,-3.104003,0.260000,0.400000,3.349991,1.973612
guiding,80,10,-3.404007,0.260000,0.400000,3.629720,2.262883
guiding,80,11,-3.704012,0.260000,0.400000,3.912455,2.554631
guiding,80,12,-2.203997,0.320000,0.400000,2.569047,1.111346
guiding,80,13,-2.503997,0.320000,0.400000,2.830619,1.385844
guiding,80,14,-2.803999,0.320000,0.400000,3.099163,1.669143
guiding,80,15,-3.104003,0.320000,0.400000,3.373016,1.957430
guiding,80,16,-3.404007,0.320000,0.400000,3.650982,2.248783
guiding,80,17,-3.704012,0.320000,0.400000,3.932189,2.542150
guiding,80,18,-2.203997,0.380000,0.400000,2.600385,1.085668
guiding,80,19,-2.503997,0.380000,0.400000,2.859091,1.365338
guiding,80,20,-2.803999,0.380000,0.400000,3.125189,1.652157
guiding,80,21,-3.104003,0.380000,0.400000,3.396945,1.942966
guiding,80,22,-3.404007,0.380000,0.400000,3.673100,2.236204
guiding,80,23,-3.704012,0.380000,0.400000,3.952734,2.531030
guiding,90,0,-2.043997,0.200000,0.400000,2.370216,1.038043
guiding,90,1,-2.343997,0.200000,0.400000,2.633310,1.291126
guiding,90,2,-2.643998,0.200000,0.400000,2.903572,1.560924
guiding,90,3,-2.944003,0.200000,0.400000,3.179175,1.840101
guiding,90,4,-3.244007,0.200000,0.400000,3.458841,2.124962
guiding,90,5,-3.544012,0.200000,0.400000,3.741660,2.413496
guiding,90,6,-2.043997,0.260000,0.400000,2.401150,1.003354
guiding,90,7,-2.343997,0.260000,0.400000,2.661188,1.263405
guiding,90,8,-2.643998,0.260000,0.400000,2.928878,1.538073
guiding,90,9,-2.944003,0.260000,0.400000,3.202305,1.820757
guiding,90,10,-3.244007,0.260000,0.400000,3.480112,2.108234
guiding,90,11,-3.544012,0.260000,0.400000,3.761332,2.398781
guiding,90,12,-2.043997,0.320000,0.400000,2.433172,0.971136
guiding,90,13,-2.343997,0.320000,0.400000,2.690115,1.237973
guiding,90,14,-2.643998,0.320000,0.400000,2.955187,1.517252
guiding,90,15,-2.944003,0.320000,0.400000,3.226384,1.803203
guiding,90,16,-3.244007,0.320000,0.400000,3.502282,2.093092
guiding,90,17,-3.544012,0.320000,0.400000,3.781854,2.385484
guiding,90,18,-2.043997,0.380000,0.400000,2.466237,0.941642
guiding,90,19,-2.343997,0.380000,0.400000,2.720059,1.214974
guiding,90,20,-2.643998,0.380000,0.400000,2.982470,1.498545
guiding,90,21,-2.944003,0.380000,0.400000,3.251393,1.787492
guiding,90,22,-3.244007,0.380000,0.400000,3.525334,2.079572
guiding,90,23,-3.544012,0.380000,0.400000,3.803212,2.373630
guiding,100,0,-1.883997,0.200000,0.400000,2.233706,0.914740
guiding,100,1,-2.183997,0.200000,0.400000,2.491955,1.153352
guiding,100,2,-2.483998,0.200000,0.400000,2.758667,1.415520
guiding,100,3,-2.784003,0.200000,0.400000,3.031612,1.690321
guiding,100,4,-3.084007,0.200000,0.400000,3.309244,1.972479
guiding,100,5,-3.384012,0.200000,0.400000,3.590478,2.259242
guiding,100,6,-1.883997,0.260000,0.400000,2.266505,0.875176
guiding,100,7,-2.183997,0.260000,0.400000,2.521397,1.122232
guiding,100,8,-2.483998,0.260000,0.400000,2.785291,1.390281
guiding,100,9,-2.784003,0.260000,0.400000,3.055859,1.669242
guiding,100,10,-3.084007,0.260000,0.400000,3.331471,1.954446
guiding,100,11,-3.384012,0.260000,0.400000,3.610974,2.243515
guiding,100,12,-1.883997,0.320000,0.400000,2.300401,0.838045
guiding,100,13,-2.183997,0.320000,0.400000,2.551909,1.093522
guiding,100,14,-2.483998,0.320000,0.400000,2.812943,1.367211
guiding,100,15,-2.784003,0.320000,0.400000,3.081083,1.650077
guiding,100,16,-3.084007,0.320000,0.400000,3.354623,1.938103
guiding,100,17,-3.384012,0.320000,0.400000,3.632345,2.229292
guiding,100,18,-1.883997,0.380000,0.400000,2.335346,0.803681
guiding,100,19,-2.183997,0.380000,0.400000,2.583455,1.067415
guiding,100,20,-2.483998,0.380000,0.400000,2.841592,1.346422
guiding,100,21,-2.784003,0.380000,0.400000,3.107261,1.632893
guiding,100,22,-3.084007,0.380000,0.400000,3.378683,1.923494
guiding,100,23,-3.384012,0.380000,0.400000,3.654577,2.216603
guiding,110,0,-1.723996,0.200000,0.400000,2.100515,0.800854
guiding,110,1,-2.023996,0.200000,0.400000,2.352990,1.022074
guiding,110,2,-2.323998,0.200000,0.400000,2.615524,1.273621
guiding,110,3,-2.624002,0.200000,0.400000,2.885375,1.542594
guiding,110,4,-2.924006,0.200000,0.400000,3.160667,1.821287
guiding,110,5,-3.224011,0.200000,0.400000,3.440094,2.105845
guiding,110,6,-1.723996,0.260000,0.400000,2.135360,0.758427
guiding,110,7,-2.023996,0.260000,0.400000,2.384148,0.986823
guiding,110,8,-2.323998,0.260000,0.400000,2.643589,1.245510
guiding,110,9,-2.624002,0.260000,0.400000,2.910840,1.519467
guiding,110,10,-2.924006,0.260000,0.400000,3.183931,1.801741
guiding,110,11,-3.224011,0.260000,0.400000,3.461481,2.088963
guiding,110,12,-1.723996,0.320000,0.400000,2.171304,0.716054
guiding,110,13,-2.023996,0.320000,0.400000,2.416394,0.954047
guiding,110,14,-2.323998,0.320000,0.400000,2.672708,1.219705
guiding,110,15,-2.624002,0.320000,0.400000,2.937310,1.498388
guiding,110,16,-2.924006,0.320000,0.400000,3.208148,1.784000
guiding,110,17,-3.224011,0.320000,0.400000,3.483769,2.073681
guiding,110,18,-1.723996,0.380000,0.400000,2.208294,0.675513
guiding,110,19,-2.023996,0.380000,0.400000,2.449686,0.924008
guiding,110,20,-2.323998,0.380000,0.400000,2.702844,1.196355
guiding,110,21,-2.624002,0.380000,0.400000,2.964758,1.479443
guiding,110,22,-2.924006,0.380000,0.400000,3.233298,1.768118
guiding,110,23,-3.224011,0.380000,0.400000,3.506943,2.060033
guiding,120,0,-1.563996,0.200000,0.400000,1.971315,0.687716
guiding,120,1,-1.863996,0.200000,0.400000,2.216863,0.900139
guiding,120,2,-2.163997,0.200000,0.400000,2.474446,1.136540
guiding,120,3,-2.464002,0.200000,0.400000,2.740676,1.397572
guiding,120,4,-2.764006,0.200000,0.400000,3.013259,1.671734
guiding,120,5,-3.064011,0.200000,0.400000,3.290617,1.953507
guiding,120,6,-1.563996,0.260000,0.400000,2.008403,0.645290
guiding,120,7,-1.863996,0.260000,0.400000,2.249907,0.859904
guiding,120,8,-2.163997,0.260000,0.400000,2.504094,1.104947
guiding,120,9,-2.464002,0.260000,0.400000,2.767473,1.372003
guiding,120,10,-2.764006,0.260000,0.400000,3.037652,1.650418
guiding,120,11,-3.064011,0.260000,0.400000,3.312969,1.935297
guiding,120,12,-1.563996,0.320000,0.400000,2.046578,0.602864
guiding,120,13,-1.863996,0.320000,0.400000,2.284049,0.822083
guiding,120,14,-2.163997,0.320000,0.400000,2.534815,1.075776
guiding,120,15,-2.464002,0.320000,0.400000,2.795301,1.348621
guiding,120,16,-2.764006,0.320000,0.400000,3.063026,1.631032
guiding,120,17,-3.064011,0.320000,0.400000,3.336250,1.918792
guiding,120,18,-1.563996,0.380000,0.400000,2.085781,0.560437
guiding,120,19,-1.863996,0.380000,0.400000,2.319242,0.787023
guiding,120,20,-2.163997,0.380000,0.400000,2.566571,1.049228
guiding,120,21,-2.464002,0.380000,0.400000,2.824129,1.327540
guiding,120,22,-2.764006,0.380000,0.400000,3.089358,1.613645
guiding,120,23,-3.064011,0.380000,0.400000,3.360441,1.904034
guiding,130,0,-1.403996,0.200000,0.400000,1.846945,0.574579
guiding,130,1,-1.703996,0.200000,0.400000,2.084131,0.786711
guiding,130,2,-2.003997,0.200000,0.400000,2.335809,1.006249
guiding,130,3,-2.304002,0.200000,0.400000,2.597773,1.256193
guiding,130,4,-2.604006,0.200000,0.400000,2.867202,1.524305
guiding,130,5,-2.904011,0.200000,0.400000,3.142177,1.802498
guiding,130,6,-1.403996,0.260000,0.400000,1.886479,0.532153
guiding,130,7,-1.703996,0.260000,0.400000,2.119246,0.744285
guiding,130,8,-2.003997,0.260000,0.400000,2.367193,0.970424
guiding,130,9,-2.304002,0.260000,0.400000,2.626028,1.227683
guiding,130,10,-2.604006,0.260000,0.400000,2.892827,1.500897
guiding,130,11,-2.904011,0.260000,0.400000,3.165577,1.782747
guiding,130,12,-1.403996,0.320000,0.400000,1.927071,0.489726
guiding,130,13,-1.703996,0.320000,0.400000,2.155458,0.701858
guiding,130,14,-2.003997,0.320000,0.400000,2.399668,0.937074
guiding,130,15,-2.304002,0.320000,0.400000,2.655339,1.201495
guiding,130,16,-2.604006,0.320000,0.400000,2.919460,1.479553
guiding,130,17,-2.904011,0.320000,0.400000,3.189934,1.764814
guiding,130,18,-1.403996,0.380000,0.400000,1.968655,0.447300
guiding,130,19,-1.703996,0.380000,0.400000,2.192715,0.660469
guiding,130,20,-2.003997,0.380000,0.400000,2.433188,0.906473
guiding,130,21,-2.304002,0.380000,0.400000,2.685670,1.177784
guiding,130,22,-2.604006,0.380000,0.400000,2.947074,1.460364
guiding,130,23,-2.904011,0.380000,0.400000,3.215226,1.748758
guiding,140,0,-1.243995,0.200000,0.400000,1.728446,0.461442
guiding,140,1,-1.543995,0.200000,0.400000,1.955485,0.673574
guiding,140,2,-1.843997,0.200000,0.400000,2.200074,0.885750
guiding,140,3,-2.144001,0.200000,0.400000,2.456978,1.119836
guiding,140,4,-2.444005,0.200000,0.400000,2.722713,1.379680
guiding,140,5,-2.744010,0.200000,0.400000,2.994928,1.653182
guiding,140,6,-1.243995,0.260000,0.400000,1.770628,0.419015
guiding,140,7,-1.543995,0.260000,0.400000,1.992868,0.631147
guiding,140,8,-1.843997,0.260000,0.400000,2.233366,0.844830
guiding,140,9,-2.144001,0.260000,0.400000,2.486834,1.087758
guiding,140,10,-2.444005,0.260000,0.400000,2.749684,1.353774
guiding,140,11,-2.744010,0.260000,0.400000,3.019469,1.631623
guiding,140,12,-1.243995,0.320000,0.400000,1.813815,0.376589
guiding,140,13,-1.543995,0.320000,0.400000,2.031335,0.588721
guiding,140,14,-1.843997,0.320000,0.400000,2.267757,0.806302
guiding,140,15,-2.144001,0.320000,0.400000,2.517765,1.058113
guiding,140,16,-2.444005,0.320000,0.400000,2.777690,1.330071
guiding,140,17,-2.744010,0.320000,0.400000,3.044995,1.612011
guiding,140,18,-1.243995,0.380000,0.400000,1.857936,0.334163
guiding,140,19,-1.543995,0.380000,0.400000,2.070826,0.546295
guiding,140,20,-1.843997,0.380000,0.400000,2.303199,0.770524
guiding,140,21,-2.144001,0.380000,0.400000,2.549734,1.031110
guiding,140,22,-2.444005,0.380000,0.400000,2.806700,1.308691
guiding,140,23,-2.744010,0.380000,0.400000,3.071481,1.594417
guiding,150,0,-1.083995,0.200000,0.400000,1.617110,0.348304
guiding,150,1,-1.383995,0.200000,0.400000,1.831787,0.560436
guiding,150,2,-1.683996,0.200000,0.400000,2.067811,0.772569
guiding,150,3,-1.984001,0.200000,0.400000,2.318676,0.990579
guiding,150,4,-2.284005,0.200000,0.400000,2.580054,1.238842
guiding,150,5,-2.584010,0.200000,0.400000,2.849054,1.506061
guiding,150,6,-1.083995,0.260000,0.400000,1.662121,0.305878
guiding,150,7,-1.383995,0.260000,0.400000,1.871642,0.518010
guiding,150,8,-1.683996,0.260000,0.400000,2.103199,0.730143
guiding,150,9,-1.984001,0.260000,0.400000,2.350289,0.954165
guiding,150,10,-2.284005,0.260000,0.400000,2.608501,1.209923
guiding,150,11,-2.584010,0.260000,0.400000,2.874840,1.482365
guiding,150,12,-1.083995,0.320000,0.400000,1.708053,0.263452
guiding,150,13,-1.383995,0.320000,0.400000,1.912549,0.475584
guiding,150,14,-1.683996,0.320000,0.400000,2.139683,0.687717
guiding,150,15,-1.984001,0.320000,0.400000,2.382994,0.920226
guiding,150,16,-2.284005,0.320000,0.400000,2.638007,1.183342
guiding,150,17,-2.584010,0.320000,0.400000,2.901639,1.460750
guiding,150,18,-1.083995,0.380000,0.400000,1.754835,0.221025
guiding,150,19,-1.383995,0.380000,0.400000,1.954442,0.433157
guiding,150,20,-1.683996,0.380000,0.400000,2.177210,0.645695
guiding,150,21,-1.984001,0.380000,0.400000,2.416746,0.889045
guiding,150,22,-2.284005,0.380000,0.400000,2.668535,1.159260
guiding,150,23,-2.584010,0.380000,0.400000,2.929421,1.441310
guiding,160,0,-0.923995,0.200000,0.400000,1.514519,0.235167
guiding,160,1,-1.223995,0.200000,0.400000,1.714107,0.447299
guiding,160,2,-1.523996,0.200000,0.400000,1.939733,0.659432
guiding,160,3,-1.824001,0.200000,0.400000,2.183341,0.871567
guiding,160,4,-2.124005,0.200000,0.400000,2.439548,1.103241
guiding,160,5,-2.424010,0.200000,0.400000,2.704778,1.361848
guiding,160,6,-0.929199,0.254796,0.400000,1.561385,0.200100
guiding,160,7,-1.223995,0.260000,0.400000,1.756634,0.404873
guiding,160,8,-1.523996,0.260000,0.400000,1.977414,0.617006
guiding,160,9,-1.824001,0.260000,0.400000,2.216885,0.829966
guiding,160,10,-2.124005,0.260000,0.400000,2.469615,1.070666
guiding,160,11,-2.424010,0.260000,0.400000,2.731926,1.335595
guiding,160,12,-0.959199,0.284796,0.400000,1.603360,0.200100
guiding,160,13,-1.223995,0.320000,0.400000,1.800156,0.362446
guiding,160,14,-1.523996,0.320000,0.400000,2.016176,0.574579
guiding,160,15,-1.824001,0.320000,0.400000,2.251528,0.790714
guiding,160,16,-2.124005,0.320000,0.400000,2.500759,1.040534
guiding,160,17,-2.424010,0.320000,0.400000,2.760113,1.311564
guiding,160,18,-0.989199,0.314796,0.400000,1.645358,0.200100
guiding,160,19,-1.223995,0.380000,0.400000,1.844604,0.320020
guiding,160,20,-1.523996,0.380000,0.400000,2.055958,0.532153
guiding,160,21,-1.824001,0.380000,0.400000,2.287221,0.754198
guiding,160,22,-2.124005,0.380000,0.400000,2.532942,1.013063
guiding,160,23,-2.424010,0.380000,0.400000,2.789305,1.289878
guiding,170,0,-0.819199,0.144796,0.400000,1.407709,0.200100
guiding,170,1,-1.063994,0.200000,0.400000,1.603772,0.334162
guiding,170,2,-1.363996,0.200000,0.400000,1.816724,0.546295
guiding,170,3,-1.664001,0.200000,0.400000,2.051560,0.758430
guiding,170,4,-1.964005,0.200000,0.400000,2.301589,0.975066
guiding,170,5,-2.264009,0.200000,0.400000,2.562370,1.221573
guiding,170,6,-0.849199,0.174796,0.400000,1.449581,0.200100
guiding,170,7,-1.063994,0.260000,0.400000,1.649146,0.291735
guiding,170,8,-1.363996,0.260000,0.400000,1.856902,0.503868
guiding,170,9,-1.664001,0.260000,0.400000,2.087223,0.716004
guiding,170,10,-1.964005,0.260000,0.400000,2.333434,0.938050
guiding,170,11,-2.264009,0.260000,0.400000,2.591011,1.192235
guiding,170,12,-0.879198,0.204796,0.400000,1.491484,0.200100
guiding,170,13,-1.063994,0.320000,0.400000,1.695430,0.249309
guiding,170,14,-1.363996,0.320000,0.400000,1.898126,0.461442
guiding,170,15,-1.664001,0.320000,0.400000,2.123981,0.673577
guiding,170,16,-1.964005,0.320000,0.400000,2.366371,0.903506
guiding,170,17,-2.264009,0.320000,0.400000,2.620713,1.165251
guiding,170,18,-0.909199,0.234797,0.400000,1.533416,0.200100
guiding,170,19,-1.063994,0.380000,0.400000,1.742551,0.206883
guiding,170,20,-1.363996,0.380000,0.400000,1.940331,0.419016
guiding,170,21,-1.664001,0.380000,0.400000,2.161781,0.631211
guiding,170,22,-1.964005,0.380000,0.400000,2.400357,0.871727
guiding,170,23,-2.264009,0.380000,0.400000,2.651441,1.140787
guiding,180,0,-0.739199,0.064796,0.400000,1.296228,0.200100
guiding,180,1,-0.903995,0.200000,0.400000,1.502400,0.221025
guiding,180,2,-1.203995,0.200000,0.400000,1.699884,0.433157
guiding,180,3,-1.504000,0.200000,0.400000,1.924062,0.645293
guiding,180,4,-1.804004,0.200000,0.400000,2.166664,0.857428
guiding,180,5,-2.104009,0.200000,0.400000,2.422159,1.086761
guiding,180,6,-0.769198,0.094796,0.400000,1.338000,0.200100
guiding,180,7,-0.919198,0.244796,0.400000,1.547399,0.200100
guiding,180,8,-1.203995,0.260000,0.400000,1.742758,0.390731
guiding,180,9,-1.504000,0.260000,0.400000,1.962044,0.602866
guiding,180,10,-1.804004,0.260000,0.400000,2.200462,0.815322
guiding,180,11,-2.104009,0.260000,0.400000,2.452438,1.053677
guiding,180,12,-0.799198,0.124796,0.400000,1.379813,0.200100
guiding,180,13,-0.949198,0.274796,0.400000,1.589365,0.200100
guiding,180,14,-1.203995,0.320000,0.400000,1.786618,0.348305
guiding,180,15,-1.504000,0.320000,0.400000,2.001104,0.560440
guiding,180,16,-1.804004,0.320000,0.400000,2.235359,0.775329
guiding,180,17,-2.104009,0.320000,0.400000,2.483798,1.023044
guiding,180,18,-0.829198,0.154797,0.400000,1.421663,0.200100
guiding,180,19,-0.979198,0.304796,0.400000,1.631356,0.200100
guiding,180,20,-1.203995,0.380000,0.400000,1.831394,0.305878
guiding,180,21,-1.504000,0.380000,0.400000,2.041180,0.518014
guiding,180,22,-1.804004,0.380000,0.400000,2.271306,0.738051
guiding,180,23,-2.104009,0.380000,0.400000,2.516198,0.995090
guiding,190,0,-0.659198,-0.015204,0.400000,1.185060,0.200100
guiding,190,1,-0.809198,0.134796,0.400000,1.393759,0.200100
guiding,190,2,-1.043995,0.200000,0.400000,1.590574,0.320020
guiding,190,3,-1.344000,0.200000,0.400000,1.801759,0.532156
guiding,190,4,-1.644004,0.200000,0.400000,2.035374,0.744290
guiding,190,5,-1.944009,0.200000,0.400000,2.284550,0.959719
guiding,190,6,-0.689198,0.014796,0.400000,1.226705,0.200100
guiding,190,7,-0.839198,0.164796,0.400000,1.435619,0.200100
guiding,190,8,-1.043995,0.260000,0.400000,1.636315,0.277594
guiding,190,9,-1.344000,0.260000,0.400000,1.842264,0.489729
guiding,190,10,-1.644004,0.260000,0.400000,2.071316,0.701864
guiding,190,11,-1.944009,0.260000,0.400000,2.316629,0.922088
guiding,190,12,-0.719198,0.044796,0.400000,1.268403,0.200100
guiding,190,13,-0.869198,0.194796,0.400000,1.477512,0.200100
guiding,190,14,-1.043995,0.320000,0.400000,1.682951,0.235167
guiding,190,15,-1.344000,0.320000,0.400000,1.883809,0.447303
guiding,190,16,-1.644004,0.320000,0.400000,2.108352,0.659438
guiding,190,17,-1.944009,0.320000,0.400000,2.349802,0.886922
guiding,190,18,-0.749198,0.074797,0.400000,1.310147,0.200100
guiding,190,19,-0.899198,0.224796,0.400000,1.519435,0.200100
guiding,190,20,-1.049199,0.374796,0.400000,1.729417,0.200100
guiding,190,21,-1.344000,0.380000,0.400000,1.926327,0.404876
guiding,190,22,-1.644004,0.380000,0.400000,2.146427,0.617011
guiding,190,23,-1.944009,0.380000,0.400000,2.384024,0.854526
guiding,200,0,-0.579198,-0.095204,0.400000,1.074303,0.200100
guiding,200,1,-0.729198,0.054796,0.400000,1.282312,0.200100
guiding,200,2,-0.883995,0.200000,0.400000,1.490452,0.206883
guiding,200,3,-1.184000,0.200000,0.400000,1.685780,0.419018
guiding,200,4,-1.484004,0.200000,0.400000,1.908472,0.631153
guiding,200,5,-1.784008,0.200000,0.400000,2.150043,0.843288
guiding,200,6,-0.609198,-0.065204,0.400000,1.115781,0.200100
guiding,200,7,-0.759198,0.084796,0.400000,1.324071,0.200100
guiding,200,8,-0.909199,0.234796,0.400000,1.533416,0.200100
guiding,200,9,-1.184000,0.260000,0.400000,1.729004,0.376592
guiding,200,10,-1.484004,0.260000,0.400000,1.946758,0.588727
guiding,200,11,-1.784008,0.260000,0.400000,2.184098,0.800910
guiding,200,12,-0.639198,-0.035204,0.400000,1.157327,0.200099
guiding,200,13,-0.789198,0.114796,0.400000,1.365871,0.200100
guiding,200,14,-0.939199,0.264796,0.400000,1.575374,0.200100
guiding,200,15,-1.184000,0.320000,0.400000,1.773205,0.334165
guiding,200,16,-1.484004,0.320000,0.400000,1.986118,0.546300
guiding,200,17,-1.784008,0.320000,0.400000,2.219253,0.760159
guiding,200,18,-0.669198,-0.005203,0.400000,1.198935,0.200099
guiding,200,19,-0.819198,0.144796,0.400000,1.407709,0.200100
guiding,200,20,-0.969199,0.294797,0.400000,1.617357,0.200100
guiding,200,21,-1.184000,0.380000,0.400000,1.818311,0.291739
guiding,200,22,-1.484004,0.380000,0.400000,2.026491,0.503874
guiding,200,23,-1.784008,0.380000,0.400000,2.255457,0.722098
guiding,210,0,-0.499198,-0.175204,0.400000,0.964100,0.200099
guiding,210,1,-0.649198,-0.025204,0.400000,1.171190,0.200100
guiding,210,2,-0.799199,0.124796,0.400000,1.379814,0.200100
guiding,210,3,-1.023999,0.200000,0.400000,1.577522,0.305881
guiding,210,4,-1.324003,0.200000,0.400000,1.786892,0.518016
guiding,210,5,-1.624008,0.200000,0.400000,2.019258,0.730151
guiding,210,6,-0.529198,-0.145204,0.400000,1.005349,0.200099
guiding,210,7,-0.679198,0.004796,0.400000,1.212817,0.200100
guiding,210,8,-0.829199,0.154796,0.400000,1.421663,0.200100
guiding,210,9,-1.023999,0.260000,0.400000,1.623630,0.263455
guiding,210,10,-1.324003,0.260000,0.400000,1.827727,0.475589
guiding,210,11,-1.624008,0.260000,0.400000,2.055481,0.687725
guiding,210,12,-0.559198,-0.115204,0.400000,1.046693,0.200099
guiding,210,13,-0.709198,0.034796,0.400000,1.254498,0.200100
guiding,210,14,-0.859199,0.184796,0.400000,1.463545,0.200100
guiding,210,15,-1.023999,0.320000,0.400000,1.670621,0.221028
guiding,210,16,-1.324003,0.320000,0.400000,1.869595,0.433163
guiding,210,17,-1.624008,0.320000,0.400000,2.092798,0.645298
guiding,210,18,-0.589198,-0.085203,0.400000,1.088121,0.200099
guiding,210,19,-0.739198,0.064796,0.400000,1.296227,0.200100
guiding,210,20,-0.889199,0.214797,0.400000,1.505458,0.200100
guiding,210,21,-1.039201,0.364798,0.400000,1.715405,0.200100
guiding,210,22,-1.324003,0.380000,0.400000,1.912429,0.390737
guiding,210,23,-1.624008,0.380000,0.400000,2.131150,0.602872
guiding,220,0,-0.419198,-0.255204,0.400000,0.854663,0.200100
guiding,220,1,-0.569198,-0.105204,0.400000,1.060493,0.200100
guiding,220,2,-0.719199,0.044796,0.400000,1.268403,0.200100
guiding,220,3,-0.869201,0.194799,0.400000,1.477516,0.200100
guiding,220,4,-1.164003,0.200000,0.400000,1.671796,0.404878
guiding,220,5,-1.464008,0.200000,0.400000,1.892965,0.617014
guiding,220,6,-0.449198,-0.225204,0.400000,0.895594,0.200100
guiding,220,7,-0.599198,-0.075204,0.400000,1.101946,0.200100
guiding,220,8,-0.749198,0.074796,0.400000,1.310147,0.200100
guiding,220,9,-0.899201,0.224798,0.400000,1.519439,0.200100
guiding,220,10,-1.164003,0.260000,0.400000,1.715372,0.362452
guiding,220,11,-1.464008,0.260000,0.400000,1.931558,0.574587
guiding,220,12,-0.479198,-0.195204,0.400000,0.936658,0.200099
guiding,220,13,-0.629198,-0.045204,0.400000,1.143471,0.200099
guiding,220,14,-0.779198,0.104796,0.400000,1.351934,0.200100
guiding,220,15,-0.929201,0.254798,0.400000,1.561388,0.200100
guiding,220,16,-1.164003,0.320000,0.400000,1.759915,0.320026
guiding,220,17,-1.464008,0.320000,0.400000,1.971223,0.532161
guiding,220,18,-0.509198,-0.165203,0.400000,0.977838,0.200099
guiding,220,19,-0.659198,-0.015204,0.400000,1.185059,0.200099
guiding,220,20,-0.809198,0.134797,0.400000,1.393759,0.200100
guiding,220,21,-0.959201,0.284799,0.400000,1.603363,0.200100
guiding,220,22,-1.164003,0.380000,0.400000,1.805354,0.277599
guiding,220,23,-1.464008,0.380000,0.400000,2.011894,0.489735
guiding,230,0,-0.339198,-0.335203,0.340000,0.746331,0.200100
guiding,230,1,-0.489198,-0.185204,0.400000,0.950372,0.200099
guiding,230,2,-0.639198,-0.035203,0.400000,1.157328,0.200100
guiding,230,3,-0.789201,0.114799,0.400000,1.365875,0.200100
guiding,230,4,-1.004003,0.200000,0.400000,1.564615,0.291741
guiding,230,5,-1.304007,0.200000,0.400000,1.772127,0.503877
guiding,230,6,-0.369198,-0.305204,0.400000,0.786797,0.200100
guiding,230,7,-0.519198,-0.155204,0.400000,0.991588,0.200099
guiding,230,8,-0.669198,-0.005204,0.400000,1.198936,0.200100
guiding,230,9,-0.819201,0.144798,0.400000,1.407712,0.200100
guiding,230,10,-1.004003,0.260000,0.400000,1.611093,0.249315
guiding,230,11,-1.304007,0.260000,0.400000,1.813294,0.461450
guiding,230,12,-0.399198,-0.275204,0.400000,0.827459,0.200099
guiding,230,13,-0.549198,-0.125204,0.400000,1.032902,0.200099
guiding,230,14,-0.699198,0.024796,0.400000,1.240599,0.200100
guiding,230,15,-0.849201,0.174798,0.400000,1.449584,0.200100
guiding,230,16,-1.004003,0.320000,0.400000,1.658439,0.206888
guiding,230,17,-1.304007,0.320000,0.400000,1.855488,0.419024
guiding,230,18,-0.429198,-0.245203,0.400000,0.868291,0.200099
guiding,230,19,-0.579198,-0.095204,0.400000,1.074303,0.200099
guiding,230,20,-0.729198,0.054797,0.400000,1.282313,0.200099
guiding,230,21,-0.879201,0.204799,0.400000,1.491487,0.200100
guiding,230,22,-1.029203,0.354800,0.400000,1.701394,0.200100
guiding,230,23,-1.304007,0.380000,0.400000,1.898640,0.376597
guiding,240,0,-0.259199,-0.415203,0.040000,0.639665,0.200100
guiding,240,1,-0.409198,-0.265204,0.400000,0.841052,0.200100
guiding,240,2,-0.559198,-0.115203,0.400000,1.046694,0.200100
guiding,240,3,-0.709201,0.034799,0.400000,1.254501,0.200100
guiding,240,4,-0.859203,0.184800,0.400000,1.463551,0.200100
guiding,240,5,-1.144007,0.200000,0.400000,1.657936,0.390739
guiding,240,6,-0.289198,-0.385204,0.400000,0.679419,0.200100
guiding,240,7,-0.439198,-0.235204,0.400000,0.881934,0.200099
guiding,240,8,-0.589198,-0.085204,0.400000,1.088121,0.200100
guiding,240,9,-0.739201,0.064798,0.400000,1.296230,0.200100
guiding,240,10,-0.889203,0.214800,0.400000,1.505463,0.200100
guiding,240,11,-1.144007,0.260000,0.400000,1.701867,0.348313
guiding,240,12,-0.319198,-0.355203,0.400000,0.719479,0.200099
guiding,240,13,-0.469198,-0.205204,0.400000,0.922956,0.200099
guiding,240,14,-0.619198,-0.055204,0.400000,1.129622,0.200099
guiding,240,15,-0.769200,0.094798,0.400000,1.338003,0.200100
guiding,240,16,-0.919202,0.244800,0.400000,1.547404,0.200100
guiding,240,17,-1.144007,0.320000,0.400000,1.746755,0.305886
guiding,240,18,-0.349198,-0.325203,0.400000,0.759796,0.200099
guiding,240,19,-0.499197,-0.175204,0.400000,0.964099,0.200099
guiding,240,20,-0.649198,-0.025203,0.400000,1.171190,0.200099
guiding,240,21,-0.799200,0.124799,0.400000,1.379816,0.200100
guiding,240,22,-0.949202,0.274800,0.400000,1.589371,0.200100
guiding,240,23,-1.144007,0.380000,0.400000,1.792527,0.263460
guiding,250,1,-0.329198,-0.345204,0.310000,0.732891,0.200100
guiding,250,2,-0.479198,-0.195204,0.400000,0.936658,0.200099
guiding,250,3,-0.629200,-0.045201,0.400000,1.143474,0.200100
guiding,250,4,-0.779202,0.104800,0.400000,1.351939,0.200100
guiding,250,5,-0.984007,0.200000,0.400000,1.551860,0.277602
guiding,250,6,-0.198432,-0.462162,0.230000,0.573276,0.200520
guiding,250,7,-0.359198,-0.315204,0.400000,0.773285,0.200100
guiding,250,8,-0.509198,-0.165204,0.400000,0.977838,0.200099
guiding,250,9,-0.659200,-0.015202,0.400000,1.185063,0.200100
guiding,250,10,-0.809202,0.134800,0.400000,1.393764,0.200100
guiding,250,11,-0.984007,0.260000,0.400000,1.598709,0.235176
guiding,250,12,-0.238887,-0.435197,0.400000,0.613245,0.200469
guiding,250,13,-0.389198,-0.285204,0.400000,0.813885,0.200099
guiding,250,14,-0.539198,-0.135204,0.400000,1.019121,0.200099
guiding,250,15,-0.689200,0.014798,0.400000,1.226708,0.200100
guiding,250,16,-0.839202,0.164800,0.400000,1.435625,0.200100
guiding,250,17,-0.989205,0.314802,0.400000,1.645366,0.200100
guiding,250,18,-0.269198,-0.405203,0.400000,0.652879,0.200099
guiding,250,19,-0.419198,-0.255204,0.400000,0.854663,0.200099
guiding,250,20,-0.569198,-0.105203,0.400000,1.060494,0.200099
guiding,250,21,-0.719200,0.044799,0.400000,1.268406,0.200099
guiding,250,22,-0.869202,0.194800,0.400000,1.477518,0.200100
guiding,250,23,-1.019205,0.344802,0.400000,1.687386,0.200100
guiding,260,1,-0.249198,-0.425204,0.010000,0.626491,0.200102
guiding,260,2,-0.399198,-0.275203,0.400000,0.827460,0.200100
guiding,260,3,-0.549200,-0.125201,0.400000,1.032905,0.200100
guiding,260,4,-0.699202,0.024800,0.400000,1.240604,0.200100
guiding,260,5,-0.849205,0.174802,0.400000,1.449589,0.200100
guiding,260,6,-0.045952,-0.483260,0.230000,0.518779,0.209825
guiding,260,7,-0.279198,-0.395204,0.400000,0.666131,0.200100
guiding,260,8,-0.429198,-0.245204,0.400000,0.868291,0.200100
guiding,260,9,-0.579200,-0.095201,0.400000,1.074306,0.200100
guiding,260,10,-0.729202,0.054800,0.400000,1.282318,0.200100
guiding,260,11,-0.879205,0.204802,0.400000,1.491492,0.200100
guiding,260,12,-0.105889,-0.482971,0.400000,0.527761,0.200026
guiding,260,13,-0.309198,-0.365204,0.400000,0.706095,0.200099
guiding,260,14,-0.459198,-0.215204,0.400000,0.909268,0.200099
guiding,260,15,-0.609200,-0.065201,0.400000,1.115783,0.200099
guiding,260,16,-0.759202,0.084800,0.400000,1.324077,0.200100
guiding,260,17,-0.909204,0.234802,0.400000,1.533424,0.200100
guiding,260,18,-0.164220,-0.475611,0.400000,0.549502,0.200558
guiding,260,19,-0.339198,-0.335204,0.400000,0.746331,0.200099
guiding,260,20,-0.489198,-0.185203,0.400000,0.950373,0.200099
guiding,260,21,-0.639200,-0.035201,0.400000,1.157330,0.200099
guiding,260,22,-0.789202,0.114800,0.400000,1.365877,0.200100
guiding,260,23,-0.939205,0.264802,0.400000,1.575382,0.200100
guiding,270,2,-0.319198,-0.355203,0.280000,0.719479,0.200100
guiding,270,3,-0.469200,-0.205201,0.400000,0.922959,0.200099
guiding,270,4,-0.619202,-0.055200,0.400000,1.129628,0.200100
guiding,270,5,-0.769204,0.094802,0.400000,1.338009,0.200100
guiding,270,6,0.114048,-0.483260,0.060000,0.529176,0.299379
guiding,270,7,-0.181958,-0.469552,0.400000,0.560788,0.200545
guiding,270,8,-0.349198,-0.325203,0.400000,0.759796,0.200100
guiding,270,9,-0.499200,-0.175202,0.400000,0.964102,0.200099
guiding,270,10,-0.649202,-0.025200,0.400000,1.171195,0.200100
guiding,270,11,-0.799204,0.124802,0.400000,1.379822,0.200100
guiding,270,12,0.054111,-0.482971,0.400000,0.519853,0.257744
guiding,270,13,-0.226854,-0.444707,0.400000,0.599844,0.200448
guiding,270,14,-0.379198,-0.295203,0.400000,0.800331,0.200099
guiding,270,15,-0.529200,-0.145202,0.400000,1.005352,0.200099
guiding,270,16,-0.679202,0.004800,0.400000,1.212823,0.200100
guiding,270,17,-0.829204,0.154802,0.400000,1.421671,0.200100
guiding,270,18,-0.005884,-0.483166,0.400000,0.516868,0.224951
guiding,270,19,-0.259198,-0.415204,0.400000,0.639664,0.200099
guiding,270,20,-0.409198,-0.265203,0.400000,0.841052,0.200099
guiding,270,21,-0.559200,-0.115201,0.400000,1.046696,0.200099
guiding,270,22,-0.709202,0.034800,0.400000,1.254503,0.200099
guiding,270,23,-0.859204,0.184802,0.400000,1.463553,0.200100
guiding,280,3,-0.389200,-0.285201,0.400000,0.813888,0.200100
guiding,280,4,-0.539202,-0.135200,0.400000,1.019126,0.200100
guiding,280,5,-0.689204,0.014802,0.400000,1.226714,0.200100
guiding,280,6,0.274048,-0.483260,0.040000,0.584912,0.431774
guiding,280,7,-0.025888,-0.482971,0.400000,0.517677,0.216382
guiding,280,8,-0.269198,-0.405203,0.400000,0.652879,0.200100
guiding,280,9,-0.419200,-0.255202,0.400000,0.854666,0.200100
guiding,280,10,-0.569202,-0.105200,0.400000,1.060499,0.200100
guiding,280,11,-0.719204,0.044802,0.400000,1.268411,0.200100
guiding,280,12,0.214111,-0.482971,0.400000,0.559609,0.379544
guiding,280,13,-0.085883,-0.483166,0.400000,0.523922,0.201473
guiding,280,14,-0.299198,-0.375203,0.400000,0.692741,0.200099
guiding,280,15,-0.449200,-0.225202,0.400000,0.895597,0.200099
guiding,280,16,-0.599202,-0.075200,0.400000,1.101952,0.200099
guiding,280,17,-0.749204,0.074802,0.400000,1.310155,0.200100
guiding,280,18,0.154116,-0.483166,0.400000,0.539323,0.330191
guiding,280,19,-0.145470,-0.480063,0.400000,0.539904,0.200546
guiding,280,20,-0.329198,-0.345203,0.400000,0.732892,0.200099
guiding,280,21,-0.479200,-0.195201,0.400000,0.936661,0.200099
guiding,280,22,-0.629202,-0.045200,0.400000,1.143476,0.200099
guiding,280,23,-0.779204,0.104802,0.400000,1.351942,0.200100
guiding,290,3,-0.309201,-0.365201,0.250000,0.706098,0.200100
guiding,290,4,-0.459202,-0.215200,0.400000,0.909273,0.200100
guiding,290,5,-0.609204,-0.065198,0.400000,1.115789,0.200100
guiding,290,7,0.134112,-0.482971,0.290001,0.534140,0.314393
guiding,290,8,-0.164220,-0.475611,0.400000,0.549502,0.200558
guiding,290,9,-0.339200,-0.335201,0.400000,0.746334,0.200100
guiding,290,10,-0.489202,-0.185200,0.400000,0.950378,0.200099
guiding,290,11,-0.639204,-0.035198,0.400000,1.157335,0.200100
guiding,290,12,0.374111,-0.482971,0.400000,0.638184,0.522375
guiding,290,13,0.074117,-0.483166,0.400000,0.522122,0.270951
guiding,290,14,-0.213403,-0.453786,0.400000,0.586421,0.200486
guiding,290,15,-0.369200,-0.305201,0.400000,0.786800,0.200099
guiding,290,16,-0.519202,-0.155200,0.400000,0.991594,0.200099
guiding,290,17,-0.669204,-0.005198,0.400000,1.198943,0.200100
guiding,290,18,0.314116,-0.483166,0.400000,0.604803,0.467599
guiding,290,19,0.014065,-0.483265,0.400000,0.516926,0.234805
guiding,290,20,-0.249198,-0.425203,0.400000,0.626491,0.200102
guiding,290,21,-0.399200,-0.275201,0.400000,0.827462,0.200099
guiding,290,22,-0.549202,-0.125200,0.400000,1.032908,0.200099
guiding,290,23,-0.699204,0.024802,0.400000,1.240607,0.200099
guiding,300,4,-0.379202,-0.295200,0.400000,0.800336,0.200100
guiding,300,5,-0.529204,-0.145198,0.400000,1.005358,0.200100
guiding,300,7,0.294112,-0.482971,0.240001,0.594828,0.449516
guiding,300,8,-0.005884,-0.483166,0.400000,0.516868,0.224951
guiding,300,9,-0.259200,-0.415201,0.400000,0.639668,0.200100
guiding,300,10,-0.409202,-0.265200,0.400000,0.841057,0.200100
guiding,300,11,-0.559204,-0.115198,0.400000,1.046701,0.200100
guiding,300,12,0.534111,-0.482971,0.400000,0.743367,0.672976
guiding,300,13,0.234117,-0.483166,0.400000,0.567387,0.396785
guiding,300,14,-0.065935,-0.483265,0.400000,0.520924,0.204767
guiding,300,15,-0.289200,-0.385201,0.400000,0.679422,0.200099
guiding,300,16,-0.439202,-0.235200,0.400000,0.881940,0.200099
guiding,300,17,-0.589204,-0.085198,0.400000,1.088129,0.200099
guiding,300,18,0.474116,-0.483166,0.400000,0.701358,0.616013
guiding,300,19,0.174065,-0.483265,0.400000,0.545265,0.346324
guiding,300,20,-0.125922,-0.482685,0.400000,0.532421,0.200485
guiding,300,21,-0.319200,-0.355201,0.400000,0.719482,0.200099
guiding,300,22,-0.469202,-0.205200,0.400000,0.922961,0.200099
guiding,300,23,-0.619204,-0.055198,0.400000,1.129630,0.200099
guiding,310,4,-0.299202,-0.375200,0.190000,0.692746,0.200100
guiding,310,5,-0.449204,-0.225198,0.400000,0.895602,0.200100
guiding,310,7,0.454112,-0.482971,0.150001,0.688140,0.597065
guiding,310,8,0.154116,-0.483166,0.400000,0.539323,0.330191
guiding,310,9,-0.145475,-0.480062,0.400000,0.539906,0.200546
guiding,310,10,-0.329202,-0.345200,0.400000,0.732897,0.200100
guiding,310,11,-0.479204,-0.195198,0.400000,0.936666,0.200099
guiding,310,12,0.694111,-0.482971,0.400000,0.865511,0.827114
guiding,310,13,0.394117,-0.483166,0.400000,0.649958,0.540982
guiding,310,14,0.094065,-0.483265,0.400000,0.525227,0.284845
guiding,310,15,-0.198435,-0.462160,0.400000,0.573279,0.200520
guiding,310,16,-0.359202,-0.315200,0.400000,0.773290,0.200099
guiding,310,17,-0.509204,-0.165198,0.400000,0.977846,0.200099
guiding,310,18,0.634116,-0.483166,0.400000,0.818059,0.769087
guiding,310,19,0.334065,-0.483265,0.400000,0.615317,0.485744
guiding,310,20,0.034048,-0.483260,0.400000,0.517860,0.245819
guiding,310,21,-0.238890,-0.435195,0.400000,0.613248,0.200469
guiding,310,22,-0.389202,-0.285200,0.400000,0.813891,0.200099
guiding,310,23,-0.539204,-0.135198,0.400000,1.019129,0.200099
guiding,320,5,-0.369204,-0.305198,0.400000,0.786805,0.200100
guiding,320,7,0.614111,-0.482971,0.100001,0.802778,0.749739
guiding,320,8,0.314116,-0.483166,0.340000,0.604803,0.467599
guiding,320,9,0.014061,-0.483265,0.400000,0.516926,0.234802
guiding,320,10,-0.249202,-0.425200,0.400000,0.626496,0.200102
guiding,320,11,-0.399204,-0.275198,0.400000,0.827467,0.200100
guiding,320,12,0.854110,-0.482971,0.400000,0.998411,0.983127
guiding,320,13,0.554116,-0.483166,0.400000,0.757735,0.692160
guiding,320,14,0.254065,-0.483265,0.400000,0.575816,0.414178
guiding,320,15,-0.045956,-0.483260,0.400000,0.518779,0.209823
guiding,320,16,-0.279202,-0.395200,0.400000,0.666136,0.200099
guiding,320,17,-0.429204,-0.245198,0.400000,0.868299,0.200099
guiding,320,18,0.794115,-0.483166,0.400000,0.947490,0.924510
guiding,320,19,0.494065,-0.483265,0.400000,0.714923,0.634944
guiding,320,20,0.194047,-0.483260,0.400000,0.551973,0.362806
guiding,320,21,-0.105893,-0.482971,0.400000,0.527762,0.200026
guiding,320,22,-0.309202,-0.365199,0.400000,0.706100,0.200099
guiding,320,23,-0.459204,-0.215198,0.400000,0.909276,0.200099
guiding,330,5,-0.289204,-0.385198,0.160000,0.679427,0.200100
guiding,330,7,0.774111,-0.482971,0.100001,0.930896,0.904947
guiding,330,8,0.474116,-0.483166,0.280000,0.701358,0.616013
guiding,330,9,0.174061,-0.483265,0.400000,0.545263,0.346320
guiding,330,10,-0.125930,-0.482684,0.400000,0.532423,0.200485
guiding,330,11,-0.319204,-0.355198,0.400000,0.719487,0.200100
guiding,330,12,1.014110,-0.482971,0.400000,1.138305,1.140246
guiding,330,13,0.714116,-0.483166,0.400000,0.881521,0.846586
guiding,330,14,0.414065,-0.483265,0.400000,0.662166,0.559598
guiding,330,15,0.114044,-0.483260,0.400000,0.529175,0.299376
guiding,330,16,-0.181965,-0.469549,0.400000,0.560793,0.200545
guiding,330,17,-0.349204,-0.325198,0.400000,0.759804,0.200099
guiding,330,18,0.954115,-0.483166,0.400000,1.085105,1.081268
guiding,330,19,0.654065,-0.483265,0.400000,0.833556,0.788392
guiding,330,20,0.354047,-0.483260,0.400000,0.626394,0.504014
guiding,330,21,0.054107,-0.482971,0.400000,0.519853,0.257741
guiding,330,22,-0.226859,-0.444703,0.400000,0.599850,0.200448
guiding,330,23,-0.379204,-0.295198,0.400000,0.800339,0.200099
guiding,340,7,0.934111,-0.482971,0.100001,1.067653,1.061579
guiding,340,8,0.634115,-0.483166,0.230000,0.818059,0.769087
guiding,340,9,0.334061,-0.483265,0.310000,0.615314,0.485740
guiding,340,10,0.034040,-0.483260,0.400000,0.517860,0.245815
guiding,340,11,-0.238894,-0.435191,0.400000,0.613253,0.200469
guiding,340,12,1.174111,-0.482971,0.400000,1.282909,1.298069
guiding,340,13,0.874116,-0.483166,0.400000,1.015478,1.002761
guiding,340,14,0.574065,-0.483265,0.400000,0.772376,0.711307
guiding,340,15,0.274043,-0.483260,0.400000,0.584910,0.431771
guiding,340,16,-0.025897,-0.482970,0.400000,0.517678,0.216379
guiding,340,17,-0.269204,-0.405197,0.400000,0.652887,0.200099
guiding,340,18,1.114115,-0.483166,0.400000,1.228157,1.238856
guiding,340,19,0.814065,-0.483265,0.400000,0.964218,0.944017
guiding,340,20,0.514047,-0.483260,0.400000,0.728879,0.653935
guiding,340,21,0.214107,-0.482971,0.400000,0.559608,0.379540
guiding,340,22,-0.085892,-0.483165,0.400000,0.523923,0.201471
guiding,340,23,-0.299204,-0.375197,0.400000,0.692749,0.200099
guiding,350,7,1.094111,-0.482971,0.100001,1.210123,1.219087
guiding,350,8,0.794115,-0.483166,0.230000,0.947490,0.924509
guiding,350,9,0.494061,-0.483265,0.010000,0.714920,0.634940
guiding,350,10,0.194040,-0.483260,0.400000,0.551971,0.362800
guiding,350,11,-0.105901,-0.482970,0.400000,0.527764,0.200025
guiding,350,12,1.334111,-0.482971,0.400000,1.430794,1.456367
guiding,350,13,1.034116,-0.483166,0.400000,1.156077,1.159980
guiding,350,14,0.734064,-0.483265,0.400000,0.897700,0.866004
guiding,350,15,0.434044,-0.483260,0.400000,0.674844,0.578296
guiding,350,16,0.134103,-0.482970,0.400000,0.534138,0.314387
guiding,350,17,-0.164231,-0.475608,0.400000,0.549508,0.200558
guiding,350,18,1.274115,-0.483166,0.400000,1.374950,1.396992
guiding,350,19,0.974065,-0.483265,0.400000,1.102641,1.100897
guiding,350,20,0.674047,-0.483260,0.400000,0.849329,0.807733
guiding,350,21,0.374107,-0.482971,0.400000,0.638181,0.522371
guiding,350,22,0.074108,-0.483165,0.400000,0.522121,0.270946
guiding,350,23,-0.213411,-0.453781,0.400000,0.586429,0.200486
guiding,360,7,1.254111,-0.482971,0.100001,1.356508,1.377169
guiding,360,8,0.954115,-0.483166,0.230000,1.085105,1.081268
guiding,360,10,0.354040,-0.483260,0.110000,0.626390,0.504007
guiding,360,11,0.054099,-0.482970,0.400000,0.519853,0.257736
guiding,360,12,1.494111,-0.482971,0.400000,1.581040,1.615001
guiding,360,13,1.194116,-0.483166,0.400000,1.301165,1.317869
guiding,360,14,0.894064,-0.483265,0.400000,1.032650,1.022335
guiding,360,15,0.594043,-0.483260,0.400000,0.787342,0.730497
guiding,360,16,0.294103,-0.482970,0.400000,0.594825,0.449509
guiding,360,17,-0.005896,-0.483165,0.400000,0.516869,0.224945
guiding,360,18,1.434116,-0.483166,0.400000,1.524403,1.555510
guiding,360,19,1.134065,-0.483265,0.400000,1.246241,1.258563
guiding,360,20,0.834047,-0.483260,0.400000,0.981150,0.963552
guiding,360,21,0.534107,-0.482971,0.400000,0.743363,0.672972
guiding,360,22,0.234108,-0.483165,0.400000,0.567384,0.396777
guiding,360,23,-0.065947,-0.483265,0.400000,0.520926,0.204765
guiding,370,7,1.414111,-0.482971,0.100001,1.505666,1.535649
guiding,370,8,1.114115,-0.483166,0.230000,1.228157,1.238856
guiding,370,11,0.214099,-0.482970,0.210000,0.559606,0.379534
guiding,370,12,1.654112,-0.482971,0.400000,1.733033,1.773880
guiding,370,13,1.354116,-0.483166,0.400000,1.449396,1.476212
guiding,370,14,1.054064,-0.483265,0.400000,1.173910,1.179651
guiding,370,15,0.754043,-0.483260,0.400000,0.914112,0.885452
guiding,370,16,0.454103,-0.482970,0.400000,0.688135,0.597057
guiding,370,17,0.154104,-0.483165,0.400000,0.539320,0.330182
guiding,370,18,1.594116,-0.483166,0.400000,1.675805,1.714303
guiding,370,19,1.294065,-0.483265,0.400000,1.393420,1.416753
guiding,370,20,0.994047,-0.483260,0.400000,1.120334,1.120550
guiding,370,21,0.694106,-0.482971,0.400000,0.865507,0.827110
guiding,370,22,0.394108,-0.483165,0.400000,0.649953,0.540974
guiding,370,23,0.094053,-0.483265,0.400000,0.525225,0.284837
guiding,380,7,1.574112,-0.482971,0.100001,1.656849,1.694414
guiding,380,8,1.274115,-0.483166,0.230000,1.374950,1.396992
guiding,380,11,0.310099,-0.482970,0.000000,0.602894,0.463888
guiding,380,12,1.814112,-0.482971,0.400000,1.886351,1.932944
guiding,380,13,1.514117,-0.483166,0.400000,1.599896,1.634878
guiding,380,14,1.214064,-0.483265,0.400000,1.319457,1.337604
guiding,380,15,0.914043,-0.483260,0.400000,1.049997,1.041933
guiding,380,16,0.614103,-0.482970,0.370000,0.802772,0.749731
guiding,380,17,0.314104,-0.483165,0.340000,0.604797,0.467589
guiding,380,18,1.754116,-0.483166,0.400000,1.828672,1.873302
guiding,380,19,1.454065,-0.483265,0.400000,1.543153,1.575309
guiding,380,20,1.154047,-0.483260,0.400000,1.264454,1.278294
guiding,380,21,0.854106,-0.482971,0.400000,0.998407,0.983123
guiding,380,22,0.554108,-0.483165,0.400000,0.757730,0.692152
guiding,380,23,0.254053,-0.483265,0.400000,0.575811,0.414168
guiding,390,7,1.734112,-0.482971,0.100001,1.809548,1.853392
guiding,390,8,1.434116,-0.483166,0.230000,1.524403,1.555510
guiding,390,11,0.310099,-0.482970,0.000000,0.602894,0.463888
guiding,390,12,1.974112,-0.482971,0.400000,2.040695,2.092151
guiding,390,13,1.674117,-0.483166,0.400000,1.752080,1.793781
guiding,390,14,1.374065,-0.483265,0.400000,1.468015,1.495992
guiding,390,15,1.074043,-0.483260,0.400000,1.191884,1.199343
guiding,390,16,0.774103,-0.482970,0.370000,0.930889,0.904939
guiding,390,17,0.474104,-0.483165,0.040000,0.701351,0.616002
guiding,390,18,1.914117,-0.483166,0.400000,1.982665,2.032458
guiding,390,19,1.614066,-0.483265,0.400000,1.694763,1.734130
guiding,390,20,1.314047,-0.483260,0.400000,1.411999,1.436536
guiding,390,21,1.014106,-0.482971,0.400000,1.138301,1.140241
guiding,390,22,0.714108,-0.483165,0.400000,0.881515,0.846578
guiding,390,23,0.414053,-0.483265,0.400000,0.662159,0.559588
guiding,400,7,1.894112,-0.482971,0.100001,1.963411,2.012532
guiding,400,8,1.594116,-0.483166,0.230000,1.675805,1.714303
guiding,400,11,0.310099,-0.482970,0.000000,0.602894,0.463888
guiding,400,12,2.134112,-0.482971,0.400000,2.195849,2.251471
guiding,400,13,1.834117,-0.483166,0.400000,1.905546,1.952864
guiding,400,14,1.534065,-0.483265,0.400000,1.618756,1.654690
guiding,400,15,1.234043,-0.483260,0.400000,1.337865,1.357360
guiding,400,16,0.934103,-0.482970,0.370000,1.067646,1.061571
guiding,400,18,2.074117,-0.483166,0.400000,2.137540,2.191737
guiding,400,19,1.774066,-0.483265,0.400000,1.847789,1.893149
guiding,400,20,1.474048,-0.483260,0.400000,1.561998,1.595130
guiding,400,21,1.174106,-0.482971,0.400000,1.282905,1.298064
guiding,400,22,0.874108,-0.483165,0.400000,1.015471,1.002753
guiding,400,23,0.574053,-0.483265,0.140000,0.772368,0.711295
guiding,410,7,2.054113,-0.482971,0.100001,2.118183,2.171799
guiding,410,8,1.754116,-0.483166,0.230000,1.828672,1.873302
guiding,410,11,0.310099,-0.482970,0.000000,0.602894,0.463888
guiding,410,12,2.294113,-0.482971,0.400000,2.351653,2.410880
guiding,410,13,1.994118,-0.483166,0.400000,2.060006,2.112085
guiding,410,14,1.694065,-0.483265,0.400000,1.771122,1.813617
guiding,410,15,1.394043,-0.483260,0.400000,1.486734,1.515792
guiding,410,16,1.094103,-0.482970,0.370000,1.210116,1.219079
guiding,410,18,2.234117,-0.483166,0.400000,2.293120,2.351114
guiding,410,19,1.934066,-0.483265,0.400000,2.001906,2.052321
guiding,410,20,1.634048,-0.483260,0.400000,1.713807,1.753979
guiding,410,21,1.334106,-0.482971,0.400000,1.430790,1.456362
guiding,410,22,1.034107,-0.483165,0.400000,1.156069,1.159972
guiding,410,23,0.734053,-0.483265,0.140000,0.897691,0.865993
guiding,420,7,2.214113,-0.482971,0.100001,2.273679,2.331166
guiding,420,8,1.914117,-0.483166,0.230000,1.982665,2.032458
guiding,420,11,0.310099,-0.482970,0.000000,0.602894,0.463888
guiding,420,12,2.454113,-0.482971,0.400000,2.507985,2.570363
guiding,420,13,2.154118,-0.483166,0.400000,2.215252,2.271415
guiding,420,14,1.854066,-0.483265,0.400000,1.924727,1.972718
guiding,420,15,1.554044,-0.483260,0.400000,1.637703,1.674523
guiding,420,16,1.254103,-0.482970,0.370000,1.356501,1.377161
guiding,420,18,2.394118,-0.483166,0.400000,2.449269,2.510570
guiding,420,19,2.094067,-0.483265,0.400000,2.156880,2.211613
guiding,420,20,1.794048,-0.483260,0.400000,1.866984,1.913020
guiding,420,21,1.494107,-0.482971,0.400000,1.581036,1.614996
guiding,420,22,1.194108,-0.483165,0.400000,1.301158,1.317860
guiding,420,23,0.894053,-0.483265,0.140000,1.032640,1.022324
guiding,430,7,2.374113,-0.482971,0.100001,2.429760,2.490614
guiding,430,8,2.074117,-0.483166,0.230000,2.137540,2.191737
guiding,430,11,0.310099,-0.482970,0.000000,0.602894,0.463888
guiding,430,12,2.614113,-0.482971,0.400000,2.664753,2.729907
guiding,430,13,2.314118,-0.483166,0.400000,2.371131,2.430834
guiding,430,14,2.014066,-0.483265,0.400000,2.079297,2.131953
guiding,430,15,1.714044,-0.483260,0.400000,1.790242,1.833475
guiding,430,16,1.414103,-0.482970,0.370000,1.505659,1.535641
guiding,430,18,2.554118,-0.483166,0.400000,2.605885,2.670091
guiding,430,19,2.254067,-0.483265,0.400000,2.312538,2.371000
guiding,430,20,1.954049,-0.483260,0.400000,2.021219,2.072208
guiding,430,21,1.654107,-0.482971,0.400000,1.733029,1.773876
guiding,430,22,1.354108,-0.483165,0.400000,1.449389,1.476204
guiding,430,23,1.054052,-0.483265,0.140000,1.173900,1.179639
guiding,440,7,2.534114,-0.482971,0.100001,2.586320,2.650129
guiding,440,8,2.234117,-0.483166,0.230000,2.293120,2.351114
guiding,440,11,0.310099,-0.482970,0.000000,0.602894,0.463888
guiding,440,12,2.774114,-0.482971,0.400000,2.821883,2.889501
guiding,440,13,2.474119,-0.483166,0.400000,2.527525,2.590324
guiding,440,14,2.174066,-0.483265,0.400000,2.234632,2.291295
guiding,440,15,1.874044,-0.483260,0.400000,1.943981,1.992594
guiding,440,16,1.574104,-0.482970,0.370000,1.656841,1.694406
guiding,440,18,2.714118,-0.483166,0.400000,2.762889,2.829666
guiding,440,19,2.414067,-0.483265,0.400000,2.468752,2.530464
guiding,440,20,2.114049,-0.483260,0.400000,2.176286,2.231513
guiding,440,21,1.814107,-0.482971,0.400000,1.886347,1.932940
guiding,440,22,1.514108,-0.483165,0.400000,1.599888,1.634870
guiding,440,23,1.214053,-0.483265,0.140000,1.319447,1.337592
guiding,450,7,2.694114,-0.482971,0.100001,2.743277,2.809699
guiding,450,8,2.394118,-0.483166,0.230000,2.449269,2.510570
guiding,450,11,0.310099,-0.482970,0.000000,0.602894,0.463888
guiding,450,12,2.934114,-0.482971,0.400000,2.979319,3.049138
guiding,450,13,2.634119,-0.483166,0.400000,2.684344,2.749873
guiding,450,14,2.334066,-0.483265,0.400000,2.390582,2.450722
guiding,450,15,2.034045,-0.483260,0.400000,2.098656,2.151844
guiding,450,16,1.734104,-0.482970,0.370000,1.809540,1.853384
guiding,450,18,2.874119,-0.483166,0.400000,2.920218,2.989287
guiding,450,19,2.574068,-0.483265,0.400000,2.625422,2.689992
guiding,450,20,2.274049,-0.483260,0.400000,2.332021,2.390911
guiding,450,21,1.974108,-0.482971,0.400000,2.040691,2.092147
guiding,450,22,1.674109,-0.483165,0.400000,1.752073,1.793773
guiding,450,23,1.374053,-0.483265,0.140000,1.468004,1.495980
guiding,460,7,2.854114,-0.482971,0.100001,2.900567,2.969315
guiding,460,8,2.554118,-0.483166,0.230000,2.605885,2.670091
guiding,460,11,0.310099,-0.482970,0.000000,0.602894,0.463888
guiding,460,12,3.094114,-0.482971,0.400000,3.137015,3.208811
guiding,460,13,2.794119,-0.483166,0.400000,2.841517,2.909472
guiding,460,14,2.494067,-0.483265,0.400000,2.547034,2.610220
guiding,460,15,2.194045,-0.483260,0.400000,2.254075,2.311198
guiding,460,16,1.894104,-0.482970,0.370000,1.963403,2.012524
guiding,460,18,3.034119,-0.483166,0.400000,3.077823,3.148946
guiding,460,19,2.734068,-0.483265,0.400000,2.782470,2.849573
guiding,460,20,2.434049,-0.483260,0.400000,2.488296,2.550384
guiding,460,21,2.134108,-0.482971,0.400000,2.195845,2.251466
guiding,460,22,1.834109,-0.483165,0.400000,1.905538,1.952855
guiding,460,23,1.534053,-0.483265,0.140000,1.618745,1.654679
guiding,470,7,3.014115,-0.482971,0.100001,3.058138,3.128970
guiding,470,8,2.714118,-0.483166,0.230000,2.762889,2.829666
guiding,470,11,0.310099,-0.482970,0.000000,0.602894,0.463888
guiding,470,12,3.254115,-0.482971,0.400000,3.294933,3.368515
guiding,470,13,2.954120,-0.483166,0.400000,2.998990,3.069113
guiding,470,14,2.654067,-0.483265,0.400000,2.703902,2.769776
guiding,470,15,2.354045,-0.483260,0.400000,2.410093,2.470635
guiding,470,16,2.054105,-0.482970,0.370000,2.118175,2.171791
guiding,470,18,3.194119,-0.483166,0.400000,3.235663,3.308639
guiding,470,19,2.894068,-0.483265,0.400000,2.939838,3.009199
guiding,470,20,2.594050,-0.483260,0.400000,2.645017,2.709919
guiding,470,21,2.294108,-0.482971,0.400000,2.351649,2.410876
guiding,470,22,1.994109,-0.483165,0.400000,2.059998,2.112076
guiding,470,23,1.694054,-0.483265,0.140000,1.771111,1.813606
guiding,480,7,3.174115,-0.482971,0.100001,3.215949,3.288659
guiding,480,8,2.874119,-0.483166,0.230000,2.920218,2.989287
guiding,480,11,0.310099,-0.482970,0.000000,0.602894,0.463888
guiding,480,12,3.414115,-0.482971,0.400000,3.453042,3.528245
guiding,480,13,3.114120,-0.483166,0.400000,3.156717,3.228790
guiding,480,14,2.814067,-0.483265,0.400000,2.861117,2.929380
guiding,480,15,2.514046,-0.483260,0.400000,2.566602,2.630140
guiding,480,16,2.214105,-0.482970,0.370000,2.273671,2.331158
guiding,480,18,3.354120,-0.483166,0.400000,3.393705,3.468359
guiding,480,19,3.054069,-0.483265,0.400000,3.097475,3.168862
guiding,480,20,2.754050,-0.483260,0.400000,2.802109,2.869506
guiding,480,21,2.454108,-0.482971,0.400000,2.507981,2.570359
guiding,480,22,2.154110,-0.483165,0.400000,2.215244,2.271407
guiding,480,23,1.854054,-0.483265,0.140000,1.924716,1.972706
guiding,490,7,3.334115,-0.482971,0.100001,3.373966,3.448377
guiding,490,8,3.034119,-0.483166,0.230000,3.077823,3.148946
guiding,490,11,0.310099,-0.482970,0.000000,0.602894,0.463888
guiding,490,12,3.574115,-0.482971,0.400000,3.611318,3.687999
guiding,490,13,3.274120,-0.483166,0.400000,3.314662,3.388497
guiding,490,14,2.974068,-0.483265,0.400000,3.018625,3.089025
guiding,490,15,2.674046,-0.483260,0.400000,2.723516,2.789703
guiding,490,16,2.374105,-0.482970,0.370000,2.429752,2.490606
guiding,490,18,3.514120,-0.483166,0.400000,3.551923,3.628105
guiding,490,19,3.214069,-0.483265,0.400000,3.255342,3.328558
guiding,490,20,2.914050,-0.483260,0.400000,2.959512,3.029137
guiding,490,21,2.614109,-0.482971,0.400000,2.664748,2.729902
guiding,490,22,2.314110,-0.483165,0.400000,2.371123,2.430825
guiding,490,23,2.014054,-0.483265,0.140000,2.079286,2.131942
guiding,500,7,3.494116,-0.482971,0.100001,3.532161,3.608120
guiding,500,8,3.194119,-0.483166,0.230000,3.235663,3.308639
guiding,500,11,0.310099,-0.482970,0.000000,0.602894,0.463888
guiding,500,12,3.734116,-0.482971,0.400000,3.769740,3.847774
guiding,500,13,3.434121,-0.483166,0.400000,3.472795,3.548230
guiding,500,14,3.134068,-0.483265,0.400000,3.176381,3.248706
guiding,500,15,2.834046,-0.483260,0.400000,2.880770,2.949312
guiding,500,16,2.534106,-0.482970,0.370000,2.586312,2.650120
guiding,500,18,3.674120,-0.483166,0.400000,3.710293,3.787871
guiding,500,19,3.374069,-0.483265,0.400000,3.413409,3.488282
guiding,500,20,3.074051,-0.483260,0.400000,3.117179,3.188804
guiding,500,21,2.774109,-0.482971,0.400000,2.821879,2.889496
guiding,500,22,2.474110,-0.483165,0.400000,2.527517,2.590316
guiding,500,23,2.174055,-0.483265,0.140000,2.234620,2.291283
guiding,510,7,3.654116,-0.482971,0.100001,3.690512,3.767885
guiding,510,8,3.354120,-0.483166,0.230000,3.393705,3.468359
guiding,510,11,0.310099,-0.482970,0.000000,0.602894,0.463888
guiding,510,12,3.894116,-0.482971,0.400000,3.928289,4.007567
guiding,510,13,3.594121,-0.483166,0.400000,3.631091,3.707986
guiding,510,14,3.294068,-0.483265,0.400000,3.334352,3.408416
guiding,510,15,2.994047,-0.483260,0.400000,3.038311,3.108962
guiding,510,16,2.694106,-0.482970,0.370000,2.743269,2.809690
guiding,510,18,3.834121,-0.483166,0.400000,3.868798,3.947657
guiding,510,19,3.534070,-0.483265,0.400000,3.571647,3.648030
guiding,510,20,3.234051,-0.483260,0.400000,3.275074,3.348504
guiding,510,21,2.934109,-0.482971,0.400000,2.979315,3.049133
guiding,510,22,2.634111,-0.483165,0.400000,2.684335,2.749865
guiding,510,23,2.334055,-0.483265,0.140000,2.390571,2.450711
guiding,520,7,3.814116,-0.482971,0.100001,3.849000,3.927669
guiding,520,8,3.514120,-0.483166,0.230000,3.551923,3.628105
guiding,520,11,0.310099,-0.482970,0.000000,0.602894,0.463888
guiding,520,12,4.054115,-0.482971,0.400000,4.086951,4.167375
guiding,520,13,3.754121,-0.483166,0.400000,3.789531,3.867763
guiding,520,14,3.454069,-0.483265,0.400000,3.492507,3.568152
guiding,520,15,3.154047,-0.483260,0.400000,3.196096,3.268646
guiding,520,16,2.854106,-0.482970,0.370000,2.900559,2.969307
guiding,520,18,3.994121,-0.483166,0.400000,4.027421,4.107460
guiding,520,19,3.694070,-0.483265,0.400000,3.730036,3.807799
guiding,520,20,3.394051,-0.483260,0.400000,3.433162,3.508231
guiding,520,21,3.094110,-0.482971,0.400000,3.137011,3.208806
guiding,520,22,2.794111,-0.483165,0.400000,2.841509,2.909464
guiding,520,23,2.494055,-0.483265,0.140000,2.547023,2.610209
guiding,530,7,3.974117,-0.482971,0.100001,4.007608,4.087470
guiding,530,8,3.674120,-0.483166,0.230000,3.710293,3.787871
guiding,530,11,0.310099,-0.482970,0.000000,0.602894,0.463888
guiding,530,12,4.214113,-0.482971,0.400000,4.245712,4.327195
guiding,530,13,3.914122,-0.483166,0.400000,3.948097,4.027557
guiding,530,14,3.614069,-0.483265,0.400000,3.650823,3.727911
guiding,530,15,3.314047,-0.483260,0.400000,3.354091,3.428360
guiding,530,16,3.014107,-0.482970,0.370000,3.058130,3.128962
guiding,530,18,4.154119,-0.483166,0.400000,4.186147,4.267275
guiding,530,19,3.854070,-0.483265,0.400000,3.888556,3.967586
guiding,530,20,3.554052,-0.483260,0.400000,3.591421,3.667981
guiding,530,21,3.254110,-0.482971,0.400000,3.294928,3.368510
guiding,530,22,2.954111,-0.483165,0.400000,2.998982,3.069105
guiding,530,23,2.654056,-0.483265,0.140000,2.703891,2.769765
guiding,540,7,4.134115,-0.482971,0.100001,4.166320,4.247283
guiding,540,8,3.834121,-0.483166,0.230000,3.868798,3.947657
guiding,540,11,0.310099,-0.482970,0.000000,0.602894,0.463888
guiding,540,12,4.374111,-0.482971,0.400000,4.404562,4.487028
guiding,540,13,4.074121,-0.483166,0.400000,4.106772,4.187366
guiding,540,14,3.774069,-0.483265,0.400000,3.809280,3.887690
guiding,540,15,3.474048,-0.483260,0.400000,3.512268,3.588099
guiding,540,16,3.174107,-0.482970,0.370000,3.215941,3.288651
guiding,540,18,4.314117,-0.483166,0.400000,4.344965,4.427103
guiding,540,19,4.014071,-0.483265,0.400000,4.047194,4.127390
guiding,540,20,3.714052,-0.483260,0.400000,3.749827,3.827753
guiding,540,21,3.414110,-0.482971,0.400000,3.453038,3.528241
guiding,540,22,3.114112,-0.483165,0.400000,3.156709,3.228781
guiding,540,23,2.814056,-0.483265,0.140000,2.861106,2.929369
guiding,550,7,4.294113,-0.482971,0.100001,4.325127,4.407110
guiding,550,8,3.994121,-0.483166,0.230000,4.027421,4.107460
guiding,550,11,0.310099,-0.482970,0.000000,0.602894,0.463888
guiding,550,12,4.534109,-0.482971,0.400000,4.563493,4.646872
guiding,550,13,4.234119,-0.483166,0.400000,4.265546,4.347188
guiding,550,14,3.934070,-0.483265,0.400000,3.967861,4.047486
guiding,550,15,3.634048,-0.483260,0.400000,3.670603,3.747861
guiding,550,16,3.334107,-0.482970,0.370000,3.373958,3.448369
guiding,550,18,4.474115,-0.483166,0.400000,4.503868,4.586943
guiding,550,19,4.174068,-0.483265,0.400000,4.205932,4.287207
guiding,550,20,3.874052,-0.483260,0.400000,3.908363,3.987543
guiding,550,21,3.574111,-0.482971,0.400000,3.611314,3.687995
guiding,550,22,3.274112,-0.483165,0.400000,3.314653,3.388488
guiding,550,23,2.974056,-0.483265,0.140000,3.018613,3.089014
guiding,560,7,4.454111,-0.482971,0.100001,4.484018,4.566949
guiding,560,8,4.154119,-0.483166,0.230000,4.186147,4.267275
guiding,560,11,0.310099,-0.482970,0.000000,0.602894,0.463888
guiding,560,12,4.694107,-0.482971,0.400000,4.722495,4.806727
guiding,560,13,4.394117,-0.483166,0.400000,4.424407,4.507022
guiding,560,14,4.094069,-0.483265,0.400000,4.126550,4.207296
guiding,560,15,3.794048,-0.483260,0.400000,3.829076,3.907642
guiding,560,16,3.494107,-0.482970,0.370000,3.532153,3.608112
guiding,560,18,4.634113,-0.483166,0.400000,4.662845,4.746793
guiding,560,19,4.334066,-0.483265,0.400000,4.364762,4.447036
guiding,560,20,4.034052,-0.483260,0.400000,4.067013,4.147348
guiding,560,21,3.734111,-0.482971,0.400000,3.769735,3.847769
guiding,560,22,3.434112,-0.483165,0.400000,3.472786,3.548222
guiding,560,23,3.134057,-0.483265,0.140000,3.176370,3.248694
guiding,570,7,4.614109,-0.482971,0.100001,4.642986,4.726799
guiding,570,8,4.314117,-0.483166,0.230000,4.344965,4.427103
guiding,570,11,0.310099,-0.482970,0.000000,0.602894,0.463888
guiding,570,12,4.854105,-0.482971,0.400000,4.881563,4.966591
guiding,570,13,4.554115,-0.483166,0.400000,4.583348,4.666868
guiding,570,14,4.254066,-0.483265,0.400000,4.285335,4.367119
guiding,570,15,3.954049,-0.483260,0.400000,3.987671,4.067440
guiding,570,16,3.654108,-0.482970,0.370000,3.690505,3.767877
guiding,570,18,4.794111,-0.483166,0.400000,4.821889,4.906653
guiding,570,19,4.494064,-0.483265,0.400000,4.523674,4.606878
guiding,570,20,4.194050,-0.483260,0.400000,4.225763,4.307167
guiding,570,21,3.894111,-0.482971,0.400000,3.928285,4.007562
guiding,570,22,3.594113,-0.483165,0.400000,3.631083,3.707978
guiding,570,23,3.294057,-0.483265,0.140000,3.334340,3.408404
guiding,580,7,4.774107,-0.482971,0.100001,4.802022,4.886658
guiding,580,8,4.474115,-0.483166,0.230000,4.503868,4.586943
guiding,580,11,0.310099,-0.482970,0.000000,0.602894,0.463888
guiding,580,12,5.014103,-0.482971,0.400000,5.040689,5.126463
guiding,580,13,4.714113,-0.483166,0.400000,4.742360,4.826723
guiding,580,14,4.414064,-0.483265,0.400000,4.444207,4.526955
guiding,580,15,4.114047,-0.483260,0.400000,4.146372,4.227252
guiding,580,16,3.814108,-0.482970,0.370000,3.848992,3.927661
guiding,580,18,4.954109,-0.483166,0.400000,4.980995,5.066523
guiding,580,19,4.654062,-0.483265,0.400000,4.682661,4.766729
guiding,580,20,4.354048,-0.483260,0.400000,4.384604,4.466998
guiding,580,21,4.054111,-0.482971,0.400000,4.086947,4.167370
guiding,580,22,3.754113,-0.483165,0.400000,3.789523,3.867755
guiding,580,23,3.454057,-0.483265,0.140000,3.492496,3.568141
guiding,590,7,4.934104,-0.482971,0.100001,4.961120,5.046526
guiding,590,8,4.634113,-0.483166,0.230000,4.662845,4.746793
guiding,590,11,0.310099,-0.482970,0.000000,0.602894,0.463888
guiding,590,12,5.174101,-0.482971,0.400000,5.199869,5.286343
guiding,590,13,4.874111,-0.483166,0.400000,4.901436,4.986588
guiding,590,14,4.574062,-0.483265,0.400000,4.603158,4.686801
guiding,590,15,4.274045,-0.483260,0.400000,4.305169,4.387076
guiding,590,16,3.974108,-0.482970,0.370000,4.007600,4.087461
guiding,590,18,5.114107,-0.483166,0.400000,5.140156,5.226399
guiding,590,19,4.814060,-0.483265,0.400000,4.841713,4.926590
guiding,590,20,4.514046,-0.483260,0.400000,4.543526,4.626840
guiding,590,21,4.214109,-0.482971,0.400000,4.245708,4.327190
guiding,590,22,3.914113,-0.483165,0.400000,3.948088,4.027549
guiding,590,23,3.614058,-0.483265,0.140000,3.650812,3.727899
guiding,600,7,5.094102,-0.482971,0.100001,5.120273,5.206402
guiding,600,8,4.794111,-0.483166,0.230000,4.821889,4.906653
guiding,600,11,0.310099,-0.482970,0.000000,0.602894,0.463888
guiding,600,12,5.334099,-0.482971,0.400000,5.359098,5.446229
guiding,600,13,5.034109,-0.483166,0.400000,5.060570,5.146461
guiding,600,14,4.734060,-0.483265,0.400000,4.762178,4.846658
guiding,600,15,4.434043,-0.483260,0.400000,4.464052,4.546914
guiding,600,16,4.134107,-0.482970,0.370000,4.166312,4.247275
guiding,600,18,5.274105,-0.483166,0.400000,5.299367,5.386283
guiding,600,19,4.974058,-0.483265,0.400000,5.000827,5.086461
guiding,600,20,4.674044,-0.483260,0.400000,4.702521,4.786693
guiding,600,21,4.374107,-0.482971,0.400000,4.404558,4.487023
guiding,600,22,4.074112,-0.483165,0.400000,4.106764,4.187358
guiding,600,23,3.774058,-0.483265,0.140000,3.809269,3.887678
guiding,610,7,5.254100,-0.482971,0.100001,5.279478,5.366286
guiding,610,8,4.954109,-0.483166,0.230000,4.980995,5.066523
guiding,610,11,0.310099,-0.482970,0.000000,0.602894,0.463888
guiding,610,12,5.494097,-0.482971,0.400000,5.518371,5.606122
guiding,610,13,5.194107,-0.483166,0.400000,5.219757,5.306342
guiding,610,14,4.894058,-0.483265,0.400000,4.921262,5.006524
guiding,610,15,4.594041,-0.483260,0.400000,4.623011,4.706761
guiding,610,16,4.294105,-0.482970,0.370000,4.325119,4.407102
guiding,610,18,5.434103,-0.483166,0.400000,5.458625,5.546174
guiding,610,19,5.134056,-0.483265,0.400000,5.159995,5.246338
guiding,610,20,4.834042,-0.483260,0.400000,4.861582,4.946555
guiding,610,21,4.534105,-0.482971,0.400000,4.563488,4.646868
guiding,610,22,4.234110,-0.483165,0.400000,4.265537,4.347179
guiding,610,23,3.934058,-0.483265,0.140000,3.967849,4.047474
guiding,620,7,5.414098,-0.482971,0.100001,5.438730,5.526175
guiding,620,8,5.114107,-0.483166,0.230000,5.140156,5.226399
guiding,620,11,0.310099,-0.482970,0.000000,0.602894,0.463888
guiding,620,12,5.654095,-0.482971,0.400000,5.677685,5.766021
guiding,620,13,5.354105,-0.483166,0.400000,5.378992,5.466229
guiding,620,14,5.054056,-0.483265,0.400000,5.080403,5.166397
guiding,620,15,4.754039,-0.483260,0.400000,4.782040,4.866619
guiding,620,16,4.454103,-0.482970,0.370000,4.484010,4.566941
guiding,620,18,5.594100,-0.483166,0.400000,5.617925,5.706070
guiding,620,19,5.294054,-0.483265,0.400000,5.319212,5.406223
guiding,620,20,4.994040,-0.483260,0.400000,5.020702,5.106426
guiding,620,21,4.694103,-0.482971,0.400000,4.722491,4.806723
guiding,620,22,4.394108,-0.483165,0.400000,4.424399,4.507014
guiding,620,23,4.094057,-0.483265,0.140000,4.126538,4.207284
guiding,630,7,5.574096,-0.482971,0.100001,5.598023,5.686072
guiding,630,8,5.274105,-0.483166,0.230000,5.299367,5.386283
guiding,630,11,0.310099,-0.482970,0.000000,0.602894,0.463888
guiding,630,12,5.814093,-0.482971,0.400000,5.837036,5.925926
guiding,630,13,5.514102,-0.483166,0.400000,5.538271,5.626122
guiding,630,14,5.214054,-0.483265,0.400000,5.239597,5.326279
guiding,630,15,4.914037,-0.483260,0.400000,4.941131,5.026486
guiding,630,16,4.614100,-0.482970,0.370000,4.642978,4.726790
guiding,630,18,5.754098,-0.483166,0.400000,5.777263,5.865973
guiding,630,19,5.454052,-0.483265,0.400000,5.478476,5.566114
guiding,630,20,5.154037,-0.483260,0.400000,5.179877,5.266304
guiding,630,21,4.854101,-0.482971,0.400000,4.881558,4.966586
guiding,630,22,4.554106,-0.483165,0.400000,4.583340,4.666859
guiding,630,23,4.254055,-0.483265,0.140000,4.285324,4.367108
guiding,640,7,5.734094,-0.482971,0.100001,5.757357,5.845973
guiding,640,8,5.434103,-0.483166,0.230000,5.458625,5.546174
guiding,640,11,0.310099,-0.482970,0.000000,0.602894,0.463888
guiding,640,12,5.974091,-0.482971,0.400000,5.996422,6.085835
guiding,640,13,5.674100,-0.483166,0.400000,5.697590,5.786022
guiding,640,14,5.374052,-0.483265,0.400000,5.398838,5.486166
guiding,640,15,5.074035,-0.483260,0.400000,5.100279,5.186361
guiding,640,16,4.774098,-0.482970,0.370000,4.802014,4.886650
guiding,640,18,5.914096,-0.483166,0.400000,5.936636,6.025880
guiding,640,19,5.614050,-0.483265,0.400000,5.637781,5.726011
guiding,640,20,5.314035,-0.483260,0.400000,5.339100,5.426190
guiding,640,21,5.014099,-0.482971,0.400000,5.040685,5.126459
guiding,640,22,4.714104,-0.483165,0.400000,4.742352,4.826715
guiding,640,23,4.414053,-0.483265,0.140000,4.444196,4.526943
